show_id,category,win,year
1,Outstanding Documentary or Nonfiction Series,True,2017
1,Outstanding Cinematography for a Nonfiction Program,True,2017
1,Outstanding Sound Mixing for a Nonfiction Program (Single or Multi-Camera),False,2017
1,Outstanding Sound Editing for a Nonfiction Program (Single or Multi-Camera),False,2017
1,Outstanding Directing for a Nonfiction Program,False,2017
1,Outstanding Picture Editing for a Nonfiction Program,False,2017
1,Outstanding Music Composition for a Series (Original Dramatic Score),False,2017
2,OUTSTANDING INDIVIDUAL ACHIEVEMENT IN DIRECTING IN A DRAMA series,True,1993
2,OUTSTANDING individual achievement in WRITING IN A DRAMA SERIES,True,1993
2,Outstanding Guest Actress In A Drama Series,False,1993
2,OUTSTANDING INDIVIDUAL ACHIEVEMENT IN GRAPHIC DESIGN AND title sequences,False,1993
2,Outstanding Guest Actor In A Drama Series,False,1994
2,OUTSTANDING CASTING FOR A SERIES,False,1996
2,OUTSTANDING LEAD ACTOR FOR A DRAMA SERIES,False,1996
2,OUTSTANDING GUEST ACTRESS FOR A DRAMA SERIES,False,1996
2,OUTSTANDING CASTING FOR A SERIES,False,1997
2,Outstanding Guest Actress In A Drama Series,False,1997
2,Outstanding Lead Actor In A Drama Series,True,1998
2,OUTSTANDING CASTING FOR A SERIES,True,1998
2,Outstanding Writing for a Drama Series,False,1998
2,Outstanding Guest Actor In A Drama Series,False,1998
2,Outstanding Guest Actress In A Drama Series,False,1998
3,Outstanding Lead Actor In A Comedy Series,False,1993
3,OUTSTANDING individual achievement in WRITING IN A COMEDY SERIES,False,1993
3,Outstanding Supporting Actor In A Comedy Series,False,1993
3,Outstanding Comedy Series,False,1993
3,Outstanding Guest Actor In A Comedy Series,False,1993
3,Outstanding Guest Actress In A Comedy Series,False,1993
3,OUTSTANDING individual achievement in WRITING IN A COMEDY SERIES,False,1994
3,OUTSTANDING INDIVIDUAL ACHIEVEMENT IN DIRECTING IN A comedy series,False,1994
3,Outstanding Comedy Series,False,1994
3,Outstanding Supporting Actor In A Comedy Series,False,1994
3,Outstanding Lead Actor In A Comedy Series,False,1995
3,Outstanding Comedy Series,False,1995
3,Outstanding Supporting Actor In A Comedy Series,False,1995
3,OUTSTANDING INDIVIDUAL ACHIEVEMENT IN DIRECTING IN A comedy series,False,1995
3,OUTSTANDING individual achievement in WRITING IN A COMEDY SERIES,False,1995
3,OUTSTANDING SUPPORTING ACTOR FOR A COMEDY SERIES,True,1996
3,Outstanding Supporting Actress In A Comedy Series,False,1996
3,OUTSTANDING GUEST ACTOR for A COMEDY SERIES,False,1996
3,OUTSTANDING LEAD ACTOR FOR A COMEDY SERIES,False,1996
3,OUTSTANDING GUEST ACTRESS FOR A COMEDY SERIES,False,1996
3,Outstanding Comedy Series,False,1996
3,Outstanding Directing For A Comedy Series,False,1996
3,Outstanding Writing for a Comedy Series,False,1996
3,Outstanding Directing For A Comedy Series,False,1997
3,Outstanding Writing for a Comedy Series,False,1997
3,Outstanding Guest Actor In A Comedy Series,False,1997
3,Outstanding Guest Actress In A Comedy Series,False,1997
3,Outstanding Supporting Actor In A Comedy Series,False,1997
3,Outstanding Supporting Actress In A Comedy Series,False,1997
3,Outstanding Comedy Series,False,1997
3,OUTSTANDING LIGHTING DIRECTION (ELECTRONIC) FOR A COMEDY SERIES,False,1997
3,Outstanding Lead Actor In A Comedy Series,False,1997
3,OUTSTANDING SOUND MIXING FOR A COMEDY SERIES OR A SPECIAL,False,1997
3,Outstanding Multi-camera Picture Editing For A Series,False,1997
3,Outstanding Writing for a Comedy Series,True,1998
3,Outstanding Directing For A Comedy Series,True,1998
3,OUTSTANDING LIGHTING DIRECTION (ELECTRONIC) FOR A COMEDY SERIES,False,1998
3,Outstanding Multi-camera Picture Editing For A Series,False,1998
3,OUTSTANDING SOUND MIXING FOR A COMEDY SERIES OR A SPECIAL,False,1998
3,Outstanding Supporting Actor In A Comedy Series,False,1998
3,Outstanding Lead Actor In A Comedy Series,False,1998
3,Outstanding Comedy Series,False,1998
4,Outstanding Directing for a Nonfiction Program,True,2017
4,Outstanding Picture Editing for a Nonfiction Program,True,2017
4,Outstanding Sound Mixing for a Nonfiction Program (Single or Multi-Camera),False,2017
4,Exceptional Merit in Documentary Filmmaking,False,2017
4,Outstanding Cinematography for a Nonfiction Program,False,2017
4,"Outstanding Music Composition for a Limited Series, Movie, or Special (Original Dramatic Score)",False,2017
5,Outstanding Lead Actress In A Drama Series,True,1999
5,Outstanding Writing for a Drama Series,True,1999
5,OUTSTANDING CASTING FOR A SERIES,True,1999
5,OUTSTANDING SINGLE-CAMERA PICTURE EDITING FOR A SERIES,True,1999
5,OUTSTANDING SOUND MIXING FOR A DRAMA SERIES,False,1999
5,Outstanding Sound Editing For A Series,False,1999
5,OUTSTANDING ART DIRECTION FOR A SERIES,False,1999
5,Outstanding Supporting Actress In A Drama Series,False,1999
5,Outstanding Lead Actor In A Drama Series,False,1999
5,Outstanding Drama Series,False,1999
5,Outstanding Directing For A Drama Series,False,1999
5,Outstanding Guest Actor In A Drama Series,False,1999
5,Outstanding Lead Actor In A Drama Series,True,2000
5,Outstanding Drama Series,False,2000
5,Outstanding Directing For A Drama Series,False,2000
5,Outstanding Writing for a Drama Series,False,2000
5,Outstanding Supporting Actor In A Drama Series,False,2000
5,Outstanding Supporting Actress In A Drama Series,False,2000
5,Outstanding Lead Actress In A Drama Series,False,2000
5,Outstanding Art Direction For A Single-Camera Series,False,2000
5,OUTSTANDING SOUND MIXING FOR A DRAMA SERIES,False,2000
5,Outstanding Hairstyling For A Series,False,2000
5,Outstanding Costumes For A Series,False,2000
5,Outstanding Cinematography For A Single-camera Series,False,2000
5,Outstanding Casting For A Drama Series,False,2000
5,OUTSTANDING SINGLE-CAMERA PICTURE EDITING FOR A SERIES,False,2000
5,Outstanding Lead Actor In A Drama Series,True,2001
5,Outstanding Lead Actress In A Drama Series,True,2001
5,OUTSTANDING MAKEUP FOR A SERIES,True,2001
5,Outstanding Writing for a Drama Series,True,2001
5,Outstanding Costumes For A Series,False,2001
5,Outstanding Art Direction For A Single-Camera Series,False,2001
5,Outstanding Casting For A Drama Series,False,2001
5,Outstanding Guest Actress In A Drama Series,False,2001
5,Outstanding Supporting Actor In A Drama Series,False,2001
5,Outstanding Supporting Actress In A Drama Series,False,2001
5,Outstanding Directing For A Drama Series,False,2001
5,Outstanding Drama Series,False,2001
5,Outstanding Single-Camera Sound Mixing For A Series,False,2001
5,OUTSTANDING SINGLE-CAMERA PICTURE EDITING FOR A SERIES,False,2001
5,Outstanding Writing for a Drama Series,True,2003
5,Outstanding Supporting Actor In A Drama Series,True,2003
5,Outstanding Lead Actor In A Drama Series,True,2003
5,Outstanding Lead Actress In A Drama Series,True,2003
5,Outstanding Drama Series,False,2003
5,Outstanding Directing For A Drama Series,False,2003
5,Outstanding Single-Camera Sound Mixing For A Series,False,2003
5,Outstanding Single-Camera Picture Editing For A Drama Series,False,2003
5,Outstanding Casting For A Drama Series,False,2003
5,Outstanding Supporting Actress In A Drama Series,True,2004
5,Outstanding Writing for a Drama Series,True,2004
5,Outstanding Drama Series,True,2004
5,Outstanding Supporting Actor In A Drama Series,True,2004
5,Outstanding Directing For A Drama Series,False,2004
5,Outstanding Lead Actor In A Drama Series,False,2004
5,Outstanding Lead Actress In A Drama Series,False,2004
5,Outstanding Art Direction For A Single-Camera Series,False,2004
5,Outstanding Casting For A Drama Series,False,2004
5,Outstanding Cinematography For A Single-camera Series,False,2004
5,Outstanding Costumes For A Series,False,2004
5,Outstanding Single-Camera Sound Mixing For A Series,False,2004
5,Outstanding Single-Camera Picture Editing For A Drama Series,False,2004
5,Outstanding Writing for a Drama Series,True,2006
5,Outstanding Supporting Actor In A Drama Series,False,2006
5,Outstanding Drama Series,False,2006
5,Outstanding Directing For A Drama Series,False,2006
5,Outstanding Cinematography For A Single-camera Series,False,2006
5,Outstanding Costumes For A Series,False,2006
5,Outstanding Writing for a Drama Series,True,2007
5,Outstanding Drama Series,True,2007
5,Outstanding Directing For A Drama Series,True,2007
5,Outstanding Sound Mixing For A Comedy Or Drama Series (one-hour),False,2007
5,Outstanding Single-Camera Picture Editing For A Drama Series,False,2007
5,Outstanding Cinematography For A Single-camera Series,False,2007
5,Outstanding Guest Actor In A Drama Series,False,2007
5,Outstanding Supporting Actor In A Drama Series,False,2007
5,Outstanding Supporting Actress In A Drama Series,False,2007
5,Outstanding Lead Actor In A Drama Series,False,2007
5,Outstanding Lead Actress In A Drama Series,False,2007
6,Outstanding Individual Achievement In Animation,True,2003
6,Outstanding Animated Program (for programming less than one hour),True,2004
6,Outstanding Individual Achievement In Animation,True,2005
6,Outstanding Animated Program (for programming less than one hour),False,2005
6,Outstanding Individual Achievement In Animation (Juried),True,2017
7,Outstanding Lead Actor in a Comedy Series,True,2017
7,Outstanding Directing for a Comedy Series,True,2017
7,Outstanding Writing for a Comedy Series,False,2017
7,Outstanding Comedy Series,False,2017
7,Outstanding Casting for a Comedy Series,False,2017
7,Outstanding Guest Actor In A Comedy Series,True,2018
7,Outstanding Sound Editing For A Comedy Or Drama Series (Half-Hour) And Animation,True,2018
7,Outstanding Cinematography For A Single-Camera Series (Half-Hour),True,2018
7,Outstanding Directing For A Comedy Series,False,2018
7,Outstanding Single-Camera Picture Editing For A Comedy Series,False,2018
7,Outstanding Casting For A Comedy Series,False,2018
7,Outstanding Production Design For A Narrative Program (Half-Hour Or Less),False,2018
7,Outstanding Music Supervision,False,2018
7,Outstanding Supporting Actor In A Comedy Series,False,2018
7,Outstanding Lead Actor In A Comedy Series,False,2018
7,Outstanding Supporting Actress In A Comedy Series,False,2018
7,Outstanding Writing For A Comedy Series,False,2018
7,Outstanding Comedy Series,False,2018
8,SPECIAL CLASSIFICATION OF OUTSTANDING INDIVIDUAL achievement,True,1978
9,Outstanding Comedy Series,True,2019
9,Outstanding Casting For A Comedy Series,True,2019
9,Outstanding Single-Camera Picture Editing For A Comedy Series,True,2019
9,Outstanding Lead Actress In A Comedy Series,True,2019
9,Outstanding Directing For A Comedy Series,True,2019
9,Outstanding Writing For A Comedy Series,True,2019
9,Outstanding Cinematography For A Single-Camera Series (Half-Hour) ,False,2019
9,Outstanding Guest Actress In A Comedy Series,False,2019
9,Outstanding Supporting Actress In A Comedy Series,False,2019
10,Outstanding Lead Actress In A Drama Series,False,1995
10,OUTSTANDING INDIVIDUAL ACHIEVEMENT IN main title theme music,False,1995
10,OUTSTANDING INDIVIDUAL ACHIEVEMENT IN DIRECTING IN A DRAMA,False,1995
10,OUTSTANDING individual achievement in WRITING IN A DRAMA SERIES,False,1995
11,Outstanding Nonfiction Series,True,2012
11,Outstanding Cinematography For Nonfiction Programming,True,2012
11,Outstanding Sound Editing For Nonfiction Programming (Single Or Multi-Camera),True,2012
11,Outstanding Picture Editing For Nonfiction Programming,True,2012
11,Outstanding Sound Mixing For Nonfiction Programming,False,2012
12,Outstanding Documentary Or Nonfiction Special,True,2018
12,Outstanding Directing For A Documentary/Nonfiction Program,False,2018
12,Outstanding Picture Editing For A Nonfiction Program,False,2018
13,Outstanding Sound Mixing for a Limited Series or Movie,True,2017
13,"Outstanding Sound Editing for a Limited Series, Movie or Special",True,2017
13,Television Academy Honors,True,2017
13,Outstanding Lead Actor in a Limited Series or Movie,True,2017
13,Outstanding Cinematography for a Limited Series or Movie,True,2017
13,Outstanding Single-Camera Picture Editing for a Limited Series or Movie,True,2017
13,"Outstanding Writing for a Limited Series, Movie, or Dramatic Special",False,2017
13,Outstanding Limited Series,False,2017
13,Outstanding Supporting Actor in a Limited Series or Movie,False,2017
13,"Outstanding Casting for a Limited Series, Movie, or Special",False,2017
13,"Outstanding Directing for a Limited Series, Movie, or Dramatic Special",False,2017
14,OUTSTANDING WRITING FOR A MINISERIES OR A MOVIE,True,2000
14,Outstanding Miniseries,True,2000
14,"OUTSTANDING DIRECTING FOR A MINISERIES, MOVIE OR A SPECIAL",True,2000
14,"Outstanding Casting For A Miniseries, Movie Or A Special",False,2000
15,Outstanding Directing For A Documentary/Nonfiction Program,False,2018
15,Outstanding Sound Mixing For A Nonfiction Program (Single or Multi-Camera),False,2018
15,Outstanding Writing For A Nonfiction Program,False,2018
15,Outstanding Sound Editing For A Nonfiction Program (Single Or Multi-Camera),False,2018
16,"Outstanding Writing For A Limited Series, Movie Or A Dramatic Special",True,2015
16,Outstanding Lead Actor In A Limited Series Or A Movie,True,2015
16,Outstanding Lead Actress In A Limited Series Or A Movie,True,2015
16,Outstanding Limited Series,True,2015
16,Outstanding Supporting Actor In A Limited Series Or A Movie,True,2015
16,Outstanding Single-Camera Picture Editing For A Limited Series Or A Movie,True,2015
16,"Outstanding Casting For A Limited Series, Movie Or A Special",True,2015
16,"Outstanding Directing For A Limited Series, Movie Or A Dramatic Special",True,2015
16,"Outstanding Costumes For A Contemporary Series, Limited Series or Movie",False,2015
16,Outstanding Supporting Actress In A Limited Series Or A Movie,False,2015
16,Outstanding Hairstyling For A Limited Series Or A Movie,False,2015
16,Outstanding Main Title Design,False,2015
16,Outstanding Makeup For A Limited Series Or A Movie (Non-Prosthetic),False,2015
17,OUTSTANDING MAIN TITLE THEME MUSIC,False,2003
18,Outstanding Writing for a Drama Series,False,2005
18,Outstanding Writing for a Drama Series,False,2008
19,OUTSTANDING ART DIRECTION FOR A SERIES,True,1996
19,OUTSTANDING MAIN TITLE THEME MUSIC,True,1996
19,OUTSTANDING SUPPORTING ACTRESS FOR A DRAMA SERIES,False,1996
19,OUTSTANDING SUPPORTING ACTOR FOR A DRAMA SERIES,False,1996
19,OUTSTANDING CINEMATOGRAPHY FOR A SERIES,False,1996
19,Outstanding Directing For A Drama Series,False,1996
19,Outstanding Writing for a Drama Series,False,1996
19,Outstanding Guest Actor In A Drama Series,True,1997
20,Outstanding Original Main Title Theme Music,False,2013
20,Outstanding Guest Actress In A Drama Series,False,2013
20,Outstanding Guest Actress In A Drama Series,False,2014
20,Outstanding Guest Actress In A Drama Series,True,2015
20,Outstanding Writing For A Drama Series,False,2015
20,Outstanding Guest Actress In A Drama Series,True,2016
20,Outstanding Lead Actress In A Drama Series,False,2016
20,Outstanding Lead Actor In A Drama Series,False,2016
20,Outstanding Writing For A Drama Series,False,2016
20,Outstanding Drama Series,False,2016
20,Outstanding Writing for a Drama Series,False,2017
20,Outstanding Guest Actress in a Drama Series,False,2017
20,Outstanding Lead Actress in a Drama Series,False,2017
20,Outstanding Lead Actor in a Drama Series,False,2017
20,Outstanding Lead Actor In A Drama Series,True,2018
20,Outstanding Writing For A Drama Series,True,2018
20,Outstanding Lead Actress In A Drama Series,False,2018
20,Outstanding Drama Series,False,2018
21,Outstanding Lead Actor In A Drama Series,True,2002
21,Outstanding Writing for a Drama Series,False,2002
21,Outstanding Directing For A Drama Series,False,2002
21,Outstanding Lead Actor In A Drama Series,False,2003
21,Outstanding Lead Actress In A Drama Series,False,2005
21,Outstanding Supporting Actress In A Drama Series,False,2005
22,Outstanding Cinematography For A Single-camera Series,False,2006
22,Outstanding Costumes For A Series,False,2006
22,Outstanding Cinematography For A Half-Hour Series,False,2009
23,Outstanding Narrator,True,2015
23,Outstanding Writing For Nonfiction Programming,False,2015
23,Outstanding Documentary Or Nonfiction Series,False,2015
24,Outstanding Lead Actor In A Miniseries Or A Movie,False,2007
24,Outstanding Supporting Actress In A Miniseries Or A Movie,False,2007
24,"Outstanding Music Composition For A Miniseries, Movie Or A Special (Original Dramatic Score)",False,2007
24,Outstanding Made For Television Movie,False,2007
24,"Outstanding Costumes For A Miniseries, Movie Or A Special",False,2007
25,Outstanding Lead Actress in a Comedy Series,False,2017
25,Outstanding Lead Actress In A Comedy Series,False,2018
26,OUTSTANDING INDIVIDUAL ACHIEVEMENT IN DIRECTING IN A comedy series,False,1992
26,OUTSTANDING INDIVIDUAL ACHIEVEMENT IN COSTUME DESIGN FOR A series,False,1992
26,Outstanding Comedy Series,False,1992
26,OUTSTANDING individual achievement in SOUND MIXING FOR A COMEDY SERIES OR A SPECIAL,False,1992
26,OUTSTANDING INDIVIDUAL ACHIEVEMENT IN main title theme music,False,1992
26,Outstanding Individual Achievement In Graphic Design And Title Sequences,False,1992
26,OUTSTANDING INDIVIDUAL ACHIEVEMENT IN EDITING FOR A series - single-camera production,False,1992
26,Outstanding Lead Actress In A Comedy Series,False,1992
26,Outstanding Lead Actress In A Comedy Series,False,1993
26,OUTSTANDING individual achievement in SOUND MIXING FOR A COMEDY SERIES OR A SPECIAL,False,1993
26,Outstanding Guest Actor In A Comedy Series,False,1993
26,OUTSTANDING INDIVIDUAL ACHIEVEMENT IN EDITING FOR A series - single-camera production,False,1993
27,Outstanding Casting For A Comedy Series,True,2000
27,Outstanding Writing for a Comedy Series,False,2000
27,Outstanding Writing for a Comedy Series,False,2001
28,Outstanding Lead Actor In A Comedy Series,True,2018
28,Outstanding Sound Mixing For A Comedy Or Drama Series (Half-Hour) And Animation,True,2018
28,Outstanding Supporting Actor In A Comedy Series,True,2018
28,Outstanding Directing For A Comedy Series,False,2018
28,Outstanding Casting For A Comedy Series,False,2018
28,Outstanding Production Design For A Narrative Program (Half-Hour Or Less),False,2018
28,Outstanding Single-Camera Picture Editing For A Comedy Series,False,2018
28,Outstanding Sound Editing For A Comedy Or Drama Series (Half-Hour) And Animation,False,2018
28,Outstanding Cinematography For A Single-Camera Series (Half-Hour),False,2018
28,Outstanding Writing For A Comedy Series,False,2018
28,Outstanding Comedy Series,False,2018
28,Outstanding Sound Mixing For A Comedy Or Drama Series (Half-Hour) And Animation,True,2019
28,Outstanding Sound Editing For A Comedy Or Drama Series (Half-Hour) And Animation,True,2019
28,Outstanding Lead Actor In A Comedy Series,True,2019
28,Outstanding Writing For A Comedy Series,False,2019
28,Outstanding Stunt Coordination For A Comedy Series Or Variety Program,False,2019
28,Outstanding Supporting Actor In A Comedy Series,False,2019
28,Outstanding Comedy Series,False,2019
28,Outstanding Single-Camera Picture Editing For A Comedy Series,False,2019
28,Outstanding Casting For A Comedy Series,False,2019
28,Outstanding Production Design For A Narrative Program (Half-Hour),False,2019
28,Outstanding Directing For A Comedy Series,False,2019
28,Outstanding Music Composition For A Series (Original Dramatic Score),False,2019
28,Outstanding Supporting Actress In A Comedy Series,False,2019
29,Outstanding Writing for a Comedy Series,True,2000
29,Outstanding Directing For A Comedy Series,True,2000
29,Outstanding Guest Actress In A Comedy Series,False,2000
29,Outstanding Lead Actress In A Comedy Series,False,2000
29,Outstanding Casting For A Comedy Series,False,2000
29,Outstanding Directing For A Comedy Series,True,2001
29,Outstanding Writing for a Comedy Series,True,2001
29,Outstanding Guest Actor In A Comedy Series,False,2001
29,Outstanding Guest Actress In A Comedy Series,False,2001
29,Outstanding Comedy Series,False,2001
29,Outstanding Lead Actor In A Comedy Series,False,2001
29,Outstanding Lead Actress In A Comedy Series,False,2001
29,Outstanding Guest Actress In A Comedy Series,True,2002
29,Outstanding Supporting Actor In A Comedy Series,False,2002
29,Outstanding Lead Actress In A Comedy Series,False,2002
29,Outstanding Stunt Coordination,False,2002
29,Outstanding Directing For A Comedy Series,False,2002
29,Outstanding Single-camera Picture Editing For A Comedy Series,True,2003
29,Outstanding Guest Actress In A Comedy Series,False,2003
29,Outstanding Supporting Actor In A Comedy Series,False,2003
29,Outstanding Lead Actress In A Comedy Series,False,2003
29,Outstanding Choreography,False,2004
29,Outstanding Lead Actress In A Comedy Series,False,2004
29,Outstanding Guest Actress In A Comedy Series,False,2004
29,Outstanding Lead Actress In A Comedy Series,False,2005
29,Outstanding Guest Actress In A Comedy Series,False,2005
29,OUTSTANDING MUSIC AND LYRICS,False,2005
29,Outstanding Guest Actress In A Comedy Series,True,2006
29,Outstanding Supporting Actor In A Comedy Series,False,2006
29,Outstanding Lead Actress In A Comedy Series,False,2006
29,Outstanding Choreography,False,2006
30,Outstanding Writing For A Comedy Series,True,2016
30,Outstanding Lead Actor In A Comedy Series,False,2016
30,Outstanding Directing For A Comedy Series,False,2016
30,Outstanding Comedy Series,False,2016
30,Outstanding Writing for a Comedy Series,True,2017
30,Outstanding Single-Camera Picture Editing for a Comedy Series,True,2017
30,Outstanding Sound Mixing for a Comedy or Drama Series (Half-Hour) and Animation,False,2017
30,Outstanding Comedy Series,False,2017
30,Outstanding Guest Actress in a Comedy Series,False,2017
30,Outstanding Music Supervision,False,2017
30,Outstanding Casting for a Comedy Series,False,2017
30,Outstanding Lead Actor in a Comedy Series,False,2017
31,Outstanding Directing For A Variety Special,True,2019
31,Outstanding Variety Special (Pre-Recorded),False,2019
32,Outstanding Writing For A Comedy Series,False,2016
32,Outstanding Guest Actress in a Comedy Series,False,2017
33,OUTSTANDING MUSIC AND LYRICS,False,1998
33,OUTSTANDING WRITING FOR A VARIETY OR MUSIC PROGRAM,False,1998
33,OUTSTANDING WRITING FOR A VARIETY OR MUSIC PROGRAM,False,1999
33,OUTSTANDING LIGHTING DIRECTION (ELECTRONIC) FOR A COMEDY SERIES,False,1999
34,Outstanding Lead Actor In A Comedy Series,False,2011
34,Outstanding Writing for a Comedy Series,False,2011
34,Outstanding Writing for a Comedy Series,True,2012
34,Outstanding Directing For A Comedy Series,False,2012
34,Outstanding Lead Actor In A Comedy Series,False,2012
34,Outstanding Guest Actress In A Comedy Series,True,2013
34,Outstanding Single-camera Picture Editing For A Comedy Series,False,2013
34,Outstanding Lead Actor In A Comedy Series,False,2013
34,Outstanding Comedy Series,False,2013
34,Outstanding Directing For A Comedy Series,False,2013
34,Outstanding Writing for a Comedy Series,False,2013
34,Outstanding Writing for a Comedy Series,True,2014
34,Outstanding Casting For A Comedy Series,False,2014
34,Outstanding Lead Actor In A Comedy Series,False,2014
34,Outstanding Directing For A Comedy Series,False,2014
34,Outstanding Comedy Series,False,2014
34,Outstanding Writing For A Comedy Series,False,2015
34,Outstanding Casting For A Comedy Series,False,2015
34,Outstanding Comedy Series,False,2015
34,Outstanding Directing For A Comedy Series,False,2015
34,Outstanding Guest Actress In A Comedy Series,False,2015
34,Outstanding Lead Actor In A Comedy Series,False,2015
35,OUTSTANDING CINEMATOGRAPHY FOR A SERIES,True,1999
35,OUTSTANDING MUSIC COMPOSITION FOR A SERIES (DRAMATIC UNDERSCORE),False,2000
36,"Outstanding Writing For A Limited Series, Movie Or A Dramatic Special",False,2015
36,"Outstanding Costumes For A Period | Fantasy Series, Limited Series Or Movie",False,2015
36,"Outstanding Casting For A Limited Series, Movie Or A Special",False,2015
36,"Outstanding Directing For A Limited Series, Movie Or A Dramatic Special",False,2015
36,Outstanding Single-Camera Picture Editing For A Limited Series Or A Movie,False,2015
36,Outstanding Supporting Actor In A Limited Series Or A Movie,False,2015
36,Outstanding Limited Series,False,2015
36,Outstanding Lead Actor In A Limited Series Or A Movie,False,2015
37,OUTSTANDING ANIMATED PROGRAM (FOR PROGRAMMING ONE HOUR OR LESS),True,1991
37,OUTSTANDING SOUND MIXING FOR A COMEDY SERIES OR A SPECIAL,False,1991
37,Outstanding Voice-Over Performance,True,1992
37,OUTSTANDING ANIMATED PROGRAM (FOR PROGRAMMING ONE HOUR OR LESS),False,1992
37,OUTSTANDING individual achievement in SOUND MIXING FOR A COMEDY SERIES OR A SPECIAL,False,1992
37,OUTSTANDING INDIVIDUAL ACHIEVEMENT IN MUSIC COMPOSITION for a series (dramatic underscore),False,1992
37,Outstanding Voice-Over Performance,True,1993
37,OUTSTANDING individual achievement in SOUND MIXING FOR A COMEDY SERIES OR A SPECIAL,False,1993
37,OUTSTANDING INDIVIDUAL ACHIEVEMENT IN MUSIC COMPOSITION for a series (dramatic underscore),False,1993
37,OUTSTANDING INDIVIDUAL ACHIEVEMENT IN MUSIC COMPOSITION for a series (dramatic underscore),False,1994
37,OUTSTANDING INDIVIDUAL ACHIEVEMENT IN MUSIC AND LYRICS,False,1994
37,OUTSTANDING ANIMATED PROGRAM (FOR PROGRAMMING ONE HOUR OR LESS),True,1995
37,OUTSTANDING INDIVIDUAL ACHIEVEMENT IN MUSIC AND LYRICS,False,1995
37,OUTSTANDING individual achievement in SOUND MIXING FOR A COMEDY SERIES OR A SPECIAL,False,1995
37,OUTSTANDING INDIVIDUAL ACHIEVEMENT IN MUSIC COMPOSITION for a series (dramatic underscore),False,1995
37,OUTSTANDING MUSIC AND LYRICS,False,1996
37,OUTSTANDING ANIMATED PROGRAM (FOR PROGRAMMING ONE HOUR OR LESS),False,1996
37,OUTSTANDING MUSIC AND LYRICS,True,1997
37,OUTSTANDING ANIMATED PROGRAM (FOR PROGRAMMING one hour or less.),True,1997
37,OUTSTANDING SOUND MIXING FOR A COMEDY SERIES OR A SPECIAL,False,1997
37,Outstanding Music Direction,False,1997
37,Outstanding Voice-Over Performance,True,1998
37,OUTSTANDING MUSIC AND LYRICS,True,1998
37,OUTSTANDING ANIMATED PROGRAM (FOR PROGRAMMING ONE HOUR OR LESS),True,1998
37,Outstanding Music Direction,False,1998
37,OUTSTANDING MUSIC COMPOSITION FOR A SERIES (DRAMATIC UNDERSCORE),False,1998
37,OUTSTANDING MUSIC COMPOSITION FOR A SERIES - DRAMATIC UNDERSCORE,False,1999
37,OUTSTANDING ANIMATED PROGRAM (FOR PROGRAMMING ONE HOUR OR LESS),False,1999
37,OUTSTANDING ANIMATED PROGRAM (FOR PROGRAMMING ONE HOUR OR LESS),True,2000
37,Outstanding Animated Program (for programming less than one hour),True,2001
37,Outstanding Voice-Over Performance,True,2001
37,OUTSTANDING MUSIC COMPOSITION FOR A SERIES (DRAMATIC UNDERSCORE),False,2001
37,OUTSTANDING MUSIC AND LYRICS,False,2002
37,Outstanding Animated Program (for programming less than one hour),False,2002
37,Outstanding Animated Program (for programming less than one hour),True,2003
37,Outstanding Voice-Over Performance,True,2003
37,OUTSTANDING MUSIC AND LYRICS,False,2003
37,Outstanding Voice-Over Performance,True,2004
37,Outstanding Animated Program (for programming less than one hour),False,2004
37,OUTSTANDING MUSIC COMPOSITION FOR A SERIES (DRAMATIC UNDERSCORE),False,2004
37,OUTSTANDING MUSIC AND LYRICS,False,2004
37,Outstanding Animated Program (for programming less than one hour),False,2005
37,OUTSTANDING MUSIC COMPOSITION FOR A SERIES (DRAMATIC UNDERSCORE),False,2005
37,OUTSTANDING MUSIC AND LYRICS,False,2005
37,Outstanding Animated Program (for programming less than one hour),True,2006
37,Outstanding Voice-Over Performance,True,2006
37,Outstanding Animated Program (for programming less than one hour),False,2007
37,Outstanding Animated Program (for programming less than one hour),True,2008
37,Outstanding Music Composition For A Series (Original Dramatic Score),False,2008
37,Outstanding Voice-Over Performance,True,2009
37,Outstanding Music Composition For A Series (Original Dramatic Score),False,2009
37,Outstanding Animated Program (for programming less than one hour),False,2009
37,Outstanding Voice-Over Performance,True,2010
37,Outstanding Individual Achievement In Animation,True,2010
37,Outstanding Animated Program,False,2010
37,Outstanding Voice-Over Performance,False,2011
37,Outstanding Music Composition For A Series (Original Dramatic Score),False,2011
37,Outstanding Animated Program,False,2011
37,Outstanding Voice-Over Performance,False,2012
37,Outstanding Animated Program,False,2012
37,Outstanding Individual Achievement In Animation,True,2013
37,Outstanding Animated Program,False,2013
37,Outstanding Character Voice-Over Performance,True,2014
37,Outstanding Sound Mixing For A Comedy Or Drama Series (Half-Hour) And Animation,False,2014
37,Outstanding Character Voice-Over Performance,True,2015
37,Outstanding Animated Program,False,2015
37,Outstanding Sound Mixing For A Comedy Or Drama Series (Half-Hour) And Animation,False,2015
37,Outstanding Sound Mixing For A Comedy Or Drama Series (Half-Hour) And Animation,False,2016
37,Outstanding Animated Program,False,2016
37,Outstanding Character Voice-Over Performance,False,2017
37,Outstanding Animated Program,False,2017
37,Outstanding Individual Achievement In Animation (Juried),True,2018
37,Outstanding Character Voice-Over Performance,False,2018
37,Outstanding Animated Program,False,2018
37,Outstanding Animated Program,True,2019
37,Outstanding Character Voice-Over Performance,False,2019
38,Outstanding Directing For A Comedy Series,False,2001
38,Outstanding Casting For A Comedy Series,False,2001
38,Outstanding Writing for a Comedy Series,False,2001
39,Outstanding Supporting Actor In A Comedy Series,True,2010
39,Outstanding Writing for a Comedy Series,True,2010
39,Outstanding Sound Mixing For A Comedy Or Drama Series (Half-Hour) And Animation,True,2010
39,Outstanding Picture Editing For A Comedy Series (Single Or Multi-Camera),True,2010
39,Outstanding Casting For A Comedy Series,True,2010
39,Outstanding Comedy Series,True,2010
39,Outstanding Art Direction For A Single-Camera Series,False,2010
39,Outstanding Directing For A Comedy Series,False,2010
39,Outstanding Guest Actor In A Comedy Series,False,2010
39,Outstanding Supporting Actress In A Comedy Series,False,2010
39,Outstanding Supporting Actress In A Comedy Series,True,2011
39,Outstanding Supporting Actor In A Comedy Series,True,2011
39,Outstanding Writing for a Comedy Series,True,2011
39,Outstanding Directing For A Comedy Series,True,2011
39,Outstanding Comedy Series,True,2011
39,Outstanding Sound Mixing For A Comedy Or Drama Series (Half-Hour) And Animation,False,2011
39,Outstanding Picture Editing For A Comedy Series (Single Or Multi-Camera),False,2011
39,Outstanding Casting For A Comedy Series,False,2011
39,Outstanding Art Direction For A Single-Camera Series,False,2011
39,Outstanding Guest Actor In A Comedy Series,False,2011
39,Outstanding Directing For A Comedy Series,True,2012
39,Outstanding Comedy Series,True,2012
39,Outstanding Supporting Actress In A Comedy Series,True,2012
39,Outstanding Supporting Actor In A Comedy Series,True,2012
39,Outstanding Sound Mixing For A Comedy Or Drama Series (Half-Hour) And Animation,True,2012
39,Outstanding Single-camera Picture Editing For A Comedy Series,False,2012
39,Outstanding Guest Actor In A Comedy Series,False,2012
39,Outstanding Casting For A Comedy Series,False,2012
39,Outstanding Comedy Series,True,2013
39,Outstanding Directing For A Comedy Series,True,2013
39,Outstanding Casting For A Comedy Series,False,2013
39,Outstanding Sound Mixing For A Comedy Or Drama Series (Half-Hour) And Animation,False,2013
39,Outstanding Stunt Coordination For A Comedy Series Or A Variety Program,False,2013
39,Outstanding Single-camera Picture Editing For A Comedy Series,False,2013
39,Outstanding Supporting Actress In A Comedy Series,False,2013
39,Outstanding Guest Actor In A Comedy Series,False,2013
39,Outstanding Supporting Actor In A Comedy Series,False,2013
39,Outstanding Comedy Series,True,2014
39,Outstanding Directing For A Comedy Series,True,2014
39,Outstanding Supporting Actor In A Comedy Series,True,2014
39,Outstanding Casting For A Comedy Series,False,2014
39,Outstanding Guest Actor In A Comedy Series,False,2014
39,Outstanding Supporting Actress In A Comedy Series,False,2014
39,Outstanding Single-camera Picture Editing For A Comedy Series,False,2014
39,Outstanding Sound Mixing For A Comedy Or Drama Series (Half-Hour) And Animation,False,2014
39,Outstanding Art Direction For A Contemporary Program (Half-Hour Or Less),False,2014
39,Outstanding Sound Mixing For A Comedy Or Drama Series (Half-Hour) And Animation,True,2015
39,Outstanding Comedy Series,False,2015
39,Outstanding Casting For A Comedy Series,False,2015
39,Outstanding Supporting Actor In A Comedy Series,False,2015
39,Outstanding Supporting Actress In A Comedy Series,False,2015
39,Outstanding Guest Actress In A Comedy Series,False,2015
39,Outstanding Sound Mixing For A Comedy Or Drama Series (Half-Hour) And Animation,False,2016
39,Outstanding Supporting Actor In A Comedy Series,False,2016
39,Outstanding Casting For A Comedy Series,False,2016
39,Outstanding Comedy Series,False,2016
39,Outstanding Sound Mixing for a Comedy or Drama Series (Half-Hour) and Animation,False,2017
39,Outstanding Supporting Actor in a Comedy Series,False,2017
39,Outstanding Comedy Series,False,2017
39,Outstanding Sound Mixing For A Comedy Or Drama Series (Half-Hour) And Animation,False,2018
39,Outstanding Sound Mixing For A Comedy Or Drama Series (Half-Hour) And Animation,False,2019
40,Outstanding Lead Actor In A Drama Series,True,2008
40,Outstanding Single-Camera Picture Editing For A Drama Series,True,2008
40,Outstanding Cinematography For A One Hour Series,False,2008
40,Outstanding Directing For A Drama Series,False,2008
40,Outstanding Lead Actor In A Drama Series,True,2009
40,Outstanding Single-Camera Picture Editing For A Drama Series,True,2009
40,Outstanding Drama Series,False,2009
40,Outstanding Supporting Actor In A Drama Series,False,2009
40,Outstanding Cinematography For A One Hour Series,False,2009
40,Outstanding Lead Actor In A Drama Series,True,2010
40,Outstanding Supporting Actor In A Drama Series,True,2010
40,Outstanding Single-Camera Picture Editing For A Drama Series,False,2010
40,Outstanding Sound Editing For A Series,False,2010
40,Outstanding Cinematography For A One Hour Series,False,2010
40,Outstanding Drama Series,False,2010
40,Outstanding Directing For A Drama Series,False,2010
40,Outstanding Supporting Actor In A Drama Series,True,2012
40,Outstanding Lead Actor In A Drama Series,False,2012
40,Outstanding Sound Editing For A Series,False,2012
40,Outstanding Single-Camera Picture Editing For A Drama Series,False,2012
40,Outstanding Sound Mixing For A Comedy Or Drama Series (One Hour),False,2012
40,Outstanding Special Visual Effects in a Supporting Role,False,2012
40,Outstanding Directing For A Drama Series,False,2012
40,Outstanding Guest Actor In A Drama Series,False,2012
40,Outstanding Supporting Actress In A Drama Series,False,2012
40,Outstanding Drama Series,False,2012
40,Outstanding Cinematography For A Single-camera Series,False,2012
40,Outstanding Drama Series,True,2013
40,Outstanding Supporting Actress In A Drama Series,True,2013
40,Outstanding Single-Camera Picture Editing For A Drama Series,True,2013
40,Outstanding Cinematography For A Single-camera Series,False,2013
40,Outstanding Sound Mixing For A Comedy Or Drama Series (One Hour),False,2013
40,Outstanding Sound Editing For A Series,False,2013
40,Outstanding Directing For A Drama Series,False,2013
40,Outstanding Writing for a Drama Series,False,2013
40,Outstanding Supporting Actor In A Drama Series,False,2013
40,Outstanding Lead Actor In A Drama Series,False,2013
40,Outstanding Drama Series,True,2014
40,Outstanding Writing for a Drama Series,True,2014
40,Outstanding Supporting Actor In A Drama Series,True,2014
40,Outstanding Supporting Actress In A Drama Series,True,2014
40,Outstanding Lead Actor In A Drama Series,True,2014
40,Outstanding Single-Camera Picture Editing For A Drama Series,True,2014
40,Outstanding Directing For A Drama Series,False,2014
40,Outstanding Casting For A Drama Series,False,2014
40,Outstanding Cinematography For A Single-camera Series,False,2014
40,Outstanding Sound Editing For A Series,False,2014
40,Outstanding Sound Mixing For A Comedy Or Drama Series (One Hour),False,2014
40,"Outstanding Prosthetic Makeup For A Series, Miniseries, Movie Or A Special",False,2014
40,Outstanding Makeup For A Single-Camera Series (Non-Prosthetic),False,2014
41,Outstanding Main Title Design,True,2011
41,Outstanding Supporting Actor In A Drama Series,True,2011
41,Outstanding Sound Editing For A Series,False,2011
41,"Outstanding Prosthetic Makeup For A Series, Miniseries, Movie Or A Special",False,2011
41,Outstanding Stunt Coordination,False,2011
41,Outstanding Special Visual Effects For A Series,False,2011
41,Outstanding Hairstyling For A Single-Camera Series,False,2011
41,Outstanding Costumes For A Series,False,2011
41,Outstanding Makeup For A Single-Camera Series (Non-Prosthetic),False,2011
41,Outstanding Drama Series,False,2011
41,Outstanding Directing For A Drama Series,False,2011
41,Outstanding Writing for a Drama Series,False,2011
41,Outstanding Casting For A Drama Series,False,2011
41,Outstanding Art Direction For A Single-Camera Series,True,2012
41,Outstanding Costumes For A Series,True,2012
41,Outstanding Sound Editing For A Series,True,2012
41,Outstanding Makeup For A Single-Camera Series (Non-Prosthetic),True,2012
41,Outstanding Sound Mixing For A Comedy Or Drama Series (One Hour),True,2012
41,Outstanding Special Visual Effects,True,2012
41,"Outstanding Prosthetic Makeup For A Series, Miniseries, Movie Or A Special",False,2012
41,Outstanding Supporting Actor In A Drama Series,False,2012
41,Outstanding Drama Series,False,2012
41,Outstanding Hairstyling For A Single-Camera Series,False,2012
41,Outstanding Casting For A Drama Series,False,2012
41,Outstanding Special Visual Effects,True,2013
41,Outstanding Makeup For A Single-Camera Series (Non-Prosthetic),True,2013
41,Outstanding Cinematography For A Single-camera Series,False,2013
41,Outstanding Casting For A Drama Series,False,2013
41,Outstanding Hairstyling For A Single-Camera Series,False,2013
41,Outstanding Costumes For A Series,False,2013
41,Outstanding Art Direction For A Single-Camera Series,False,2013
41,Outstanding Sound Mixing For A Comedy Or Drama Series (One Hour),False,2013
41,Outstanding Sound Editing For A Series,False,2013
41,Outstanding Single-Camera Picture Editing For A Drama Series,False,2013
41,"Outstanding Prosthetic Makeup For A Series, Miniseries, Movie Or A Special",False,2013
41,Outstanding Drama Series,False,2013
41,Outstanding Writing for a Drama Series,False,2013
41,Outstanding Supporting Actress In A Drama Series,False,2013
41,Outstanding Guest Actress In A Drama Series,False,2013
41,Outstanding Supporting Actor In A Drama Series,False,2013
41,Outstanding Art Direction For A Contemporary Or Fantasy Series (Single-Camera),True,2014
41,Outstanding Special and Visual Effects,True,2014
41,Outstanding Costumes For A Series,True,2014
41,"Outstanding Prosthetic Makeup For A Series, Miniseries, Movie Or A Special",True,2014
41,Outstanding Supporting Actor In A Drama Series,False,2014
41,Outstanding Supporting Actress In A Drama Series,False,2014
41,Outstanding Guest Actress In A Drama Series,False,2014
41,Outstanding Drama Series,False,2014
41,Outstanding Directing For A Drama Series,False,2014
41,Outstanding Writing for a Drama Series,False,2014
41,Outstanding Casting For A Drama Series,False,2014
41,Outstanding Cinematography For A Single-camera Series,False,2014
41,Outstanding Sound Editing For A Series,False,2014
41,"Outstanding Stunt Coordination For A Drama Series, Miniseries Or Movie",False,2014
41,Outstanding Sound Mixing For A Comedy Or Drama Series (One Hour),False,2014
41,Outstanding Makeup For A Single-Camera Series (Non-Prosthetic),False,2014
41,Outstanding Hairstyling For A Single-Camera Series,False,2014
41,Outstanding Music Composition For A Series (Original Dramatic Score),False,2014
41,Outstanding Writing For A Drama Series,True,2015
41,Outstanding Production Design For A Narrative Contemporary Or Fantasy Program (One Hour Or More),True,2015
41,Outstanding Makeup For A Single-Camera Series (Non-Prosthetic),True,2015
41,"Outstanding Stunt Coordination For A Drama Series, Limited Series Or Movie",True,2015
41,Outstanding Supporting Actor In A Drama Series,True,2015
41,Outstanding Single-Camera Picture Editing For A Drama Series,True,2015
41,Outstanding Sound Editing For A Series,True,2015
41,Outstanding Sound Mixing For A Comedy Or Drama Series (One Hour),True,2015
41,Outstanding Special Visual Effects,True,2015
41,Outstanding Casting For A Drama Series,True,2015
41,Outstanding Directing For A Drama Series,True,2015
41,Outstanding Drama Series,True,2015
41,"Outstanding Costumes For A Period | Fantasy Series, Limited Series Or Movie",False,2015
41,Outstanding Cinematography For A Single-Camera Series,False,2015
41,"Outstanding Prosthetic Makeup For A Series, Limited Series, Movie Or A Special",False,2015
41,Outstanding Supporting Actress In A Drama Series,False,2015
41,Outstanding Guest Actress In A Drama Series,False,2015
41,Outstanding Hairstyling For A Single-Camera Series,False,2015
41,Outstanding Writing For A Drama Series,True,2016
41,"Outstanding Stunt Coordination For A Drama Series, Limited Series Or Movie",True,2016
41,"Outstanding Prosthetic Makeup For A Series, Limited Series, Movie Or Special",True,2016
41,Outstanding Production Design For A Narrative Contemporary Or Fantasy Program (One Hour Or More),True,2016
41,Outstanding Sound Mixing For A Comedy Or Drama Series (One Hour),True,2016
41,Outstanding Special Visual Effects,True,2016
41,Outstanding Single-Camera Picture Editing For A Drama Series,True,2016
41,Outstanding Drama Series,True,2016
41,Outstanding Makeup For A Single-Camera Series (Non-Prosthetic),True,2016
41,Outstanding Casting For A Drama Series,True,2016
41,Outstanding Directing For A Drama Series,True,2016
41,"Outstanding Costumes For A Period/Fantasy Series, Limited Series Or Movie",True,2016
41,Outstanding Sound Editing For A Series,False,2016
41,Outstanding Supporting Actor In A Drama Series,False,2016
41,Outstanding Supporting Actress In A Drama Series,False,2016
41,Outstanding Guest Actor In A Drama Series,False,2016
41,Outstanding Hairstyling For A Single-Camera Series,False,2016
41,Outstanding Cinematography For A Single-Camera Series,False,2016
41,Outstanding Supporting Actor In A Drama Series,True,2018
41,Outstanding Music Composition For A Series (Original Dramatic Score),True,2018
41,"Outstanding Prosthetic Makeup For A Series, Limited Series, Movie Or Special",True,2018
41,Outstanding Sound Mixing For A Comedy Or Drama Series (One Hour),True,2018
41,Outstanding Special Visual Effects,True,2018
41,Outstanding Drama Series,True,2018
41,Outstanding Production Design For A Narrative Period Or Fantasy Program (One Hour Or More),True,2018
41,Outstanding Fantasy/Sci-Fi Costumes,True,2018
41,"Outstanding Stunt Coordination For A Drama Series, Limited Series Or Movie",True,2018
41,Outstanding Single-Camera Picture Editing For A Drama Series,False,2018
41,Outstanding Directing For A Drama Series,False,2018
41,Outstanding Casting For A Drama Series,False,2018
41,Outstanding Supporting Actress In A Drama Series,False,2018
41,Outstanding Hairstyling For A Single-Camera Series,False,2018
41,Outstanding Makeup For A Single-Camera Series (Non-Prosthetic),False,2018
41,Outstanding Writing For A Drama Series,False,2018
41,Outstanding Guest Actress In A Drama Series,False,2018
41,Outstanding Sound Editing For A Comedy Or Drama Series (One Hour),False,2018
41,Outstanding Drama Series,True,2019
41,Outstanding Sound Mixing For A Comedy Or Drama Series (One Hour),True,2019
41,Outstanding Supporting Actor In A Drama Series,True,2019
41,Outstanding Casting For A Drama Series,True,2019
41,Outstanding Single-Camera Picture Editing For A Drama Series,True,2019
41,"Outstanding Stunt Coordination For A Drama Series, Limited Series Or Movie",True,2019
41,Outstanding Makeup For A Single-Camera Series (Non-Prosthetic),True,2019
41,Outstanding Fantasy/Sci-Fi Costumes,True,2019
41,Outstanding Sound Editing For A Comedy Or Drama Series (One Hour),True,2019
41,Outstanding Music Composition For A Series (Original Dramatic Score),True,2019
41,Outstanding Main Title Design,True,2019
41,Outstanding Special Visual Effects,True,2019
41,Outstanding Writing For A Drama Series,False,2019
41,Outstanding Creative Achievement In Interactive Media Within A Scripted Program,False,2019
41,Outstanding Hairstyling For A Single-Camera Series,False,2019
41,Outstanding Directing For A Drama Series,False,2019
41,Outstanding Production Design For A Narrative Period Or Fantasy Program (One Hour Or More),False,2019
41,Outstanding Cinematography For A Single-Camera Series (One Hour),False,2019
41,"Outstanding Prosthetic Makeup For A Series, Limited Series, Movie Or Special",False,2019
41,Outstanding Supporting Actress In A Drama Series,False,2019
41,Outstanding Guest Actress In A Drama Series,False,2019
41,Outstanding Lead Actor In A Drama Series,False,2019
41,Outstanding Lead Actress In A Drama Series,False,2019
42,"Outstanding Sound Editing For A Miniseries, Movie Or A Special",True,2002
42,Outstanding Single-Camera Sound Mixing For A Miniseries Or A Movie,True,2002
42,"OUTSTANDING SINGLE-CAMERA PICTURE EDITING FOR A MINISERIES, MOVIE OR A SPECIAL",True,2002
42,"Outstanding Casting For A Miniseries, Movie Or A Special",True,2002
42,Outstanding Miniseries,True,2002
42,Outstanding Achievement In Interactive Television Programming,True,2002
42,"Outstanding Directing For A Miniseries, Movie Or A Dramatic Special",True,2002
42,Outstanding Main Title Design,False,2002
42,"Outstanding Makeup For  A Miniseries, Movie Or A Special (Non-Prosthetic)",False,2002
42,"Outstanding Makeup For A Miniseries, Movie Or A Special (Prosthetic)",False,2002
42,"Outstanding Special Visual Effects For A Miniseries, Movie Or A Special",False,2002
42,Outstanding Stunt Coordination,False,2002
42,"Outstanding Writing for a Miniseries, Movie or a Dramatic Special",False,2002
42,"OUTSTANDING ART DIRECTION FOR A MINISERIES, MOVIE OR A SPECIAL",False,2002
42,"Outstanding Hairstyling For A Miniseries, Movie Or A Special",False,2002
42,Outstanding Cinematography For A Miniseries Or Movie,False,2002
43,Outstanding Miniseries,True,2010
43,"Outstanding Sound Editing For A Miniseries, Movie Or A Special",True,2010
43,Outstanding Sound Mixing For A Miniseries Or A Movie,True,2010
43,"Outstanding Prosthetic Makeup For A Series, Miniseries, Movie Or A Special",True,2010
43,"Outstanding Special Visual Effects For A Miniseries, Movie Or A Special",True,2010
43,Outstanding Art Direction For A Miniseries Or Movie,True,2010
43,Outstanding Makeup For A Miniseries Or A Movie (Non-Prosthetic),True,2010
43,"Outstanding Casting For A Miniseries, Movie Or A Special",True,2010
43,"Outstanding Music Composition For A Miniseries, Movie Or A Special (Original Dramatic Score)",False,2010
43,Outstanding Single-Camera Picture Editing For A Miniseries Or A Movie,False,2010
43,Outstanding Cinematography For A Miniseries Or Movie,False,2010
43,Outstanding Main Title Design,False,2010
43,"Outstanding Costumes For A Miniseries, Movie Or A Special",False,2010
43,"Outstanding Writing for a Miniseries, Movie or a Dramatic Special",False,2010
43,"Outstanding Directing For A Miniseries, Movie Or A Dramatic Special",False,2010
44,Outstanding Writing For A Comedy Series,False,2019
45,Outstanding Sound Editing For A Series,True,2004
45,Outstanding Directing For A Drama Series,True,2004
45,Outstanding Writing for a Drama Series,False,2004
45,Outstanding Art Direction For A Single-Camera Series,False,2004
45,Outstanding Makeup For A Series (non-prosthetic),False,2004
45,OUTSTANDING MAIN TITLE THEME MUSIC,False,2004
45,Outstanding Casting For A Drama Series,False,2004
45,Outstanding Hairstyling For A Series,False,2004
45,Outstanding Costumes For A Series,False,2004
45,Outstanding Hairstyling For A Series,True,2005
45,Outstanding Costumes For A Series,True,2005
45,Outstanding Cinematography For A Single-camera Series,True,2005
45,Outstanding Makeup For A Series (non-prosthetic),True,2005
45,Outstanding Art Direction For A Single-Camera Series,True,2005
45,Outstanding Single-Camera Sound Mixing For A Series,False,2005
45,Outstanding Single-Camera Picture Editing For A Drama Series,False,2005
45,Outstanding Directing For A Drama Series,False,2005
45,Outstanding Drama Series,False,2005
45,Outstanding Casting For A Drama Series,False,2005
45,Outstanding Makeup For A Series (non-prosthetic),True,2007
45,Outstanding Art Direction For A Single-Camera Series,False,2007
45,Outstanding Hairstyling For A Series,False,2007
45,Outstanding Costumes For A Series,False,2007
45,Outstanding Sound Mixing For A Comedy Or Drama Series (one-hour),False,2007
45,Outstanding Cinematography For A Single-camera Series,False,2007
45,Outstanding Single-Camera Picture Editing For A Limited Series Or Movie,False,2019
45,"Outstanding Sound Editing For A Limited Series, Movie Or Special",False,2019
45,Outstanding Television Movie,False,2019
45,Outstanding Special Visual Effects In A Supporting Role,False,2019
45,Outstanding Makeup For A Limited Series Or Movie (Non-Prosthetic),False,2019
45,Outstanding Hairstyling For A Limited Series Or Movie,False,2019
45,Outstanding Cinematography For A Limited Series Or Movie,False,2019
45,Outstanding Sound Mixing For A Limited Series Or Movie,False,2019
46,Outstanding Original Main Title Theme Music,False,2010
46,Outstanding Supporting Actress In A Drama Series,True,2011
46,Outstanding Supporting Actor In A Drama Series,False,2011
46,Outstanding Lead Actor In A Drama Series,False,2011
46,Outstanding Guest Actor In A Drama Series,False,2011
46,Outstanding Guest Actor In A Drama Series,True,2012
46,Outstanding Art Direction For A Single-Camera Series,False,2012
46,Outstanding Art Direction For A Contemporary Or Fantasy Series (Single-Camera),False,2014
47,Outstanding Writing for Nonfiction Programming,True,2012
47,Outstanding Sound Editing For Nonfiction Programming (Single Or Multi-Camera),False,2012
47,Outstanding Cinematography For Nonfiction Programming,False,2012
48,Outstanding Main Title Design,True,2008
48,Outstanding Writing for a Drama Series,True,2008
48,Outstanding Hairstyling For A Single-Camera Series,True,2008
48,Outstanding Drama Series,True,2008
48,Outstanding Art Direction For A Single-Camera Series,True,2008
48,Outstanding Cinematography For A One Hour Series,True,2008
48,Outstanding Makeup For A Single-Camera Series (Non-Prosthetic),False,2008
48,"Outstanding Prosthetic Makeup For A Series, Miniseries, Movie Or A Special",False,2008
48,Outstanding Casting For A Drama Series,False,2008
48,Outstanding Costumes For A Series,False,2008
48,Outstanding Lead Actor In A Drama Series,False,2008
48,Outstanding Directing For A Drama Series,False,2008
48,Outstanding Guest Actor In A Drama Series,False,2008
48,Outstanding Supporting Actor In A Drama Series,False,2008
48,Outstanding Writing for a Drama Series,True,2009
48,Outstanding Drama Series,True,2009
48,Outstanding Hairstyling For A Single-Camera Series,True,2009
48,Outstanding Lead Actor In A Drama Series,False,2009
48,Outstanding Lead Actress In A Drama Series,False,2009
48,Outstanding Directing For A Drama Series,False,2009
48,Outstanding Supporting Actor In A Drama Series,False,2009
48,Outstanding Makeup For A Single-Camera Series (Non-Prosthetic),False,2009
48,Outstanding Single-Camera Picture Editing For A Drama Series,False,2009
48,Outstanding Art Direction For A Single-Camera Series,False,2009
48,Outstanding Casting For A Drama Series,False,2009
48,Outstanding Costumes For A Series,False,2009
48,Outstanding Cinematography For A One Hour Series,False,2009
48,Outstanding Writing for a Drama Series,True,2010
48,Outstanding Drama Series,True,2010
48,Outstanding Casting For A Drama Series,True,2010
48,Outstanding Hairstyling For A Single-Camera Series,True,2010
48,Outstanding Single-Camera Picture Editing For A Drama Series,False,2010
48,Outstanding Makeup For A Single-Camera Series (Non-Prosthetic),False,2010
48,Outstanding Cinematography For A One Hour Series,False,2010
48,Outstanding Costumes For A Series,False,2010
48,Outstanding Lead Actress In A Drama Series,False,2010
48,Outstanding Lead Actor In A Drama Series,False,2010
48,Outstanding Guest Actor In A Drama Series,False,2010
48,Outstanding Supporting Actor In A Drama Series,False,2010
48,Outstanding Supporting Actress In A Drama Series,False,2010
48,Outstanding Directing For A Drama Series,False,2010
48,Outstanding Hairstyling For A Single-Camera Series,True,2011
48,Outstanding Drama Series,True,2011
48,Outstanding Single-Camera Picture Editing For A Drama Series,False,2011
48,Outstanding Sound Mixing For A Comedy Or Drama Series (One Hour),False,2011
48,Outstanding Costumes For A Series,False,2011
48,Outstanding Makeup For A Single-Camera Series (Non-Prosthetic),False,2011
48,Outstanding Guest Actress In A Drama Series,False,2011
48,Outstanding Supporting Actor In A Drama Series,False,2011
48,Outstanding Supporting Actress In A Drama Series,False,2011
48,Outstanding Lead Actor In A Drama Series,False,2011
48,Outstanding Lead Actress In A Drama Series,False,2011
48,Outstanding Guest Actor In A Drama Series,False,2011
48,Outstanding Writing for a Drama Series,False,2011
48,Outstanding Casting For A Drama Series,False,2011
48,Outstanding Art Direction For A Single-Camera Series,False,2011
48,Outstanding Lead Actress In A Drama Series,False,2012
48,Outstanding Single-Camera Picture Editing For A Drama Series,False,2012
48,Outstanding Lead Actor In A Drama Series,False,2012
48,Outstanding Writing for a Drama Series,False,2012
48,Outstanding Guest Actor In A Drama Series,False,2012
48,Outstanding Guest Actress In A Drama Series,False,2012
48,Outstanding Directing For A Drama Series,False,2012
48,Outstanding Supporting Actor In A Drama Series,False,2012
48,Outstanding Supporting Actress In A Drama Series,False,2012
48,Outstanding Drama Series,False,2012
48,Outstanding Hairstyling For A Single-Camera Series,False,2012
48,Outstanding Makeup For A Single-Camera Series (Non-Prosthetic),False,2012
48,Outstanding Art Direction For A Single-Camera Series,False,2012
48,Outstanding Cinematography For A Single-camera Series,False,2012
48,Outstanding Casting For A Drama Series,False,2012
48,Outstanding Cinematography For A Single-camera Series,False,2013
48,Outstanding Hairstyling For A Single-Camera Series,False,2013
48,Outstanding Sound Mixing For A Comedy Or Drama Series (One Hour),False,2013
48,Outstanding Makeup For A Single-Camera Series (Non-Prosthetic),False,2013
48,Outstanding Single-Camera Picture Editing For A Drama Series,False,2013
48,Outstanding Drama Series,False,2013
48,Outstanding Lead Actress In A Drama Series,False,2013
48,Outstanding Guest Actor In A Drama Series,False,2013
48,Outstanding Guest Actress In A Drama Series,False,2013
48,Outstanding Supporting Actress In A Drama Series,False,2013
48,Outstanding Lead Actor In A Drama Series,False,2013
48,Outstanding Supporting Actress In A Drama Series,False,2014
48,Outstanding Lead Actor In A Drama Series,False,2014
48,Outstanding Drama Series,False,2014
48,Outstanding Guest Actor In A Drama Series,False,2014
48,Outstanding Costumes For A Series,False,2014
48,Outstanding Makeup For A Single-Camera Series (Non-Prosthetic),False,2014
48,Outstanding Hairstyling For A Single-Camera Series,False,2014
48,"Outstanding Art Direction For A Period Series, Miniseries Or A Movie (Single-Camera)",False,2014
48,Outstanding Lead Actor In A Drama Series,True,2015
48,Outstanding Writing For A Drama Series,False,2015
48,Outstanding Casting For A Drama Series,False,2015
48,Outstanding Single-Camera Picture Editing For A Drama Series,False,2015
48,Outstanding Production Design For A Narrative Period Program (One Hour Or More),False,2015
48,Outstanding Supporting Actress In A Drama Series,False,2015
48,Outstanding Hairstyling For A Single-Camera Series,False,2015
48,Outstanding Drama Series,False,2015
48,Outstanding Makeup For A Single-Camera Series (Non-Prosthetic),False,2015
48,Outstanding Lead Actress In A Drama Series,False,2015
49,Outstanding Writing For A Drama Series,False,2015
49,Outstanding Single-Camera Picture Editing For A Drama Series,False,2015
49,Outstanding Supporting Actor In A Drama Series,False,2015
49,Outstanding Sound Mixing For A Comedy Or Drama Series (One Hour),False,2015
49,Outstanding Drama Series,False,2015
49,Outstanding Lead Actor In A Drama Series,False,2015
49,Outstanding Sound Mixing For A Comedy Or Drama Series (One Hour),False,2016
49,Outstanding Single-Camera Picture Editing For A Drama Series,False,2016
49,Outstanding Lead Actor In A Drama Series,False,2016
49,Outstanding Supporting Actor In A Drama Series,False,2016
49,Outstanding Special Visual Effects In A Supporting Role,False,2016
49,Outstanding Drama Series,False,2016
49,Outstanding Writing for a Drama Series,False,2017
49,Outstanding Drama Series,False,2017
49,Outstanding Sound Mixing for a Comedy or Drama Series (One Hour),False,2017
49,Outstanding Music Supervision,False,2017
49,Outstanding Single-Camera Picture Editing for a Drama Series,False,2017
49,Outstanding Directing for a Drama Series,False,2017
49,Outstanding Lead Actor in a Drama Series,False,2017
49,Outstanding Supporting Actor in a Drama Series,False,2017
49,Outstanding Sound Mixing For A Comedy Or Drama Series (One Hour),False,2019
49,Outstanding Sound Editing For A Comedy Or Drama Series (One Hour),False,2019
49,Outstanding Drama Series,False,2019
49,Outstanding Writing For A Drama Series,False,2019
49,Outstanding Music Supervision,False,2019
49,Outstanding Guest Actor In A Drama Series,False,2019
49,Outstanding Lead Actor In A Drama Series,False,2019
49,Outstanding Supporting Actor In A Drama Series,False,2019
50,Outstanding Lead Actress In A Miniseries Or A Movie,False,2014
50,Outstanding Television Movie,False,2014
51,"Outstanding Casting For A Limited Series, Movie Or Special",True,2019
51,Outstanding Lead Actor In A Limited Series Or Movie,True,2019
51,Outstanding Cinematography For A Limited Series Or Movie,False,2019
51,"Outstanding Sound Editing For A Limited Series, Movie Or Special",False,2019
51,Outstanding Limited Series,False,2019
51,"Outstanding Writing For A Limited Series, Movie Or Dramatic Special",False,2019
51,"Outstanding Directing For A Limited Series, Movie Or Dramatic Special",False,2019
51,Outstanding Supporting Actress In A Limited Series Or Movie,False,2019
51,Outstanding Sound Mixing For A Limited Series Or Movie,False,2019
51,Outstanding Supporting Actor In A Limited Series Or Movie,False,2019
51,"Outstanding Music Composition For A Limited Series, Movie Or Special (Original Dramatic Score)",False,2019
51,Outstanding Lead Actress In A Limited Series Or Movie,False,2019
52,Outstanding Supporting Actress In A Limited Series Or A Movie,True,2015
52,"Outstanding Writing For A Limited Series, Movie Or A Dramatic Special",False,2015
52,"Outstanding Casting For A Limited Series, Movie Or A Special",False,2015
52,Outstanding Single-Camera Picture Editing For A Limited Series Or A Movie,False,2015
52,"Outstanding Sound Editing For A Limited Series, Movie Or A Special",False,2015
52,Outstanding Supporting Actor In A Limited Series Or A Movie,False,2015
52,Outstanding Sound Mixing For A Limited Series Or A Movie,False,2015
52,Outstanding Limited Series,False,2015
52,Outstanding Lead Actor In A Limited Series Or A Movie,False,2015
52,Outstanding Lead Actress In A Limited Series Or A Movie,False,2015
52,Outstanding Supporting Actress In A Limited Series Or Movie,True,2016
52,Outstanding Lead Actress In A Limited Series Or Movie,False,2016
52,Outstanding Limited Series,False,2016
52,Outstanding Lead Actress in a Limited Series or Movie,False,2017
52,Outstanding Supporting Actress in a Limited Series or Movie,False,2017
53,Outstanding Writing For A Drama Series,True,2019
53,Outstanding Original Main Title Theme Music,True,2019
53,Outstanding Drama Series,False,2019
53,Outstanding Directing For A Drama Series,False,2019
53,Outstanding Casting For A Drama Series,False,2019
54,Outstanding Original Main Title Theme Music,True,2015
54,Television Academy Honors,True,2015
54,Outstanding Guest Actor In A Comedy Series,True,2015
54,Outstanding Lead Actor In A Comedy Series,True,2015
54,"Outstanding Costumes For A Contemporary Series, Limited Series or Movie",True,2015
54,Outstanding Directing For A Comedy Series,True,2015
54,Outstanding Writing For A Comedy Series,False,2015
54,Outstanding Casting For A Comedy Series,False,2015
54,Outstanding Comedy Series,False,2015
54,Outstanding Single-Camera Picture Editing For A Comedy Series,False,2015
54,Outstanding Production Design For A Narrative Program (Half-Hour Or Less),False,2015
54,Outstanding Supporting Actress In A Comedy Series,False,2015
54,Outstanding Production Design For A Narrative Program (Half-Hour Or Less),True,2016
54,Outstanding Lead Actor In A Comedy Series,True,2016
54,Outstanding Directing For A Comedy Series,True,2016
54,Outstanding Supporting Actress In A Comedy Series,False,2016
54,Outstanding Guest Actor In A Comedy Series,False,2016
54,Outstanding Guest Actress In A Comedy Series,False,2016
54,Outstanding Casting For A Comedy Series,False,2016
54,"Outstanding Costumes For A Contemporary Series, Limited Series Or Movie",False,2016
54,Outstanding Comedy Series,False,2016
54,Outstanding Cinematography for a Single-Camera Series (Half-Hour),False,2017
54,"Outstanding Contemporary Costumes for a Series, Limited Series, or Movie",False,2017
54,Outstanding Casting for a Comedy Series,False,2017
54,Outstanding Production Design for a Narrative Program (Half Hour or Less),False,2017
54,Outstanding Lead Actor in a Comedy Series,False,2017
54,Outstanding Supporting Actress In A Comedy Series,False,2017
55,OUTSTANDING LEAD ACTOR IN A MINISERIES OR A SPECIAL,False,1988
56,Outstanding Music Composition For A Series (Original Dramatic Score),True,2008
56,Outstanding Picture Editing For A Comedy Series (Single Or Multi-Camera),True,2008
56,Outstanding Directing For A Comedy Series,True,2008
56,Outstanding Makeup For A Single-Camera Series (Non-Prosthetic),False,2008
56,Outstanding Hairstyling For A Single-Camera Series,False,2008
56,"Outstanding Prosthetic Makeup For A Series, Miniseries, Movie Or A Special",False,2008
56,Outstanding Casting For A Comedy Series,False,2008
56,Outstanding Art Direction For A Single-Camera Series,False,2008
56,Outstanding Costumes For A Series,False,2008
56,Outstanding Supporting Actress In A Comedy Series,False,2008
56,Outstanding Lead Actor In A Comedy Series,False,2008
56,Outstanding Writing for a Comedy Series,False,2008
56,Outstanding Makeup For A Single-Camera Series (Non-Prosthetic),True,2009
56,Outstanding Art Direction For A Single-Camera Series,True,2009
56,Outstanding Costumes For A Series,True,2009
56,Outstanding Supporting Actress In A Comedy Series,True,2009
56,Outstanding Hairstyling For A Single-Camera Series,False,2009
57,Outstanding Directing For A Variety Special,False,2014
58,OUTSTANDING ACHIEVEMENT IN INFORMATIONAL PROGRAMMING,False,1996
58,OUTSTANDING INFORMATIONAL SERIES,False,1996
59,OUTSTANDING MAKEUP FOR A SERIES,False,1997
59,OUTSTANDING MUSIC COMPOSITION FOR A SERIES (DRAMATIC UNDERSCORE),True,1998
59,OUTSTANDING MAKEUP FOR A SERIES,True,1998
59,Outstanding Hairstyling For A Series,False,1998
59,Outstanding Sound Editing For A Series,False,1999
59,OUTSTANDING MAKEUP FOR A SERIES,False,1999
59,Outstanding Writing for a Drama Series,False,2000
59,Outstanding Cinematography For A Single-camera Series,False,2000
59,Outstanding Hairstyling For A Series,False,2000
59,Outstanding Makeup For A Series (Prosthetic),False,2002
59,Outstanding Makeup For A Series (non-prosthetic),False,2002
59,Outstanding Music Direction,False,2002
59,Outstanding Hairstyling For A Series,False,2002
59,Outstanding Special Visual Effects For A Series,False,2003
60,Outstanding Supporting Actor In A Drama Series,False,2004
60,Outstanding Supporting Actress In A Drama Series,False,2004
60,Outstanding Lead Actor In A Drama Series,False,2005
61,Outstanding Original Music And Lyrics,False,2010
61,Outstanding Directing For A Drama Series,False,2010
61,Outstanding Sound Mixing For A Miniseries Or A Movie,True,2014
61,"Outstanding Casting For A Miniseries, Movie Or A Special",False,2014
61,"Outstanding Writing for a Miniseries, Movie or a Dramatic Special",False,2014
61,Outstanding Miniseries,False,2014
62,Outstanding Directing For A Drama Series,True,2013
62,Outstanding Cinematography For A Single-camera Series,True,2013
62,Outstanding Casting For A Drama Series,True,2013
62,Outstanding Music Composition For A Series (Original Dramatic Score),False,2013
62,Outstanding Original Main Title Theme Music,False,2013
62,Outstanding Single-Camera Picture Editing For A Drama Series,False,2013
62,Outstanding Drama Series,False,2013
62,Outstanding Lead Actor In A Drama Series,False,2013
62,Outstanding Lead Actress In A Drama Series,False,2013
62,Outstanding Sound Mixing For A Comedy Or Drama Series (One Hour),True,2014
62,Outstanding Lead Actor In A Drama Series,False,2014
62,Outstanding Lead Actress In A Drama Series,False,2014
62,Outstanding Guest Actress In A Drama Series,False,2014
62,Outstanding Drama Series,False,2014
62,Outstanding Directing For A Drama Series,False,2014
62,Outstanding Writing for a Drama Series,False,2014
62,Outstanding Guest Actor In A Drama Series,False,2014
62,Outstanding Casting For A Drama Series,False,2014
62,Outstanding Cinematography For A Single-camera Series,False,2014
62,Outstanding Single-Camera Picture Editing For A Drama Series,False,2014
62,Outstanding Music Composition For A Series (Original Dramatic Score),False,2014
62,Outstanding Art Direction For A Contemporary Or Fantasy Series (Single-Camera),False,2014
62,Outstanding Music Composition For A Series (Original Dramatic Score),True,2015
62,Outstanding Guest Actor In A Drama Series,True,2015
62,Outstanding Cinematography For A Single-Camera Series,False,2015
62,Outstanding Casting For A Drama Series,False,2015
62,Outstanding Production Design For A Narrative Contemporary Or Fantasy Program (One Hour Or More),False,2015
62,Outstanding Supporting Actor In A Drama Series,False,2015
62,Outstanding Sound Mixing For A Comedy Or Drama Series (One Hour),False,2015
62,Outstanding Guest Actress In A Drama Series,False,2015
62,Outstanding Drama Series,False,2015
62,Outstanding Lead Actor In A Drama Series,False,2015
62,Outstanding Lead Actress In A Drama Series,False,2015
62,Outstanding Production Design For A Narrative Contemporary Or Fantasy Program (One Hour Or More),False,2016
62,Outstanding Sound Mixing For A Comedy Or Drama Series (One Hour),False,2016
62,Outstanding Lead Actress In A Drama Series,False,2016
62,Outstanding Lead Actor In A Drama Series,False,2016
62,Outstanding Supporting Actor In A Drama Series,False,2016
62,Outstanding Drama Series,False,2016
62,Outstanding Guest Actor In A Drama Series,False,2016
62,Outstanding Guest Actress In A Drama Series,False,2016
62,Outstanding Casting For A Drama Series,False,2016
62,Outstanding Cinematography For A Single-Camera Series,False,2016
62,Outstanding Music Composition for a Series (Original Dramatic Score),True,2017
62,Outstanding Sound Mixing for a Comedy or Drama Series (One Hour),False,2017
62,Outstanding Drama Series,False,2017
62,"Outstanding Contemporary Costumes for a Series, Limited Series, or Movie",False,2017
62,Outstanding Lead Actress in a Drama Series,False,2017
62,Outstanding Lead Actor in a Drama Series,False,2017
62,Outstanding Supporting Actor in a Drama Series,False,2017
62,Outstanding Supporting Actor In A Drama Series,False,2019
62,Outstanding Music Composition For A Series (Original Dramatic Score),False,2019
62,Outstanding Lead Actress In A Drama Series,False,2019
63,Outstanding Television Movie,True,2014
63,Outstanding Makeup For A Miniseries Or A Movie (Non-Prosthetic),True,2014
63,Outstanding Cinematography For A Miniseries Or Movie,False,2014
63,"Outstanding Casting For A Miniseries, Movie Or A Special",False,2014
63,"Outstanding Directing For A Miniseries, Movie Or A Dramatic Special",False,2014
63,"Outstanding Writing for a Miniseries, Movie or a Dramatic Special",False,2014
63,Outstanding Supporting Actor In A Miniseries Or A Movie,False,2014
63,Outstanding Supporting Actress In A Miniseries Or A Movie,False,2014
63,Outstanding Lead Actor In A Miniseries Or A Movie,False,2014
63,Outstanding Hairstyling For A Miniseries Or A Movie,False,2014
63,Outstanding Single-Camera Picture Editing For A Miniseries Or A Movie,False,2014
63,"Outstanding Prosthetic Makeup For A Series, Miniseries, Movie Or A Special",False,2014
63,Television Academy Honors,True,2015
64,Outstanding Directing For A Drama Series,False,2005
64,Outstanding Writing for a Drama Series,False,2005
64,Outstanding Lead Actor In A Drama Series,False,2006
64,Outstanding Lead Actor In A Drama Series,False,2007
64,Outstanding Cinematography For A One Hour Series,False,2008
64,Outstanding Guest Actor In A Drama Series,False,2008
64,Outstanding Guest Actor In A Drama Series,True,2009
64,Outstanding Original Music And Lyrics,False,2010
64,Television Academy Honors,True,2012
65,Outstanding Writing For A Nonfiction Program,False,2019
66,Outstanding Supporting Actor In A Limited Series Or Movie,True,2019
66,"Outstanding Writing For A Limited Series, Movie Or Dramatic Special",False,2019
66,Outstanding Lead Actor In A Limited Series Or Movie,False,2019
66,"Outstanding Directing For A Limited Series, Movie Or Dramatic Special",False,2019
67,Outstanding Writing for a Comedy Series,False,2014
67,Outstanding Directing For A Comedy Series,False,2014
67,Outstanding Comedy Series,False,2014
67,Outstanding Main Title Design,False,2014
67,Outstanding Art Direction For A Contemporary Program (Half-Hour Or Less),False,2014
67,Outstanding Production Design For A Narrative Program (Half-Hour Or Less),True,2015
67,Outstanding Single-Camera Picture Editing For A Comedy Series,True,2015
67,Outstanding Writing For A Comedy Series,False,2015
67,Outstanding Comedy Series,False,2015
67,Outstanding Directing For A Comedy Series,False,2015
67,Outstanding Sound Mixing For A Comedy Or Drama Series (Half-Hour) And Animation,False,2015
67,Outstanding Production Design For A Narrative Program (Half-Hour Or Less),False,2016
67,Outstanding Single-Camera Picture Editing For A Comedy Series,False,2016
67,Outstanding Sound Mixing For A Comedy Or Drama Series (Half-Hour) And Animation,False,2016
67,Outstanding Writing For A Comedy Series,False,2016
67,Outstanding Lead Actor In A Comedy Series,False,2016
67,Outstanding Directing For A Comedy Series,False,2016
67,Outstanding Casting For A Comedy Series,False,2016
67,Outstanding Comedy Series,False,2016
67,Outstanding Sound Mixing for a Comedy or Drama Series (Half-Hour) and Animation,False,2017
67,Outstanding Cinematography for a Single-Camera Series (Half-Hour),False,2017
67,Outstanding Writing for a Comedy Series,False,2017
67,Outstanding Comedy Series,False,2017
67,Outstanding Single-Camera Picture Editing for a Comedy Series,False,2017
67,Outstanding Directing for a Comedy Series,False,2017
67,Outstanding Casting for a Comedy Series,False,2017
67,Outstanding Production Design for a Narrative Program (Half Hour or Less),False,2017
67,Outstanding Directing For A Comedy Series,False,2018
67,Outstanding Casting For A Comedy Series,False,2018
67,Outstanding Production Design For A Narrative Program (Half-Hour Or Less),False,2018
67,Outstanding Creative Achievement In Interactive Media Within A Scripted Program,False,2018
67,Outstanding Sound Mixing For A Comedy Or Drama Series (Half-Hour) And Animation,False,2018
67,Outstanding Writing For A Comedy Series,False,2018
67,Outstanding Comedy Series,False,2018
68,Outstanding Cinematography For A Single-Camera Series (Half-Hour),False,2018
68,Outstanding Lead Actress In A Comedy Series,False,2018
68,Outstanding Cinematography For A Single-Camera Series (Half-Hour) ,False,2019
69,Outstanding Writing For A Variety Series,False,2016
69,Outstanding Writing for a Variety Series,False,2017
69,Outstanding Variety Talk Series,False,2017
69,Television Academy Honors,True,2018
69,Outstanding Directing For A Variety Series,False,2018
69,Outstanding Interactive Program,False,2018
69,Outstanding Writing For A Variety Series,False,2018
69,Outstanding Variety Talk Series,False,2018
69,Outstanding Variety Talk Series,False,2019
69,Outstanding Writing For A Variety Series,False,2019
70,Outstanding Cinematography For A Single-Camera Series (Half-Hour) ,True,2019
70,Outstanding Contemporary Costumes,True,2019
70,Outstanding Production Design For A Narrative Program (Half-Hour),True,2019
70,Outstanding Sound Mixing For A Comedy Or Drama Series (Half-Hour) And Animation,False,2019
70,Outstanding Sound Editing For A Comedy Or Drama Series (Half-Hour) And Animation,False,2019
70,Outstanding Comedy Series,False,2019
70,Outstanding Writing For A Comedy Series,False,2019
70,Outstanding Stunt Coordination For A Comedy Series Or Variety Program,False,2019
70,Outstanding Music Supervision,False,2019
70,Outstanding Single-Camera Picture Editing For A Comedy Series,False,2019
70,Outstanding Casting For A Comedy Series,False,2019
70,Outstanding Lead Actress In A Comedy Series,False,2019
71,OUTSTANDING MAIN TITLE THEME MUSIC,True,1997
72,Outstanding Comedy Series,False,2002
72,Outstanding Directing For A Comedy Series,False,2002
72,Outstanding Directing For A Comedy Series,True,2003
72,Outstanding Comedy Series,False,2003
72,Outstanding Supporting Actress In A Comedy Series,False,2003
72,Outstanding Lead Actor In A Comedy Series,False,2003
72,Outstanding Single-camera Picture Editing For A Comedy Series,False,2003
72,Outstanding Casting For A Comedy Series,False,2003
72,Outstanding Comedy Series,False,2004
72,Outstanding Directing For A Comedy Series,False,2004
72,Outstanding Lead Actor In A Comedy Series,False,2004
72,Outstanding Casting For A Comedy Series,False,2004
72,Outstanding Single-camera Picture Editing For A Comedy Series,False,2004
72,Outstanding Single-camera Picture Editing For A Comedy Series,False,2006
72,Outstanding Lead Actor In A Comedy Series,False,2006
72,Outstanding Supporting Actress In A Comedy Series,False,2006
72,Outstanding Directing For A Comedy Series,False,2006
72,Outstanding Comedy Series,False,2006
72,Outstanding Casting For A Comedy Series,False,2006
72,Outstanding Picture Editing For A Comedy Series (Single Or Multi-Camera),False,2008
72,Outstanding Casting For A Comedy Series,False,2008
72,Outstanding Guest Actor In A Comedy Series,False,2008
72,Outstanding Comedy Series,False,2008
72,Outstanding Picture Editing For A Comedy Series (Single Or Multi-Camera),False,2010
72,Outstanding Comedy Series,False,2010
72,Outstanding Lead Actor In A Comedy Series,False,2010
72,Outstanding Single-camera Picture Editing For A Comedy Series,True,2012
72,Outstanding Comedy Series,False,2012
72,Outstanding Directing For A Comedy Series,False,2012
72,Outstanding Guest Actor In A Comedy Series,False,2012
72,Outstanding Lead Actor In A Comedy Series,False,2012
72,Outstanding Lead Actor In A Comedy Series,False,2018
72,Outstanding Guest Actor In A Comedy Series,False,2018
72,Outstanding Comedy Series,False,2018
73,OUTSTANDING DIRECTING IN A COMEDY SERIES,False,1991
73,OUTSTANDING WRITING IN A COMEDY SERIES,False,1991
73,OUTSTANDING individual achievement in WRITING IN A COMEDY SERIES,True,1992
73,OUTSTANDING INDIVIDUAL ACHIEVEMENT IN EDITING FOR A SERIES - multi-camera production,True,1992
73,OUTSTANDING INDIVIDUAL ACHIEVEMENT IN DIRECTING IN A comedy series,False,1992
73,Outstanding Comedy Series,False,1992
73,Outstanding Supporting Actor In A Comedy Series,False,1992
73,Outstanding Supporting Actress In A Comedy Series,False,1992
73,Outstanding Lead Actor In A Comedy Series,False,1992
73,Outstanding Comedy Series,True,1993
73,Outstanding Supporting Actor In A Comedy Series,True,1993
73,OUTSTANDING individual achievement in WRITING IN A COMEDY SERIES,True,1993
73,Outstanding Lead Actor In A Comedy Series,False,1993
73,Outstanding Supporting Actress In A Comedy Series,False,1993
73,OUTSTANDING individual achievement in SOUND MIXING FOR A COMEDY SERIES OR A SPECIAL,False,1993
73,Outstanding Guest Actor In A Comedy Series,False,1993
73,OUTSTANDING INDIVIDUAL ACHIEVEMENT IN EDITING FOR A SERIES - multi-camera production,False,1993
73,OUTSTANDING INDIVIDUAL ACHIEVEMENT IN DIRECTING IN A comedy  series,False,1993
73,OUTSTANDING INDIVIDUAL ACHIEVEMENT IN EDITING FOR A SERIES - multi-camera production,True,1994
73,Outstanding Supporting Actor In A Comedy Series,True,1994
73,OUTSTANDING individual achievement in WRITING IN A COMEDY SERIES,False,1994
73,OUTSTANDING INDIVIDUAL ACHIEVEMENT IN DIRECTING IN A comedy series,False,1994
73,OUTSTANDING individual achievement in SOUND MIXING FOR A COMEDY SERIES OR A SPECIAL,False,1994
73,Outstanding Lead Actor In A Comedy Series,False,1994
73,Outstanding Comedy Series,False,1994
73,Outstanding Guest Actor In A Comedy Series,False,1994
73,Outstanding Guest Actress In A Comedy Series,False,1994
73,Outstanding Supporting Actress In A Comedy Series,False,1994
73,OUTSTANDING INDIVIDUAL ACHIEVEMENT IN EDITING FOR A SERIES - multi-camera production,True,1995
73,Outstanding Lead Actor In A Comedy Series,False,1995
73,Outstanding Supporting Actress In A Comedy Series,False,1995
73,Outstanding Supporting Actor In A Comedy Series,False,1995
73,Outstanding Comedy Series,False,1995
73,OUTSTANDING INDIVIDUAL ACHIEVEMENT IN DIRECTING IN A comedy series,False,1995
73,Outstanding Supporting Actress In A Comedy Series,True,1996
73,OUTSTANDING SOUND MIXING FOR A COMEDY SERIES OR A SPECIAL,False,1996
73,OUTSTANDING MULTI-CAMERA EDITING FOR A SERIES,False,1996
73,OUTSTANDING SUPPORTING ACTOR FOR A COMEDY SERIES,False,1996
73,OUTSTANDING GUEST ACTOR for A COMEDY SERIES,False,1996
73,OUTSTANDING CASTING FOR A SERIES,False,1996
73,OUTSTANDING LEAD ACTOR FOR A COMEDY SERIES,False,1996
73,Outstanding Comedy Series,False,1996
73,Outstanding Directing For A Comedy Series,False,1996
73,Outstanding Writing for a Comedy Series,False,1996
73,Outstanding Supporting Actor In A Comedy Series,True,1997
73,Outstanding Directing For A Comedy Series,False,1997
73,Outstanding Writing for a Comedy Series,False,1997
73,Outstanding Guest Actor In A Comedy Series,False,1997
73,Outstanding Supporting Actress In A Comedy Series,False,1997
73,Outstanding Comedy Series,False,1997
73,OUTSTANDING CASTING FOR A SERIES,False,1997
73,Outstanding Multi-camera Picture Editing For A Series,False,1997
73,Outstanding Multi-camera Picture Editing For A Series,False,1998
73,Outstanding Supporting Actor In A Comedy Series,False,1998
73,Outstanding Supporting Actress In A Comedy Series,False,1998
73,Outstanding Guest Actor In A Comedy Series,False,1998
73,Outstanding Comedy Series,False,1998
74,Outstanding Host for a Reality or Reality-Competition Program,False,2017
75,Outstanding Documentary Or Nonfiction Special,True,2019
75,Outstanding Directing For A Documentary/Nonfiction Program,False,2019
75,Outstanding Picture Editing For A Nonfiction Program,False,2019
75,Outstanding Sound Mixing For A Nonfiction Program (Single or Multi-Camera),False,2019
75,Outstanding Sound Editing For A Nonfiction Program (Single Or Multi-Camera),False,2019
76,Outstanding Documentary Or Nonfiction Series,True,2019
76,Outstanding Narrator,True,2019
76,Outstanding Music Composition For A Documentary Series Or Special (Original Dramatic Score),False,2019
76,Outstanding Writing For A Nonfiction Program,False,2019
76,Outstanding Sound Mixing For A Nonfiction Program (Single or Multi-Camera),False,2019
76,Outstanding Cinematography For A Nonfiction Program,False,2019
76,Outstanding Sound Editing For A Nonfiction Program (Single Or Multi-Camera),False,2019
76,Outstanding Original Main Title Theme Music,False,2019
77,Outstanding Miniseries,True,2014
77,"Outstanding Casting For A Miniseries, Movie Or A Special",True,2014
77,"Outstanding Directing For A Miniseries, Movie Or A Dramatic Special",True,2014
77,Outstanding Cinematography For A Miniseries Or Movie,False,2014
77,Outstanding Supporting Actress In A Miniseries Or A Movie,False,2014
77,"Outstanding Writing for a Miniseries, Movie or a Dramatic Special",False,2014
77,Outstanding Supporting Actor In A Miniseries Or A Movie,False,2014
77,Outstanding Lead Actor In A Miniseries Or A Movie,False,2014
77,"Outstanding Sound Editing For A Miniseries, Movie Or A Special",False,2014
77,Outstanding Single-Camera Picture Editing For A Miniseries Or A Movie,False,2014
77,Outstanding Sound Mixing For A Miniseries Or A Movie,False,2014
77,Outstanding Makeup For A Miniseries Or A Movie (Non-Prosthetic),False,2014
77,"Outstanding Music Composition For A Miniseries, Movie Or A Special (Original Dramatic Score)",False,2014
77,"Outstanding Sound Editing For A Limited Series, Movie Or Special",True,2016
77,Outstanding Cinematography For A Limited Series Or Movie,True,2016
77,Outstanding Production Design For A Narrative Period Program (One Hour Or More),False,2016
77,Outstanding Sound Mixing For A Limited Series Or Movie,False,2016
77,Outstanding Single-Camera Picture Editing For A Limited Series Or Movie,False,2016
77,Outstanding Lead Actress In A Limited Series Or Movie,False,2016
77,Outstanding Limited Series,False,2016
77,"Outstanding Music Composition For A Limited Series, Movie Or Special (Original Dramatic Score)",False,2016
77,Outstanding Makeup For A Limited Series Or Movie (Non-Prosthetic),False,2016
77,"Outstanding Writing For A Limited Series, Movie Or Dramatic Special",False,2016
77,Outstanding Supporting Actress In A Limited Series Or Movie,False,2016
77,Outstanding Supporting Actor In A Limited Series Or Movie,False,2016
77,"Outstanding Directing For A Limited Series, Movie Or Dramatic Special",False,2016
77,Outstanding Hairstyling For A Limited Series Or Movie,False,2016
77,"Outstanding Casting For A Limited Series, Movie Or Special",False,2016
77,"Outstanding Music Composition for a Limited Series, Movie, or Special (Original Dramatic Score)",True,2017
77,Outstanding Sound Mixing for a Limited Series or Movie,False,2017
77,"Outstanding Writing for a Limited Series, Movie, or Dramatic Special",False,2017
77,Outstanding Limited Series,False,2017
77,"Outstanding Sound Editing for a Limited Series, Movie or Special",False,2017
77,Outstanding Lead Actor in a Limited Series or Movie,False,2017
77,Outstanding Cinematography for a Limited Series or Movie,False,2017
77,"Outstanding Casting for a Limited Series, Movie, or Special",False,2017
77,"Outstanding Directing for a Limited Series, Movie, or Dramatic Special",False,2017
77,Outstanding Supporting Actor in a Limited Series or Movie,False,2017
77,Outstanding Lead Actress in a Limited Series or Movie,False,2017
77,Outstanding Single-Camera Picture Editing for a Limited Series or Movie,False,2017
77,Outstanding Hairstyling for a Limited Series or Movie,False,2017
77,Outstanding Makeup for a Limited Series or Movie (Non-Prosthetic),False,2017
78,Outstanding Animated Program,True,2018
78,Outstanding Creative Achievement In Interactive Media Within A Scripted Program,False,2018
79,Outstanding Directing For A Comedy Series,True,1999
79,Outstanding Multi-camera Picture Editing For A Series,True,1999
79,Outstanding Writing for a Comedy Series,False,1999
79,Outstanding Cinematography For A Multi-camera Series,True,2000
79,Outstanding Directing For A Comedy Series,False,2000
79,Outstanding Guest Actor In A Comedy Series,False,2000
79,Outstanding Casting For A Comedy Series,False,2000
79,Outstanding Multi-camera Picture Editing For A Series,False,2000
80,Outstanding Directing For Nonfiction Programming,False,2010
80,Outstanding Nonfiction Series,False,2010
81,OUTSTANDING MUSIC COMPOSITION FOR A SERIES (DRAMATIC UNDERSCORE),True,2005
81,Outstanding Casting For A Drama Series,True,2005
81,Outstanding Single-Camera Picture Editing For A Drama Series,True,2005
81,Outstanding Special Visual Effects For A Series,True,2005
81,Outstanding Directing For A Drama Series,True,2005
81,Outstanding Drama Series,True,2005
81,Outstanding Sound Editing For A Series,False,2005
81,Outstanding Single-Camera Sound Mixing For A Series,False,2005
81,Outstanding Writing for a Drama Series,False,2005
81,Outstanding Supporting Actor In A Drama Series,False,2005
81,Outstanding Single-Camera Picture Editing For A Drama Series,False,2006
81,Outstanding Single-Camera Sound Mixing For A Series,False,2006
81,Outstanding Special Visual Effects For A Series,False,2006
81,Outstanding Guest Actor In A Drama Series,False,2006
81,Outstanding Directing For A Drama Series,False,2006
81,Outstanding Writing for a Drama Series,False,2006
81,Outstanding Cinematography For A Single-camera Series,False,2006
81,Outstanding Casting For A Drama Series,False,2006
81,Outstanding Supporting Actor In A Drama Series,True,2007
81,Outstanding Single-Camera Picture Editing For A Drama Series,False,2007
81,Outstanding Sound Editing For A Series,False,2007
81,Outstanding Directing For A Drama Series,False,2007
81,Outstanding Writing for a Drama Series,False,2007
81,Outstanding Sound Mixing For A Comedy Or Drama Series (one-hour),True,2008
81,Outstanding Music Composition For A Series (Original Dramatic Score),False,2008
81,Outstanding Cinematography For A One Hour Series,False,2008
81,Outstanding Single-Camera Picture Editing For A Drama Series,False,2008
81,Outstanding Sound Editing For A Series,False,2008
81,Outstanding Drama Series,False,2008
81,Outstanding Supporting Actor In A Drama Series,False,2008
81,Outstanding Supporting Actor In A Drama Series,True,2009
81,Outstanding Drama Series,False,2009
81,Outstanding Writing for a Drama Series,False,2009
81,Outstanding Single-Camera Picture Editing For A Drama Series,False,2009
81,Outstanding Sound Mixing For A Comedy Or Drama Series (One Hour),False,2009
81,Outstanding Single-Camera Picture Editing For A Drama Series,True,2010
81,Outstanding Music Composition For A Series (Original Dramatic Score),False,2010
81,Outstanding Sound Mixing For A Comedy Or Drama Series (One Hour),False,2010
81,Outstanding Sound Editing For A Series,False,2010
81,Outstanding Art Direction For A Single-Camera Series,False,2010
81,Outstanding Guest Actress In A Drama Series,False,2010
81,Outstanding Writing for a Drama Series,False,2010
81,Outstanding Supporting Actor In A Drama Series,False,2010
81,Outstanding Lead Actor In A Drama Series,False,2010
81,Outstanding Drama Series,False,2010
81,Outstanding Directing For A Drama Series,False,2010
82,Outstanding Guest Actress In A Comedy Series,False,2006
82,Outstanding Writing for a Comedy Series,False,2006
82,Outstanding Guest Actor In A Comedy Series,False,2006
82,Outstanding Lead Actor In A Comedy Series,True,2007
82,Outstanding Directing For A Comedy Series,False,2007
82,Outstanding Writing for a Comedy Series,False,2007
82,Outstanding Guest Actor In A Comedy Series,False,2007
83,Outstanding Supporting Actress In A Drama Series,False,1990
83,Outstanding Lead Actor In A Drama Series,False,1990
83,Outstanding Lead Actress In A Drama Series,False,1990
83,Outstanding Supporting Actress In A Drama Series,False,1991
83,Outstanding Lead Actor In A Drama Series,False,1991
83,Outstanding Sound Editing For A Series,False,1991
83,OUTSTANDING SOUND MIXING FOR A DRAMA SERIES,False,1991
83,Outstanding Cinematography For A Limited Series Or Movie,False,2018
83,"Outstanding Directing For A Limited Series, Movie Or Dramatic Special",False,2018
83,Outstanding Production Design For A Narrative Contemporary Program (One Hour Or More),False,2018
83,Outstanding Hairstyling For A Limited Series Or Movie,False,2018
83,Outstanding Single-Camera Picture Editing For A Limited Series Or Movie,False,2018
83,Outstanding Makeup For A Limited Series Or Movie (Non-Prosthetic),False,2018
83,Outstanding Sound Mixing For A Limited Series Or Movie,False,2018
83,"Outstanding Writing For A Limited Series, Movie Or Dramatic Special",False,2018
83,"Outstanding Sound Editing For A Limited Series, Movie Or Special",False,2018
84,OUTSTANDING individual achievement in WRITING IN A VARIETY OR MUSIC PROGRAM,False,1993
84,OUTSTANDING individual achievement in WRITING IN A VARIETY OR MUSIC PROGRAM,False,1994
84,OUTSTANDING individual achievement in WRITING IN A VARIETY OR MUSIC PROGRAM,False,1995
85,Outstanding Documentary Or Nonfiction Special,False,2014
85,Outstanding Narrator,False,2014
86,Outstanding Guest Actress In A Drama Series,True,2014
86,Outstanding Lead Actress In A Drama Series,False,2014
86,Outstanding Guest Actor In A Drama Series,False,2014
86,Outstanding Main Title Design,False,2014
86,"Outstanding Art Direction For A Period Series, Miniseries Or A Movie (Single-Camera)",False,2014
86,Outstanding Production Design For A Narrative Period Program (One Hour Or More),False,2015
86,Outstanding Guest Actress In A Drama Series,False,2015
86,Outstanding Guest Actor In A Drama Series,False,2015
86,Outstanding Production Design For A Narrative Period Program (One Hour Or More),False,2016
86,Outstanding Hairstyling For A Single-Camera Series,False,2016
86,Outstanding Guest Actress In A Drama Series,False,2016
86,Outstanding Production Design for a Narrative Period Program (One Hour or More),False,2017
87,Outstanding Narrator,True,2016
87,Outstanding Writing For A Nonfiction Program,False,2016
88,Outstanding Drama Series,False,1991
88,OUTSTANDING SOUND MIXING FOR A DRAMA SERIES,False,1991
88,OUTSTANDING WRITING IN A DRAMA SERIES,False,1991
88,Outstanding Supporting Actress In A Drama Series,True,1992
88,Outstanding Drama Series,True,1992
88,OUTSTANDING individual achievement in WRITING IN A DRAMA SERIES,True,1992
88,OUTSTANDING INDIVIDUAL ACHIEVEMENT IN ART DIRECTION FOR A series,True,1992
88,OUTSTANDING INDIVIDUAL ACHIEVEMENT IN CINEMATOGRAPHY FOR A series,True,1992
88,OUTSTANDING INDIVIDUAL ACHIEVEMENT IN EDITING FOR A series - single-camera production,True,1992
88,OUTSTANDING Individual achievement in SOUND MIXING FOR A DRAMA SERIES,False,1992
88,OUTSTANDING INDIVIDUAL ACHIEVEMENT IN DIRECTING IN A DRAMA series,False,1992
88,OUTSTANDING individual achievement in SOUND EDITING FOR A SERIES,False,1992
88,OUTSTANDING INDIVIDUAL ACHIEVEMENT IN MAKEUP FOR A SERIES,False,1992
88,Outstanding Lead Actor In A Drama Series,False,1992
88,Outstanding Supporting Actor In A Drama Series,False,1992
88,Outstanding Lead Actress In A Drama Series,False,1993
88,Outstanding Lead Actor In A Drama Series,False,1993
88,Outstanding Drama Series,False,1993
88,Outstanding Guest Actor In A Drama Series,False,1993
88,Outstanding Guest Actress In A Drama Series,False,1993
88,Outstanding Supporting Actor In A Drama Series,False,1993
88,Outstanding Supporting Actress In A Drama Series,False,1993
88,OUTSTANDING individual achievement in WRITING IN A DRAMA SERIES,False,1993
88,OUTSTANDING Individual achievement in SOUND MIXING FOR A DRAMA SERIES,False,1993
88,OUTSTANDING individual achievement in SOUND EDITING FOR A SERIES,False,1993
88,OUTSTANDING INDIVIDUAL ACHIEVEMENT IN CINEMATOGRAPHY FOR A series,False,1993
88,OUTSTANDING INDIVIDUAL ACHIEVEMENT IN ART DIRECTION FOR A series,False,1993
88,OUTSTANDING INDIVIDUAL ACHIEVEMENT IN EDITING FOR A series - single-camera production,False,1993
88,OUTSTANDING individual achievement in SOUND EDITING FOR A SERIES,True,1994
88,OUTSTANDING Individual achievement in SOUND MIXING FOR A DRAMA SERIES,False,1994
88,Outstanding Drama Series,False,1994
88,Outstanding Supporting Actor In A Drama Series,False,1994
89,Outstanding Lead Actor In A Miniseries Or A Movie,True,2013
89,"Outstanding Directing For A Miniseries, Movie Or A Dramatic Special",True,2013
89,Outstanding Miniseries or Movie,True,2013
89,Outstanding Makeup For A Miniseries Or A Movie (Non-Prosthetic),True,2013
89,Outstanding Sound Mixing For A Miniseries Or A Movie,True,2013
89,Outstanding Single-Camera Picture Editing For A Miniseries Or A Movie,True,2013
89,"Outstanding Prosthetic Makeup For A Series, Miniseries, Movie Or A Special",True,2013
89,Outstanding Art Direction For A Miniseries Or Movie,True,2013
89,Outstanding Hairstyling For A Miniseries Or A Movie,True,2013
89,"Outstanding Costumes For A Miniseries, Movie Or A Special",True,2013
89,"Outstanding Casting For A Miniseries, Movie Or A Special",True,2013
89,Outstanding Cinematography For A Miniseries Or Movie,False,2013
89,"Outstanding Writing for a Miniseries, Movie or a Dramatic Special",False,2013
89,Outstanding Supporting Actor In A Miniseries Or A Movie,False,2013
90,Outstanding Lead Actor In A Drama Series,True,1994
90,OUTSTANDING INDIVIDUAL ACHIEVEMENT IN CASTING,True,1994
90,OUTSTANDING INDIVIDUAL ACHIEVEMENT IN DIRECTING IN A DRAMA series,True,1994
90,OUTSTANDING INDIVIDUAL ACHIEVEMENT IN EDITING FOR A series - single-camera production,True,1994
90,OUTSTANDING INDIVIDUAL ACHIEVEMENT IN ART DIRECTION FOR A series,True,1994
90,OUTSTANDING individual achievement in WRITING IN A DRAMA SERIES,True,1994
90,OUTSTANDING Individual achievement in SOUND MIXING FOR A DRAMA SERIES,False,1994
90,OUTSTANDING individual achievement in SOUND EDITING FOR A SERIES,False,1994
90,OUTSTANDING INDIVIDUAL ACHIEVEMENT IN main title theme music,False,1994
90,Outstanding Drama Series,False,1994
90,Outstanding Guest Actor In A Drama Series,False,1994
90,Outstanding Guest Actress In A Drama Series,False,1994
90,Outstanding Supporting Actor In A Drama Series,False,1994
90,Outstanding Supporting Actress In A Drama Series,False,1994
90,OUTSTANDING INDIVIDUAL ACHIEVEMENT IN CASTING,True,1995
90,Outstanding Guest Actress In A Drama Series,True,1995
90,Outstanding Drama Series,True,1995
90,Outstanding Supporting Actress In A Drama Series,False,1995
90,OUTSTANDING INDIVIDUAL ACHIEVEMENT IN CINEMATOGRAPHY FOR A series,False,1995
90,OUTSTANDING INDIVIDUAL ACHIEVEMENT IN ART DIRECTION FOR A series,False,1995
90,Outstanding Lead Actor In A Drama Series,False,1995
90,OUTSTANDING INDIVIDUAL ACHIEVEMENT IN DIRECTING IN A DRAMA,False,1995
90,OUTSTANDING individual achievement in WRITING IN A DRAMA SERIES,False,1995
90,OUTSTANDING Individual achievement in SOUND MIXING FOR A DRAMA SERIES,False,1995
90,OUTSTANDING LEAD ACTOR FOR A DRAMA SERIES,True,1996
90,OUTSTANDING SOUND MIXING FOR A DRAMA SERIES,False,1996
90,OUTSTANDING SINGLE CAMERA EDITING FOR A SERIES,False,1996
90,OUTSTANDING SUPPORTING ACTRESS FOR A DRAMA SERIES,False,1996
90,OUTSTANDING SUPPORTING ACTOR FOR A DRAMA SERIES,False,1996
90,OUTSTANDING ART DIRECTION FOR A SERIES,False,1996
90,Outstanding Drama Series,False,1996
90,Outstanding Directing For A Drama Series,False,1996
90,Outstanding Writing for a Drama Series,False,1996
90,Outstanding Lead Actor In A Drama Series,True,1997
90,Outstanding Supporting Actress In A Drama Series,True,1997
90,Outstanding Writing for a Drama Series,True,1997
90,Outstanding Directing For A Drama Series,True,1997
90,OUTSTANDING CASTING FOR A SERIES,False,1997
90,OUTSTANDING ART DIRECTION FOR A SERIES,False,1997
90,Outstanding Drama Series,False,1997
90,Outstanding Supporting Actor In A Drama Series,False,1997
90,OUTSTANDING SOUND MIXING FOR A DRAMA SERIES,False,1997
90,Outstanding Writing for a Drama Series,True,1998
90,Outstanding Directing For A Drama Series,True,1998
90,Outstanding Supporting Actor In A Drama Series,True,1998
90,Outstanding Supporting Actress In A Drama Series,False,1998
90,Outstanding Lead Actor In A Drama Series,False,1998
90,Outstanding Drama Series,False,1998
90,OUTSTANDING CASTING FOR A SERIES,False,1998
90,OUTSTANDING SOUND MIXING FOR A DRAMA SERIES,False,1998
90,Outstanding Lead Actor In A Drama Series,True,1999
90,Outstanding Guest Actress In A Drama Series,True,1999
90,Outstanding Directing For A Drama Series,True,1999
90,OUTSTANDING SOUND MIXING FOR A DRAMA SERIES,False,1999
90,Outstanding Supporting Actress In A Drama Series,False,1999
90,Outstanding Drama Series,False,1999
90,Outstanding Writing for a Drama Series,False,1999
90,Outstanding Lead Actor In A Drama Series,False,2000
90,OUTSTANDING SOUND MIXING FOR A DRAMA SERIES,False,2000
90,Outstanding Lead Actor In A Drama Series,False,2001
90,Outstanding Single-Camera Sound Mixing For A Series,False,2002
91,Outstanding Informational Series Or Special,False,2019
92,Outstanding Casting For A Drama Series,True,2007
92,Outstanding Directing For A Drama Series,False,2007
92,Outstanding Casting For A Drama Series,False,2008
92,Outstanding Casting For A Drama Series,False,2009
92,Outstanding Casting For A Drama Series,False,2010
92,Outstanding Lead Actress In A Drama Series,False,2010
92,Outstanding Lead Actor In A Drama Series,False,2010
92,Outstanding Writing for a Drama Series,False,2010
92,Television Academy Honors,True,2011
92,Outstanding Writing for a Drama Series,True,2011
92,Outstanding Lead Actor In A Drama Series,True,2011
92,Outstanding Lead Actress In A Drama Series,False,2011
92,Outstanding Drama Series,False,2011
93,Outstanding Special Visual Effects For A Series,True,2011
93,Outstanding Sound Editing For A Series,True,2011
93,Outstanding Cinematography For A Single-camera Series,True,2011
93,Outstanding Art Direction For A Single-Camera Series,True,2011
93,Outstanding Casting For A Drama Series,True,2011
93,Outstanding Single-Camera Picture Editing For A Drama Series,True,2011
93,Outstanding Makeup For A Single-Camera Series (Non-Prosthetic),True,2011
93,Outstanding Directing For A Drama Series,True,2011
93,Outstanding Sound Mixing For A Comedy Or Drama Series (One Hour),False,2011
93,Outstanding Main Title Design,False,2011
93,Outstanding Hairstyling For A Single-Camera Series,False,2011
93,Outstanding Costumes For A Series,False,2011
93,Outstanding Supporting Actress In A Drama Series,False,2011
93,Outstanding Lead Actor In A Drama Series,False,2011
93,Outstanding Drama Series,False,2011
93,Outstanding Art Direction For A Single-Camera Series,True,2012
93,Outstanding Cinematography For A Single-camera Series,True,2012
93,Outstanding Directing For A Drama Series,True,2012
93,Outstanding Special Visual Effects in a Supporting Role,True,2012
93,Outstanding Lead Actor In A Drama Series,False,2012
93,Outstanding Sound Editing For A Series,False,2012
93,Outstanding Drama Series,False,2012
93,Outstanding Makeup For A Single-Camera Series (Non-Prosthetic),False,2012
93,Outstanding Hairstyling For A Single-Camera Series,False,2012
93,Outstanding Costumes For A Series,False,2012
93,"Outstanding Prosthetic Makeup For A Series, Miniseries, Movie Or A Special",False,2012
93,Outstanding Casting For A Drama Series,False,2012
93,Outstanding Supporting Actor In A Drama Series,True,2013
93,Outstanding Sound Editing For A Series,True,2013
93,Outstanding Sound Mixing For A Comedy Or Drama Series (One Hour),True,2013
93,Outstanding Hairstyling For A Single-Camera Series,True,2013
93,Outstanding Art Direction For A Single-Camera Series,True,2013
93,Outstanding Cinematography For A Single-camera Series,False,2013
93,Outstanding Costumes For A Series,False,2013
93,Outstanding Special Visual Effects in a Supporting Role,False,2013
93,Outstanding Makeup For A Single-Camera Series (Non-Prosthetic),False,2013
93,Outstanding Directing For A Drama Series,False,2013
93,"Outstanding Art Direction For A Period Series, Miniseries Or A Movie (Single-Camera)",True,2014
93,Outstanding Directing For A Drama Series,False,2014
93,Outstanding Costumes For A Series,False,2014
93,Outstanding Sound Editing For A Series,False,2014
93,"Outstanding Prosthetic Makeup For A Series, Miniseries, Movie Or A Special",False,2014
93,Outstanding Makeup For A Single-Camera Series (Non-Prosthetic),False,2014
93,Outstanding Hairstyling For A Single-Camera Series,False,2014
93,Outstanding Production Design For A Narrative Period Program (One Hour Or More),True,2015
93,Outstanding Cinematography For A Single-Camera Series,True,2015
93,"Outstanding Costumes For A Period | Fantasy Series, Limited Series Or Movie",False,2015
93,Outstanding Directing For A Drama Series,False,2015
93,"Outstanding Prosthetic Makeup For A Series, Limited Series, Movie Or A Special",False,2015
93,Outstanding Sound Editing For A Series,False,2015
93,"Outstanding Stunt Coordination For A Drama Series, Limited Series Or Movie",False,2015
93,Outstanding Special Visual Effects In A Supporting Role,False,2015
93,Outstanding Hairstyling For A Single-Camera Series,False,2015
93,Outstanding Makeup For A Single-Camera Series (Non-Prosthetic),False,2015
94,Outstanding Original Music And Lyrics,False,2018
94,Outstanding Animated Program,False,2019
95,OUTSTANDING DIRECTING IN A DRAMA SERIES,True,1987
95,OUTSTANDING GUEST PERFORMER IN A DRAMA SERIES,True,1987
95,Outstanding Drama Series,True,1987
95,OUTSTANDING ART DIRECTION FOR A SERIES,True,1987
95,OUTSTANDING WRITING IN A DRAMA SERIES,True,1987
95,Outstanding Lead Actor In A Drama Series,False,1987
95,Outstanding Lead Actress In A Drama Series,False,1987
95,Outstanding Supporting Actress In A Drama Series,False,1987
95,Outstanding Supporting Actor In A Drama Series,False,1987
95,OUTSTANDING CINEMATOGRAPHY FOR A SERIES,False,1987
95,OUTSTANDING ACHIEVEMENT IN COSTUMING FOR A SERIES,False,1987
95,OUTSTANDING EDITING FOR A SERIES (single camera production),False,1987
95,OUTSTANDING SOUND MIXING FOR A DRAMA SERIES,False,1987
95,Outstanding Sound Editing For A Series,False,1987
95,Outstanding Supporting Actor In A Drama Series,True,1988
95,OUTSTANDING EDITING FOR A SERIES (single camera production),True,1988
95,OUTSTANDING SOUND MIXING FOR A DRAMA SERIES,False,1988
95,OUTSTANDING WRITING IN A DRAMA SERIES,False,1988
95,OUTSTANDING DIRECTING IN A DRAMA SERIES,False,1988
95,OUTSTANDING ACHIEVEMENT IN COSTUMING FOR A SERIES,False,1988
95,Outstanding Drama Series,False,1988
95,Outstanding Supporting Actress In A Drama Series,False,1988
95,Outstanding Lead Actor In A Drama Series,False,1988
95,Outstanding Lead Actress In A Drama Series,False,1988
95,Outstanding Supporting Actor In A Drama Series,True,1989
95,Outstanding Drama Series,True,1989
95,Outstanding Supporting Actress In A Drama Series,False,1989
95,Outstanding Lead Actor In A Drama Series,False,1989
95,Outstanding Lead Actress In A Drama Series,False,1989
95,OUTSTANDING ACHIEVEMENT IN COSTUMING FOR A SERIES,False,1989
95,OUTSTANDING WRITING IN A DRAMA SERIES,False,1989
95,OUTSTANDING EDITING FOR A SERIES (single camera production),False,1989
95,OUTSTANDING DIRECTING IN A DRAMA SERIES,False,1989
95,Outstanding Supporting Actor In A Drama Series,True,1990
95,Outstanding Supporting Actress In A Drama Series,False,1990
95,Outstanding Lead Actress In A Drama Series,False,1990
95,Outstanding Drama Series,True,1991
95,OUTSTANDING WRITING IN A DRAMA SERIES,True,1991
95,Outstanding Guest Actor In A Drama Series,False,1991
95,Outstanding Supporting Actor In A Drama Series,False,1991
95,Outstanding Supporting Actress In A Drama Series,False,1991
95,OUTSTANDING ACHIEVEMENT IN MAKEUP FOR A SERIES,False,1991
95,OUTSTANDING ACHIEVEMENT IN COSTUMING FOR A SERIES,False,1991
95,OUTSTANDING SOUND MIXING FOR A DRAMA SERIES,False,1991
95,OUTSTANDING EDITING FOR A SERIES (single camera production),False,1991
95,OUTSTANDING DIRECTING IN A DRAMA SERIES,False,1991
95,Outstanding Supporting Actor In A Drama Series,True,1992
95,OUTSTANDING INDIVIDUAL ACHIEVEMENT IN COSTUME DESIGN FOR A series,False,1992
95,OUTSTANDING INDIVIDUAL ACHIEVEMENT IN DIRECTING IN A DRAMA series,False,1992
95,Outstanding Drama Series,False,1992
95,Outstanding Supporting Actress In A Drama Series,False,1992
95,Outstanding Supporting Actress In A Drama Series,False,1994
96,Outstanding Lead Actress In A Comedy Series,True,2012
96,Outstanding Comedy Series,False,2012
96,Outstanding Casting For A Comedy Series,False,2012
96,Outstanding Lead Actress In A Comedy Series,True,2013
96,Outstanding Supporting Actor In A Comedy Series,True,2013
96,Outstanding Casting For A Comedy Series,False,2013
96,Outstanding Comedy Series,False,2013
96,Outstanding Supporting Actress In A Comedy Series,False,2013
96,Outstanding Lead Actress In A Comedy Series,True,2014
96,Outstanding Casting For A Comedy Series,False,2014
96,Outstanding Writing for a Comedy Series,False,2014
96,Outstanding Guest Actor In A Comedy Series,False,2014
96,Outstanding Supporting Actor In A Comedy Series,False,2014
96,Outstanding Supporting Actress In A Comedy Series,False,2014
96,Outstanding Comedy Series,False,2014
96,Outstanding Sound Mixing For A Comedy Or Drama Series (Half-Hour) And Animation,False,2014
96,Outstanding Art Direction For A Contemporary Program (Half-Hour Or Less),False,2014
96,Outstanding Writing For A Comedy Series,True,2015
96,Outstanding Lead Actress In A Comedy Series,True,2015
96,Outstanding Supporting Actor In A Comedy Series,True,2015
96,Outstanding Comedy Series,True,2015
96,Outstanding Casting For A Comedy Series,True,2015
96,Outstanding Sound Mixing For A Comedy Or Drama Series (Half-Hour) And Animation,False,2015
96,Outstanding Directing For A Comedy Series,False,2015
96,Outstanding Production Design For A Narrative Program (Half-Hour Or Less),False,2015
96,Outstanding Supporting Actress In A Comedy Series,False,2015
96,Outstanding Lead Actress In A Comedy Series,True,2016
96,Outstanding Casting For A Comedy Series,True,2016
96,Outstanding Comedy Series,True,2016
96,Outstanding Production Design For A Narrative Program (Half-Hour Or Less),False,2016
96,Outstanding Single-Camera Picture Editing For A Comedy Series,False,2016
96,Outstanding Sound Mixing For A Comedy Or Drama Series (Half-Hour) And Animation,False,2016
96,Outstanding Writing For A Comedy Series,False,2016
96,Outstanding Supporting Actor In A Comedy Series,False,2016
96,Outstanding Supporting Actress In A Comedy Series,False,2016
96,Outstanding Directing For A Comedy Series,False,2016
96,Outstanding Guest Actor In A Comedy Series,False,2016
96,Outstanding Lead Actress in a Comedy Series,True,2017
96,Outstanding Comedy Series,True,2017
96,Outstanding Cinematography for a Single-Camera Series (Half-Hour),True,2017
96,Outstanding Production Design for a Narrative Program (Half Hour or Less),True,2017
96,Outstanding Casting for a Comedy Series,True,2017
96,Outstanding Supporting Actor in a Comedy Series,False,2017
96,Outstanding Writing for a Comedy Series,False,2017
96,Outstanding Sound Mixing for a Comedy or Drama Series (Half-Hour) and Animation,False,2017
96,Outstanding Directing for a Comedy Series,False,2017
96,Outstanding Single-Camera Picture Editing for a Comedy Series,False,2017
96,Outstanding Guest Actor in a Comedy Series,False,2017
96,Outstanding Supporting Actress In A Comedy Series,False,2017
96,Outstanding Writing For A Comedy Series,False,2019
96,Outstanding Supporting Actor In A Comedy Series,False,2019
96,Outstanding Comedy Series,False,2019
96,Outstanding Casting For A Comedy Series,False,2019
96,Outstanding Production Design For A Narrative Program (Half-Hour),False,2019
96,Outstanding Guest Actor In A Comedy Series,False,2019
96,Outstanding Sound Mixing For A Comedy Or Drama Series (Half-Hour) And Animation,False,2019
96,Outstanding Supporting Actress In A Comedy Series,False,2019
96,Outstanding Lead Actress In A Comedy Series,False,2019
97,Outstanding Sound Editing For Nonfiction Programming (Single Or Multi-Camera),False,2013
97,Outstanding Writing for Nonfiction Programming,False,2013
98,"Outstanding Writing For A Limited Series, Movie Or A Dramatic Special",False,2015
98,"Outstanding Directing For A Limited Series, Movie Or A Dramatic Special",False,2015
98,Outstanding Limited Series,False,2015
98,Outstanding Lead Actress In A Limited Series Or A Movie,False,2015
99,Outstanding Original Main Title Theme Music,False,2018
99,Outstanding Stunt Coordination For A Comedy Series Or Variety Program,False,2019
100,Outstanding Comedy Series,True,1988
100,OUTSTANDING WRITING IN A COMEDY SERIES,False,1988
100,OUTSTANDING DIRECTING IN A COMEDY SERIES,True,1989
100,OUTSTANDING ACHIEVEMENT IN COSTUMING FOR A SERIES,False,1989
100,Outstanding Lead Actor In A Comedy Series,False,1989
100,Outstanding Comedy Series,False,1989
100,Outstanding Guest Actor In A Comedy Series,False,1989
100,Outstanding Guest Actress In A Comedy Series,False,1989
100,OUTSTANDING WRITING IN A COMEDY SERIES,False,1989
100,OUTSTANDING SOUND MIXING FOR A COMEDY SERIES OR A SPECIAL,False,1989
100,OUTSTANDING EDITING FOR A SERIES (single camera production),False,1989
100,Outstanding Guest Actor In A Comedy Series,False,1990
100,Outstanding Lead Actor In A Comedy Series,False,1990
100,Outstanding Comedy Series,False,1991
100,OUTSTANDING SOUND MIXING FOR A COMEDY SERIES OR A SPECIAL,False,1991
100,OUTSTANDING DIRECTING IN A COMEDY SERIES,False,1991
100,OUTSTANDING individual achievement in SOUND MIXING FOR A COMEDY SERIES OR A SPECIAL,False,1992
100,OUTSTANDING individual achievement in SOUND MIXING FOR A COMEDY SERIES OR A SPECIAL,False,1993
101,Outstanding Variety Sketch Series,False,2018
101,Outstanding Variety Sketch Series,False,2019
101,"Outstanding Production Design For A Variety, Reality Or Competition Series",False,2019
102,Outstanding Character Voice-Over Performance,False,2017
102,Outstanding Animated Program,False,2019
103,Outstanding Production Design For A Narrative Program (Half-Hour Or Less),True,2018
103,Outstanding Stunt Coordination For A Comedy Series Or Variety Program,True,2018
103,Outstanding Directing For A Comedy Series,False,2018
103,Outstanding Casting For A Comedy Series,False,2018
103,Outstanding Supporting Actress In A Comedy Series,False,2018
103,Outstanding Hairstyling For A Single-Camera Series,False,2018
103,Outstanding Makeup For A Single-Camera Series (Non-Prosthetic),False,2018
103,Outstanding Main Title Design,False,2018
103,Outstanding Cinematography For A Single-Camera Series (Half-Hour),False,2018
103,Outstanding Comedy Series,False,2018
103,Outstanding Stunt Coordination For A Comedy Series Or Variety Program,True,2019
103,Outstanding Makeup For A Single-Camera Series (Non-Prosthetic),False,2019
103,Outstanding Hairstyling For A Single-Camera Series,False,2019
103,Outstanding Period Costumes,False,2019
103,Outstanding Supporting Actress In A Comedy Series,False,2019
104,Outstanding Cinematography For A Single-Camera Series (One Hour),False,2018
105,Outstanding Limited Series,True,2019
105,"Outstanding Writing For A Limited Series, Movie Or Dramatic Special",True,2019
105,Outstanding Cinematography For A Limited Series Or Movie,True,2019
105,Outstanding Production Design For A Narrative Period Or Fantasy Program (One Hour Or More),True,2019
105,Outstanding Single-Camera Picture Editing For A Limited Series Or Movie,True,2019
105,"Outstanding Directing For A Limited Series, Movie Or Dramatic Special",True,2019
105,Outstanding Special Visual Effects In A Supporting Role,True,2019
105,Outstanding Sound Mixing For A Limited Series Or Movie,True,2019
105,"Outstanding Sound Editing For A Limited Series, Movie Or Special",True,2019
105,"Outstanding Music Composition For A Limited Series, Movie Or Special (Original Dramatic Score)",True,2019
105,Outstanding Period Costumes,False,2019
105,Outstanding Supporting Actress In A Limited Series Or Movie,False,2019
105,Outstanding Supporting Actor In A Limited Series Or Movie,False,2019
105,Outstanding Lead Actor In A Limited Series Or Movie,False,2019
105,Outstanding Makeup For A Limited Series Or Movie (Non-Prosthetic),False,2019
105,"Outstanding Prosthetic Makeup For A Series, Limited Series, Movie Or Special",False,2019
105,Outstanding Hairstyling For A Limited Series Or Movie,False,2019
105,"Outstanding Casting For A Limited Series, Movie Or Special",False,2019
106,Outstanding Writing for a Variety Special,False,2017
106,Outstanding Variety Special,False,2017
107,Outstanding Motion Design (Juried),True,2018
108,Outstanding Lead Actor In A Comedy Series,False,2018
108,Outstanding Guest Actress In A Comedy Series,False,2018
108,Outstanding Writing For A Comedy Series,False,2019
108,Outstanding Comedy Series,False,2019
108,Outstanding Creative Achievement In Interactive Media Within A Scripted Program,False,2019
108,Outstanding Guest Actress In A Comedy Series,False,2019
108,Outstanding Lead Actor In A Comedy Series,False,2019
109,"Outstanding Directing For A Limited Series, Movie Or A Dramatic Special",False,2015
109,"Outstanding Music Composition For A Limited Series, Movie Or A Special (Original Dramatic Score)",False,2015
110,"Outstanding Music Composition For A Limited Series, Movie Or Special (Original Dramatic Score)",False,2018
111,Outstanding Lighting Design/Lighting Direction For A Variety Special,True,2018
111,Outstanding Variety Special (Live),True,2018
111,Outstanding Sound Mixing For A Variety Series Or Special,True,2018
111,Outstanding Production Design For A Variety Special,True,2018
111,"Outstanding Technical Direction, Camerawork, Video Control For A Limited Series, Movie Or Special",True,2018
111,"Outstanding Costumes For Variety, Nonfiction Or Reality Programming",False,2018
111,"Outstanding Directing For A Limited Series, Movie Or Dramatic Special",False,2018
111,"Outstanding Casting For A Limited Series, Movie Or Special",False,2018
111,Outstanding Lead Actor In A Limited Series Or Movie,False,2018
111,Outstanding Supporting Actor In A Limited Series Or Movie,False,2018
111,Outstanding Supporting Actress In A Limited Series Or Movie,False,2018
111,Outstanding Hairstyling For A Multi-Camera Series Or Special,False,2018
111,Outstanding Makeup For A Multi-Camera Series Or Special (Non-Prosthetic),False,2018
112,Outstanding Lead Actress In A Miniseries Or A Movie,False,2014
113,Outstanding Cinematography For A Miniseries Or Movie,True,2013
113,"Outstanding Casting For A Miniseries, Movie Or A Special",False,2013
113,Outstanding Miniseries or Movie,False,2013
113,"Outstanding Directing For A Miniseries, Movie Or A Dramatic Special",False,2013
113,"Outstanding Writing for a Miniseries, Movie or a Dramatic Special",False,2013
113,Outstanding Supporting Actor In A Miniseries Or A Movie,False,2013
113,Outstanding Single-Camera Picture Editing For A Miniseries Or A Movie,False,2013
113,Outstanding Lead Actress In A Miniseries Or A Movie,False,2013
114,Outstanding Narrator,False,2015
114,Outstanding Narrator,False,2016
115,Outstanding Supporting Actor In A Drama Series,False,2010
115,Outstanding Supporting Actor In A Drama Series,False,2011
115,Television Academy Honors,True,2012
116,Outstanding Made For Television Movie,False,2008
116,Outstanding Supporting Actress In A Miniseries Or A Movie,False,2008
116,Outstanding Lead Actress In A Miniseries Or A Movie,False,2008
117,Outstanding Supporting Actress In A Drama Series,True,2010
117,Outstanding Casting For A Drama Series,False,2010
117,Outstanding Costumes For A Series,False,2010
117,Outstanding Lead Actress In A Drama Series,False,2010
117,Outstanding Writing for a Drama Series,False,2010
117,Outstanding Guest Actor In A Drama Series,False,2010
117,Outstanding Drama Series,False,2010
117,Outstanding Lead Actress In A Drama Series,True,2011
117,Outstanding Cinematography For A Single-camera Series,False,2011
117,Outstanding Supporting Actor In A Drama Series,False,2011
117,Outstanding Supporting Actress In A Drama Series,False,2011
117,Outstanding Drama Series,False,2011
117,Outstanding Guest Actor In A Drama Series,False,2011
117,Outstanding Casting For A Drama Series,False,2011
117,Outstanding Guest Actress In A Drama Series,True,2012
117,Outstanding Lead Actress In A Drama Series,False,2012
117,Outstanding Guest Actor In A Drama Series,False,2012
117,Outstanding Supporting Actress In A Drama Series,False,2012
117,Outstanding Casting For A Drama Series,False,2012
117,Outstanding Guest Actress In A Drama Series,True,2013
117,Outstanding Casting For A Drama Series,False,2013
117,Outstanding Guest Actor In A Drama Series,False,2013
117,Outstanding Supporting Actress In A Drama Series,False,2013
117,Outstanding Lead Actress In A Drama Series,True,2014
117,Outstanding Supporting Actress In A Drama Series,False,2014
117,Outstanding Supporting Actor In A Drama Series,False,2014
117,Outstanding Guest Actor In A Drama Series,False,2014
117,Outstanding Casting For A Drama Series,False,2014
117,Outstanding Cinematography For A Single-Camera Series,False,2015
117,Outstanding Supporting Actor In A Drama Series,False,2015
117,Outstanding Supporting Actress In A Drama Series,False,2015
117,Outstanding Guest Actor In A Drama Series,False,2015
117,Outstanding Writing For A Drama Series,False,2016
117,Outstanding Guest Actress In A Drama Series,False,2016
117,Outstanding Guest Actor In A Drama Series,False,2016
117,"Outstanding Costumes For A Contemporary Series, Limited Series Or Movie",False,2016
118,"Outstanding Casting For A Miniseries, Movie Or A Special",True,2006
118,"Outstanding Directing For A Miniseries, Movie Or A Dramatic Special",True,2006
118,Outstanding Supporting Actor In A Miniseries Or A Movie,True,2006
118,"Outstanding Art Direction For A Miniseries, Or Movie",True,2006
118,Outstanding Miniseries,True,2006
118,"Outstanding Hairstyling For A Miniseries, Movie Or A Special",True,2006
118,"Outstanding Costumes For A Miniseries, Movie Or A Special",True,2006
118,Outstanding Lead Actress In A Miniseries Or A Movie,True,2006
118,Outstanding Single-Camera Picture Editing For A Miniseries Or A Movie,True,2006
118,Outstanding Single-Camera Sound Mixing For A Miniseries Or A Movie,False,2006
118,"Outstanding Writing for a Miniseries, Movie or a Dramatic Special",False,2006
119,Outstanding Casting For A Drama Series,True,2012
119,Outstanding Lead Actor In A Drama Series,True,2012
119,Outstanding Writing for a Drama Series,True,2012
119,Outstanding Lead Actress In A Drama Series,True,2012
119,Outstanding Drama Series,True,2012
119,Outstanding Single-Camera Picture Editing For A Drama Series,True,2012
119,Outstanding Sound Mixing For A Comedy Or Drama Series (One Hour),False,2012
119,Outstanding Directing For A Drama Series,False,2012
119,Outstanding Original Main Title Theme Music,False,2012
119,Outstanding Writing for a Drama Series,True,2013
119,Outstanding Lead Actress In A Drama Series,True,2013
119,Outstanding Cinematography For A Single-camera Series,False,2013
119,Outstanding Casting For A Drama Series,False,2013
119,Outstanding Sound Mixing For A Comedy Or Drama Series (One Hour),False,2013
119,Outstanding Drama Series,False,2013
119,Outstanding Directing For A Drama Series,False,2013
119,Outstanding Guest Actor In A Drama Series,False,2013
119,Outstanding Supporting Actor In A Drama Series,False,2013
119,Outstanding Supporting Actress In A Drama Series,False,2013
119,Outstanding Lead Actor In A Drama Series,False,2013
119,Outstanding Supporting Actor In A Drama Series,False,2014
119,Outstanding Lead Actress In A Drama Series,False,2014
119,Outstanding Cinematography For A Single-camera Series,False,2014
119,Outstanding Sound Mixing For A Comedy Or Drama Series (One Hour),False,2014
119,Outstanding Directing For A Drama Series,False,2015
119,Outstanding Sound Mixing For A Comedy Or Drama Series (One Hour),False,2015
119,Outstanding Drama Series,False,2015
119,Outstanding Guest Actor In A Drama Series,False,2015
119,Outstanding Lead Actress In A Drama Series,False,2015
119,Outstanding Lead Actress In A Drama Series,False,2016
119,Outstanding Drama Series,False,2016
119,Outstanding Directing For A Drama Series,False,2016
119,Outstanding Cinematography For A Single-Camera Series,False,2016
119,Outstanding Sound Editing for a Series,False,2017
119,Outstanding Directing for a Drama Series,False,2017
119,Outstanding Supporting Actor in a Drama Series,False,2017
119,Outstanding Guest Actor In A Drama Series,False,2018
119,Outstanding Supporting Actor In A Drama Series,False,2018
119,Outstanding Sound Editing For A Comedy Or Drama Series (One Hour),False,2018
120,OUTSTANDING WRITING IN A COMEDY SERIES,True,1983
120,Outstanding Comedy Series,True,1983
120,Outstanding Lead Actress In A Comedy Series,True,1983
120,OUTSTANDING INDIVIDUAL ACHIEVEMENT - graphic design and title sequences,True,1983
120,OUTSTANDING DIRECTING IN A COMEDY SERIES,True,1983
120,OUTSTANDING FILM EDITING FOR A SERIES,False,1983
120,OUTSTANDING ART DIRECTION FOR A SERIES,False,1983
120,OUTSTANDING ACHIEVEMENT IN MUSIC AND LYRICS,False,1983
120,Outstanding Lead Actor In A Comedy Series,False,1983
120,"OUTSTANDING SUPPORTING ACTRESS IN A COMEDY, VARIETY or music series",False,1983
120,"OUTSTANDING SUPPORTING ACTOR IN A COMEDY, variety or music series",False,1983
120,Outstanding Comedy Series,True,1984
120,Outstanding Supporting Actress In A Comedy Series,True,1984
120,OUTSTANDING FILM EDITING FOR A SERIES,True,1984
120,OUTSTANDING WRITING IN A COMEDY SERIES,True,1984
120,OUTSTANDING LIVE AND TAPE SOUND MIXING AND SOUND EFFECTS for a series,False,1984
120,OUTSTANDING DIRECTING IN A COMEDY SERIES,False,1984
120,Outstanding Supporting Actor In A Comedy Series,False,1984
120,Outstanding Lead Actor In A Comedy Series,False,1984
120,Outstanding Lead Actress In A Comedy Series,False,1984
120,Outstanding Supporting Actress In A Comedy Series,True,1985
120,OUTSTANDING LIVE AND TAPE SOUND MIXING AND SOUND EFFECTS for a series,True,1985
120,OUTSTANDING DIRECTING IN A COMEDY SERIES,False,1985
120,Outstanding Comedy Series,False,1985
120,Outstanding Supporting Actor In A Comedy Series,False,1985
120,Outstanding Lead Actor In A Comedy Series,False,1985
120,Outstanding Lead Actress In A Comedy Series,False,1985
120,OUTSTANDING WRITING IN A COMEDY SERIES,False,1985
120,OUTSTANDING SOUND MIXING FOR A COMEDY SERIES OR A SPECIAL,True,1986
120,Outstanding Supporting Actress In A Comedy Series,True,1986
120,Outstanding Lead Actress In A Comedy Series,False,1986
120,Outstanding Lead Actor In A Comedy Series,False,1986
120,Outstanding Supporting Actor In A Comedy Series,False,1986
120,OUTSTANDING WRITING IN A COMEDY SERIES,False,1986
120,OUTSTANDING EDITING FOR A SERIES (multi-camera production),False,1986
120,OUTSTANDING DIRECTING IN A COMEDY SERIES,False,1986
120,Outstanding Comedy Series,False,1986
120,OUTSTANDING GUEST PERFORMER IN A COMEDY SERIES,True,1987
120,OUTSTANDING SOUND MIXING FOR A COMEDY SERIES OR A SPECIAL,True,1987
120,OUTSTANDING DIRECTING IN A COMEDY SERIES,False,1987
120,Outstanding Comedy Series,False,1987
120,Outstanding Supporting Actor In A Comedy Series,False,1987
120,Outstanding Supporting Actress In A Comedy Series,False,1987
120,Outstanding Lead Actor In A Comedy Series,False,1987
120,OUTSTANDING EDITING FOR A SERIES (multi camera production),False,1987
120,OUTSTANDING WRITING IN A COMEDY SERIES,False,1987
120,OUTSTANDING EDITING FOR A SERIES (multi-camera production),True,1988
120,OUTSTANDING WRITING IN A COMEDY SERIES,False,1988
120,OUTSTANDING SOUND MIXING FOR A COMEDY SERIES OR A SPECIAL,False,1988
120,OUTSTANDING DIRECTING IN A COMEDY SERIES,False,1988
120,Outstanding Comedy Series,False,1988
120,Outstanding Supporting Actor In A Comedy Series,False,1988
120,Outstanding Supporting Actress In A Comedy Series,False,1988
120,Outstanding Lead Actor In A Comedy Series,False,1988
120,Outstanding Lead Actress In A Comedy Series,False,1988
120,Outstanding Supporting Actress In A Comedy Series,True,1989
120,Outstanding Supporting Actor In A Comedy Series,True,1989
120,Outstanding Comedy Series,True,1989
120,Outstanding Lead Actor In A Comedy Series,False,1989
120,OUTSTANDING SOUND MIXING FOR A COMEDY SERIES OR A SPECIAL,False,1989
120,OUTSTANDING DIRECTING IN A COMEDY SERIES,False,1989
120,Outstanding Lead Actor In A Comedy Series,True,1990
120,Outstanding Supporting Actress In A Comedy Series,True,1990
120,Outstanding Guest Actress In A Comedy Series,False,1990
120,Outstanding Supporting Actor In A Comedy Series,False,1990
120,OUTSTANDING DIRECTING IN A COMEDY SERIES,True,1991
120,Outstanding Comedy Series,True,1991
120,Outstanding Supporting Actress In A Comedy Series,True,1991
120,Outstanding Lead Actress In A Comedy Series,True,1991
120,Outstanding Guest Actor In A Comedy Series,False,1991
120,Outstanding Guest Actress In A Comedy Series,False,1991
120,Outstanding Supporting Actor In A Comedy Series,False,1991
120,Outstanding Lead Actor In A Comedy Series,False,1991
120,OUTSTANDING SOUND MIXING FOR A COMEDY SERIES OR A SPECIAL,False,1991
120,OUTSTANDING EDITING FOR A SERIES (multi-camera production),False,1991
120,Outstanding Comedy Series,False,1992
120,Outstanding Supporting Actor In A Comedy Series,False,1992
120,OUTSTANDING INDIVIDUAL ACHIEVEMENT IN DIRECTING IN A comedy series,False,1992
120,OUTSTANDING individual achievement in SOUND MIXING FOR A COMEDY SERIES OR A SPECIAL,False,1992
120,OUTSTANDING INDIVIDUAL ACHIEVEMENT IN EDITING FOR A SERIES - multi-camera production,False,1992
120,Outstanding Supporting Actress In A Comedy Series,False,1992
120,Outstanding Lead Actor In A Comedy Series,False,1992
120,Outstanding Lead Actress In A Comedy Series,False,1992
120,OUTSTANDING INDIVIDUAL ACHIEVEMENT IN EDITING FOR A SERIES - multi-camera production,True,1993
120,Outstanding Lead Actor In A Comedy Series,True,1993
120,Outstanding Lead Actress In A Comedy Series,False,1993
120,Outstanding Supporting Actress In A Comedy Series,False,1993
120,Outstanding Comedy Series,False,1993
120,Outstanding Guest Actor In A Comedy Series,False,1993
120,Outstanding Guest Actress In A Comedy Series,False,1993
120,OUTSTANDING INDIVIDUAL ACHIEVEMENT IN DIRECTING IN A comedy  series,False,1993
121,Outstanding Documentary Or Nonfiction Series,True,2014
121,Outstanding Writing for Nonfiction Programming,False,2014
122,Outstanding Narrator,True,2017
122,"Outstanding Music Composition for a Limited Series, Movie, or Special (Original Dramatic Score)",False,2017
123,Outstanding Supporting Actress In A Drama Series,False,2016
124,Outstanding Documentary Or Nonfiction Special,False,2013
125,Outstanding Guest Actor In A Drama Series,False,2018
126,"Outstanding Directing For A Limited Series, Movie Or Dramatic Special",False,2018
126,"Outstanding Casting For A Limited Series, Movie Or Special",False,2018
126,Outstanding Lead Actor In A Limited Series Or Movie,False,2018
126,"Outstanding Writing For A Limited Series, Movie Or Dramatic Special",False,2018
126,Outstanding Limited Series,False,2018
127,Outstanding Casting For A Comedy Series,True,2012
127,Outstanding Comedy Series,False,2012
127,Outstanding Directing For A Comedy Series,False,2012
127,Outstanding Writing for a Comedy Series,False,2012
127,Outstanding Lead Actress In A Comedy Series,False,2012
127,Outstanding Casting For A Comedy Series,False,2013
127,Outstanding Lead Actress In A Comedy Series,False,2013
127,Outstanding Comedy Series,False,2013
127,Outstanding Directing For A Comedy Series,False,2013
127,Outstanding Supporting Actor In A Comedy Series,False,2013
127,Outstanding Lead Actress In A Comedy Series,False,2014
127,Outstanding Supporting Actor In A Comedy Series,False,2014
127,Outstanding Supporting Actor In A Comedy Series,False,2015
127,Outstanding Guest Actress In A Comedy Series,False,2015
127,Outstanding Guest Actor In A Comedy Series,True,2016
127,Outstanding Guest Actress in a Comedy Series,False,2017
127,Outstanding Music Supervision,False,2017
127,Outstanding Guest Actor in a Comedy Series,False,2017
128,"Outstanding Special Visual Effects For A Miniseries, Movie Or A Special",True,2009
128,"Outstanding Sound Editing For A Miniseries, Movie Or A Special",True,2009
128,Outstanding Sound Mixing For A Miniseries Or A Movie,True,2009
128,Outstanding Single-Camera Picture Editing For A Miniseries Or A Movie,False,2009
128,"Outstanding Directing For A Miniseries, Movie Or A Dramatic Special",False,2009
128,"Outstanding Writing for a Miniseries, Movie or a Dramatic Special",False,2009
128,Outstanding Miniseries,False,2009
128,Outstanding Art Direction For A Miniseries Or Movie,False,2009
128,Outstanding Cinematography For A Miniseries Or Movie,False,2009
128,"Outstanding Casting For A Miniseries, Movie Or A Special",False,2009
129,Outstanding Music Composition For A Series (Original Dramatic Score),True,2016
129,Outstanding Lead Actor In A Drama Series,True,2016
129,Outstanding Sound Mixing For A Comedy Or Drama Series (One Hour),False,2016
129,Outstanding Writing For A Drama Series,False,2016
129,Outstanding Drama Series,False,2016
129,Outstanding Casting For A Drama Series,False,2016
129,Outstanding Sound Mixing for a Comedy or Drama Series (One Hour),False,2017
129,Outstanding Guest Actor in a Drama Series,False,2017
129,Outstanding Cinematography for a Single-Camera Series (One Hour),False,2017
129,Outstanding Creative Achievement In Interactive Media Within A Scripted Program,False,2018
129,Outstanding Special Visual Effects In A Supporting Role,False,2018
129,Outstanding Sound Mixing For A Comedy Or Drama Series (One Hour),False,2018
130,Outstanding Single-camera Picture Editing For A Comedy Series,True,2014
130,Outstanding Guest Actress In A Comedy Series,True,2014
130,Outstanding Casting For A Comedy Series,True,2014
130,Outstanding Lead Actress In A Comedy Series,False,2014
130,Outstanding Writing for a Comedy Series,False,2014
130,Outstanding Directing For A Comedy Series,False,2014
130,Outstanding Supporting Actress In A Comedy Series,False,2014
130,Outstanding Comedy Series,False,2014
130,Outstanding Supporting Actress In A Drama Series,True,2015
130,Outstanding Casting For A Drama Series,False,2015
130,Outstanding Drama Series,False,2015
130,Outstanding Guest Actor In A Drama Series,False,2015
130,Outstanding Casting For A Drama Series,False,2016
130,Outstanding Guest Actress in a Drama Series,False,2017
130,Outstanding Supporting Actress in a Drama Series,False,2017
130,Outstanding Guest Actress In A Drama Series,False,2019
131,Outstanding Writing for a Drama Series,True,2017
131,Outstanding Drama Series,True,2017
131,Outstanding Lead Actress in a Drama Series,True,2017
131,Outstanding Guest Actress in a Drama Series,True,2017
131,Outstanding Supporting Actress in a Drama Series,True,2017
131,Outstanding Production Design for a Narrative Contemporary or Fantasy Program (One Hour or More),True,2017
131,Outstanding Directing for a Drama Series,True,2017
131,Outstanding Cinematography for a Single-Camera Series (One Hour),True,2017
131,Outstanding Special Visual Effects in a Supporting Role,False,2017
131,"Outstanding Period/Fantasy Costumes for a Series, Limited Series, or Movie",False,2017
131,Outstanding Casting for a Drama Series,False,2017
131,Outstanding Guest Actress In A Drama Series,True,2018
131,Outstanding Production Design For A Narrative Contemporary Program (One Hour Or More),True,2018
131,Outstanding Single-Camera Picture Editing For A Drama Series,True,2018
131,Outstanding Cinematography For A Single-Camera Series (One Hour),False,2018
131,Outstanding Directing For A Drama Series,False,2018
131,Outstanding Casting For A Drama Series,False,2018
131,Outstanding Fantasy/Sci-Fi Costumes,False,2018
131,Outstanding Lead Actress In A Drama Series,False,2018
131,Outstanding Supporting Actress In A Drama Series,False,2018
131,Outstanding Supporting Actor In A Drama Series,False,2018
131,Outstanding Makeup For A Single-Camera Series (Non-Prosthetic),False,2018
131,Outstanding Special Visual Effects In A Supporting Role,False,2018
131,Outstanding Sound Mixing For A Comedy Or Drama Series (One Hour),False,2018
131,Outstanding Writing For A Drama Series,False,2018
131,Outstanding Drama Series,False,2018
131,Outstanding Guest Actor In A Drama Series,True,2019
131,Outstanding Guest Actress In A Drama Series,True,2019
131,Outstanding Production Design For A Narrative Contemporary Program (One Hour Or More),True,2019
131,Outstanding Writing For A Drama Series,False,2019
131,Outstanding Fantasy/Sci-Fi Costumes,False,2019
131,Outstanding Single-Camera Picture Editing For A Drama Series,False,2019
131,Outstanding Directing For A Drama Series,False,2019
131,Outstanding Cinematography For A Single-Camera Series (One Hour),False,2019
131,Outstanding Sound Mixing For A Comedy Or Drama Series (One Hour),False,2019
131,Outstanding Music Composition For A Series (Original Dramatic Score),False,2019
132,Outstanding Commercial,False,2009
133,Outstanding Single-Camera Picture Editing For A Comedy Series,True,2016
133,Outstanding Choreography,True,2016
133,Outstanding Original Music And Lyrics,False,2016
133,Outstanding Original Main Title Theme Music,False,2016
133,Outstanding Original Music and Lyrics,False,2017
133,Outstanding Original Music And Lyrics,True,2019
133,Outstanding Choreography For Scripted Programming (Juried),True,2019
133,Outstanding Original Main Title Theme Music,False,2019
134,"Outstanding Hairstyling For A Miniseries, Movie Or A Special",True,1998
134,Outstanding Miniseries,True,1998
134,OUTSTANDING CASTING FOR A MINISERIES OR A MOVIE,True,1998
134,"OUTSTANDING MAKEUP FOR A MINISERIES, MOVIE OR A SPECIAL",False,1998
134,OUTSTANDING DIRECTING FOR A MINISERIES OR A MOVIE,False,1998
134,OUTSTANDING COSTUME DESIGN FOR A MINISERIES OR A MOVIE,False,1998
134,OUTSTANDING CINEMATOGRAPHY FOR A MINISERIES OR A MOVIE,False,1998
134,"Outstanding Sound Editing For A Miniseries, Movie Or A Special",False,1998
134,Outstanding Single-Camera Picture Editing For A Miniseries Or A Movie,False,1998
134,OUTSTANDING MUSIC COMPOSITION FOR A MINISERIES OR A MOVIE (dramatic underscore),False,1998
134,OUTSTANDING ART DIRECTION FOR A MINISERIES OR A MOVIE,False,1998
134,OUTSTANDING SOUND MIXING FOR A DRAMA MINISERIES or a movie,False,1998
134,OUTSTANDING WRITING FOR A MINISERIES OR A MOVIE,False,1998
134,OUTSTANDING SPECIAL VISUAL EFFECTS FOR A MINISERIES OR A MOVIE,False,1998
135,"Outstanding Costumes For A Miniseries, Movie Or A Special",True,2011
135,Outstanding Cinematography For A Miniseries Or Movie,True,2011
135,Outstanding Miniseries or Movie,True,2011
135,Outstanding Supporting Actress In A Miniseries Or A Movie,True,2011
135,"Outstanding Writing for a Miniseries, Movie or a Dramatic Special",True,2011
135,"Outstanding Directing For A Miniseries, Movie Or A Dramatic Special",True,2011
135,"Outstanding Sound Editing For A Miniseries, Movie Or A Special",False,2011
135,Outstanding Single-Camera Picture Editing For A Miniseries Or A Movie,False,2011
135,Outstanding Art Direction For A Miniseries Or Movie,False,2011
135,"Outstanding Casting For A Miniseries, Movie Or A Special",False,2011
135,Outstanding Lead Actress In A Miniseries Or A Movie,False,2011
135,Outstanding Hairstyling For A Single-Camera Series,True,2012
135,Outstanding Supporting Actress In A Drama Series,True,2012
135,Outstanding Music Composition For A Series (Original Dramatic Score),True,2012
135,Outstanding Lead Actress In A Drama Series,False,2012
135,Outstanding Lead Actor In A Drama Series,False,2012
135,Outstanding Single-Camera Picture Editing For A Drama Series,False,2012
135,Outstanding Sound Mixing For A Comedy Or Drama Series (One Hour),False,2012
135,Outstanding Writing for a Drama Series,False,2012
135,Outstanding Supporting Actor In A Drama Series,False,2012
135,Outstanding Directing For A Drama Series,False,2012
135,Outstanding Drama Series,False,2012
135,Outstanding Costumes For A Series,False,2012
135,Outstanding Art Direction For A Single-Camera Series,False,2012
135,Outstanding Casting For A Drama Series,False,2012
135,Outstanding Music Composition For A Series (Original Dramatic Score),True,2013
135,Outstanding Casting For A Drama Series,False,2013
135,Outstanding Hairstyling For A Single-Camera Series,False,2013
135,Outstanding Costumes For A Series,False,2013
135,Outstanding Art Direction For A Single-Camera Series,False,2013
135,Outstanding Drama Series,False,2013
135,Outstanding Directing For A Drama Series,False,2013
135,Outstanding Writing for a Drama Series,False,2013
135,Outstanding Supporting Actor In A Drama Series,False,2013
135,Outstanding Lead Actress In A Drama Series,False,2013
135,Outstanding Supporting Actress In A Drama Series,False,2013
135,Outstanding Lead Actor In A Drama Series,False,2013
135,Outstanding Hairstyling For A Single-Camera Series,True,2014
135,Outstanding Supporting Actor In A Drama Series,False,2014
135,Outstanding Supporting Actress In A Drama Series,False,2014
135,Outstanding Lead Actress In A Drama Series,False,2014
135,Outstanding Drama Series,False,2014
135,Outstanding Directing For A Drama Series,False,2014
135,Outstanding Guest Actor In A Drama Series,False,2014
135,Outstanding Costumes For A Series,False,2014
135,Outstanding Sound Mixing For A Comedy Or Drama Series (One Hour),False,2014
135,Outstanding Music Composition For A Series (Original Dramatic Score),False,2014
135,"Outstanding Art Direction For A Period Series, Miniseries Or A Movie (Single-Camera)",False,2014
135,Outstanding Hairstyling For A Single-Camera Series,True,2015
135,"Outstanding Costumes For A Period | Fantasy Series, Limited Series Or Movie",False,2015
135,Outstanding Casting For A Drama Series,False,2015
135,Outstanding Production Design For A Narrative Period Program (One Hour Or More),False,2015
135,Outstanding Supporting Actor In A Drama Series,False,2015
135,Outstanding Supporting Actress In A Drama Series,False,2015
135,Outstanding Sound Mixing For A Comedy Or Drama Series (One Hour),False,2015
135,Outstanding Drama Series,False,2015
135,Outstanding Supporting Actress In A Drama Series,True,2016
135,Outstanding Production Design For A Narrative Period Program (One Hour Or More),True,2016
135,Outstanding Hairstyling For A Single-Camera Series,True,2016
135,Outstanding Sound Mixing For A Comedy Or Drama Series (One Hour),False,2016
135,Outstanding Writing For A Drama Series,False,2016
135,Outstanding Drama Series,False,2016
135,Outstanding Directing For A Drama Series,False,2016
135,Outstanding Casting For A Drama Series,False,2016
135,"Outstanding Costumes For A Period/Fantasy Series, Limited Series Or Movie",False,2016
135,Outstanding Cinematography For A Single-Camera Series,False,2016
136,Outstanding Variety Sketch Series,False,2016
136,Outstanding Variety Sketch Series,False,2017
136,Outstanding Variety Sketch Series,False,2019
136,Outstanding Writing For A Variety Series,False,2019
136,Outstanding Directing For A Variety Series,False,2019
136,Outstanding Original Music And Lyrics,False,2019
137,"Outstanding Music Composition For A Limited Series, Movie Or Special (Original Dramatic Score)",True,2016
137,"Outstanding Directing For A Limited Series, Movie Or Dramatic Special",True,2016
137,Outstanding Sound Mixing For A Limited Series Or Movie,False,2016
137,"Outstanding Sound Editing For A Limited Series, Movie Or Special",False,2016
137,Outstanding Original Main Title Theme Music,False,2016
137,Outstanding Lead Actor In A Limited Series Or Movie,False,2016
137,Outstanding Limited Series,False,2016
137,Outstanding Main Title Design,False,2016
137,"Outstanding Writing For A Limited Series, Movie Or Dramatic Special",False,2016
137,Outstanding Supporting Actress In A Limited Series Or Movie,False,2016
137,Outstanding Supporting Actor In A Limited Series Or Movie,False,2016
137,"Outstanding Casting For A Limited Series, Movie Or Special",False,2016
138,OUTSTANDING ACHIEVEMENT IN MAIN TITLE THEME MUSIC,False,1991
138,OUTSTANDING INDIVIDUAL ACHIEVEMENT IN DIRECTING IN A comedy  series,True,1993
138,Outstanding Guest Actor In A Comedy Series,True,1993
138,OUTSTANDING individual achievement in WRITING IN A COMEDY SERIES,False,1993
138,Outstanding Guest Actress In A Comedy Series,False,1993
138,Outstanding Guest Actor In A Comedy Series,False,1994
138,OUTSTANDING individual achievement in SOUND MIXING FOR A COMEDY SERIES OR A SPECIAL,False,1995
138,Outstanding Commercial,False,2015
139,Outstanding Casting For A Comedy Series,False,2015
139,Outstanding Comedy Series,False,2015
139,Outstanding Supporting Actress In A Comedy Series,False,2015
139,Outstanding Supporting Actor In A Comedy Series,False,2015
139,Outstanding Stunt Coordination For A Comedy Series Or A Variety Program,False,2015
139,Outstanding Guest Actress In A Comedy Series,False,2015
139,Outstanding Guest Actor In A Comedy Series,False,2015
139,Outstanding Lead Actress In A Comedy Series,False,2016
139,Outstanding Supporting Actor In A Comedy Series,False,2016
139,Outstanding Casting For A Comedy Series,False,2016
139,Outstanding Comedy Series,False,2016
139,Outstanding Stunt Coordination for a Comedy Series or a Variety Program,False,2017
139,Outstanding Supporting Actor in a Comedy Series,False,2017
139,Outstanding Comedy Series,False,2017
139,Outstanding Lead Actress in a Comedy Series,False,2017
139,Outstanding Original Music and Lyrics,False,2017
139,Outstanding Supporting Actor In A Comedy Series,False,2018
139,Outstanding Comedy Series,False,2018
140,Outstanding Original Main Title Theme Music,False,2017
140,Outstanding Original Music And Lyrics,False,2018
141,OUTSTANDING SINGLE-CAMERA PICTURE EDITING FOR A SERIES,True,2002
141,Outstanding Writing for a Drama Series,True,2002
141,Outstanding Lead Actor In A Drama Series,False,2002
141,Outstanding Directing For A Drama Series,False,2002
141,Outstanding Drama Series,False,2002
141,OUTSTANDING MUSIC COMPOSITION FOR A SERIES (DRAMATIC UNDERSCORE),False,2002
141,Outstanding Single-Camera Sound Mixing For A Series,False,2002
141,Outstanding Art Direction For A Single-Camera Series,False,2002
141,Outstanding Casting For A Drama Series,False,2002
141,OUTSTANDING MUSIC COMPOSITION FOR A SERIES (DRAMATIC UNDERSCORE),True,2003
141,Outstanding Single-Camera Picture Editing For A Drama Series,True,2003
141,Outstanding Stunt Coordination,False,2003
141,Outstanding Sound Editing For A Series,False,2003
141,Outstanding Drama Series,False,2003
141,Outstanding Directing For A Drama Series,False,2003
141,Outstanding Single-Camera Sound Mixing For A Series,False,2003
141,Outstanding Casting For A Drama Series,False,2003
141,Outstanding Lead Actor In A Drama Series,False,2003
141,Outstanding Casting For A Drama Series,True,2004
141,Outstanding Single-Camera Sound Mixing For A Series,True,2004
141,Outstanding Single-Camera Picture Editing For A Drama Series,True,2004
141,Outstanding Stunt Coordination,True,2004
141,Outstanding Lead Actor In A Drama Series,False,2004
141,Outstanding Drama Series,False,2004
141,OUTSTANDING MUSIC COMPOSITION FOR A SERIES (DRAMATIC UNDERSCORE),False,2004
141,Outstanding Sound Editing For A Series,False,2004
141,Outstanding Stunt Coordination,True,2005
141,Outstanding Sound Editing For A Series,True,2005
141,Outstanding Single-Camera Sound Mixing For A Series,True,2005
141,Outstanding Single-Camera Picture Editing For A Drama Series,False,2005
141,Outstanding Drama Series,False,2005
141,Outstanding Cinematography For A Single-camera Series,False,2005
141,Outstanding Casting For A Drama Series,False,2005
141,OUTSTANDING MUSIC COMPOSITION FOR A SERIES (DRAMATIC UNDERSCORE),False,2005
141,Outstanding Lead Actor In A Drama Series,False,2005
141,Outstanding Music Composition For A Series (Original Dramatic Score),True,2006
141,Outstanding Directing For A Drama Series,True,2006
141,Outstanding Lead Actor In A Drama Series,True,2006
141,Outstanding Drama Series,True,2006
141,Outstanding Single-Camera Picture Editing For A Drama Series,True,2006
141,Outstanding Supporting Actor In A Drama Series,False,2006
141,Outstanding Supporting Actress In A Drama Series,False,2006
141,Outstanding Single-Camera Sound Mixing For A Series,False,2006
141,Outstanding Sound Editing For A Series,False,2006
141,Outstanding Stunt Coordination,False,2006
141,Outstanding Cinematography For A Single-camera Series,False,2006
141,Outstanding Sound Editing For A Series,True,2007
141,Outstanding Music Composition For A Series (Original Dramatic Score),False,2007
141,Outstanding Sound Mixing For A Comedy Or Drama Series (one-hour),False,2007
141,Outstanding Stunt Coordination,False,2007
141,Outstanding Guest Actress In A Drama Series,False,2007
141,Outstanding Lead Actor In A Drama Series,False,2007
141,Outstanding Supporting Actress In A Drama Series,True,2009
141,Outstanding Music Composition For A Series (Original Dramatic Score),False,2009
141,Outstanding Sound Editing For A Series,False,2009
141,Outstanding Single-Camera Picture Editing For A Drama Series,False,2009
141,Outstanding Sound Mixing For A Comedy Or Drama Series (One Hour),False,2009
141,Outstanding Stunt Coordination,False,2009
141,Outstanding Sound Editing For A Series,True,2010
141,Outstanding Music Composition For A Series (Original Dramatic Score),True,2010
141,Outstanding Sound Mixing For A Comedy Or Drama Series (One Hour),False,2010
141,Outstanding Stunt Coordination,False,2010
141,Outstanding Guest Actor In A Drama Series,False,2010
142,Outstanding Voice-Over Performance,False,2010
142,Outstanding Animated Program,False,2014
142,Outstanding Animated Program,False,2015
142,Outstanding Animated Program,True,2016
142,Outstanding Animated Program,False,2017
143,Outstanding Lead Actor In A Comedy Series,False,1992
143,OUTSTANDING INDIVIDUAL ACHIEVEMENT IN DIRECTING IN A comedy series,True,1994
143,OUTSTANDING INDIVIDUAL ACHIEVEMENT IN EDITING FOR A SERIES - multi-camera production,True,1994
143,Outstanding Lead Actor In A Comedy Series,True,1994
143,Outstanding Comedy Series,True,1994
143,OUTSTANDING individual achievement in WRITING IN A COMEDY SERIES,True,1994
143,OUTSTANDING individual achievement in SOUND MIXING FOR A COMEDY SERIES OR A SPECIAL,False,1994
143,OUTSTANDING INDIVIDUAL ACHIEVEMENT IN main title theme music,False,1994
143,OUTSTANDING INDIVIDUAL ACHIEVEMENT IN ART DIRECTION FOR A series,False,1994
143,Outstanding Guest Actor In A Comedy Series,False,1994
143,Outstanding Supporting Actor In A Comedy Series,False,1994
143,OUTSTANDING INDIVIDUAL ACHIEVEMENT IN DIRECTING IN A comedy series,True,1995
143,Outstanding Supporting Actor In A Comedy Series,True,1995
143,Outstanding Comedy Series,True,1995
143,Outstanding Lead Actor In A Comedy Series,True,1995
143,OUTSTANDING individual achievement in WRITING IN A COMEDY SERIES,True,1995
143,OUTSTANDING INDIVIDUAL ACHIEVEMENT IN ART DIRECTION FOR A series,False,1995
143,Outstanding Guest Actor In A Comedy Series,False,1995
143,Outstanding Guest Actress In A Comedy Series,False,1995
143,OUTSTANDING INDIVIDUAL ACHIEVEMENT IN EDITING FOR A SERIES - multi-camera production,False,1995
143,OUTSTANDING individual achievement in SOUND MIXING FOR A COMEDY SERIES OR A SPECIAL,False,1995
143,Outstanding Comedy Series,True,1996
143,Outstanding Writing for a Comedy Series,True,1996
143,OUTSTANDING SOUND MIXING FOR A COMEDY SERIES OR A SPECIAL,True,1996
143,OUTSTANDING MULTI-CAMERA EDITING FOR A SERIES,True,1996
143,OUTSTANDING SUPPORTING ACTOR FOR A COMEDY SERIES,False,1996
143,OUTSTANDING GUEST ACTOR for A COMEDY SERIES,False,1996
143,OUTSTANDING CASTING FOR A SERIES,False,1996
143,OUTSTANDING LEAD ACTOR FOR A COMEDY SERIES,False,1996
143,OUTSTANDING GUEST ACTRESS FOR A COMEDY SERIES,False,1996
143,Outstanding Directing For A Comedy Series,True,1997
143,Outstanding Comedy Series,True,1997
143,Outstanding Guest Actor In A Comedy Series,False,1997
143,Outstanding Guest Actress In A Comedy Series,False,1997
143,Outstanding Supporting Actor In A Comedy Series,False,1997
143,OUTSTANDING CASTING FOR A SERIES,False,1997
143,Outstanding Lead Actor In A Comedy Series,False,1997
143,OUTSTANDING SOUND MIXING FOR A COMEDY SERIES OR A SPECIAL,False,1997
143,Outstanding Multi-camera Picture Editing For A Series,False,1997
143,Outstanding Lead Actor In A Comedy Series,True,1998
143,Outstanding Supporting Actor In A Comedy Series,True,1998
143,Outstanding Multi-camera Picture Editing For A Series,True,1998
143,Outstanding Comedy Series,True,1998
143,OUTSTANDING COSTUME DESIGN FOR A SERIES,False,1998
143,OUTSTANDING CASTING FOR A SERIES,False,1998
143,Outstanding Guest Actress In A Comedy Series,False,1998
143,Outstanding Supporting Actress In A Comedy Series,False,1998
143,Outstanding Writing for a Comedy Series,False,1998
143,OUTSTANDING SOUND MIXING FOR A COMEDY SERIES OR A SPECIAL,False,1998
143,Outstanding Supporting Actor In A Comedy Series,True,1999
143,Outstanding Writing for a Comedy Series,True,1999
143,OUTSTANDING SOUND MIXING FOR A COMEDY SERIES OR A SPECIAL,False,1999
143,Outstanding Multi-camera Picture Editing For A Series,False,1999
143,Outstanding Comedy Series,False,1999
143,Outstanding Guest Actor In A Comedy Series,False,1999
143,Outstanding Guest Actress In A Comedy Series,False,1999
143,Outstanding Lead Actor In A Comedy Series,False,1999
143,Outstanding Multi-camera Picture Editing For A Series,True,2000
143,Outstanding Guest Actress In A Comedy Series,True,2000
143,Outstanding Supporting Actor In A Comedy Series,False,2000
143,Outstanding Lead Actor In A Comedy Series,False,2000
143,Outstanding Guest Actor In A Comedy Series,False,2000
143,Outstanding Comedy Series,False,2000
143,Outstanding Writing for a Comedy Series,False,2000
143,OUTSTANDING SOUND MIXING FOR A COMEDY SERIES OR A SPECIAL,False,2000
143,Outstanding Multi-camera Picture Editing For A Series,True,2001
143,Outstanding Guest Actor In A Comedy Series,True,2001
143,Outstanding Guest Actress In A Comedy Series,True,2001
143,Outstanding Art Direction For A Multi-Camera Series,False,2001
143,Outstanding Casting For A Comedy Series,False,2001
143,Outstanding Comedy Series,False,2001
143,Outstanding Cinematography For A Multi-camera Series,False,2001
143,Outstanding Supporting Actor In A Comedy Series,False,2001
143,Outstanding Lead Actor In A Comedy Series,False,2001
143,Outstanding Multi-Camera Sound Mixing For A Series Or A Special,False,2001
143,Outstanding Multi-Camera Sound Mixing For A Series Or Special,True,2002
143,Outstanding Multi-camera Picture Editing For A Series,True,2002
143,Outstanding Guest Actor In A Comedy Series,True,2002
143,Outstanding Lead Actor In A Comedy Series,False,2002
143,Outstanding Supporting Actor In A Comedy Series,False,2002
143,Outstanding Casting For A Comedy Series,False,2002
143,Outstanding Cinematography For A Multi-camera Series,False,2002
143,Outstanding Multi-camera Picture Editing For A Series,True,2003
143,Outstanding Supporting Actor In A Comedy Series,False,2003
143,Outstanding Multi-Camera Sound Mixing For A Series Or Special,False,2003
143,Outstanding Cinematography For A Multi-camera Series,False,2003
143,Outstanding Multi-Camera Sound Mixing For A Series Or Special,True,2004
143,Outstanding Multi-camera Picture Editing For A Series,True,2004
143,Outstanding Guest Actress In A Comedy Series,True,2004
143,Outstanding Art Direction For A Multi-Camera Series,True,2004
143,Outstanding Supporting Actor In A Comedy Series,True,2004
143,Outstanding Lead Actor In A Comedy Series,True,2004
143,Outstanding Writing for a Comedy Series,False,2004
143,Outstanding Guest Actor In A Comedy Series,False,2004
143,Outstanding Casting For A Comedy Series,False,2004
144,Outstanding Lead Actress In A Comedy Series,False,1998
144,OUTSTANDING ART DIRECTION FOR A SERIES,False,1998
144,Outstanding Directing For A Comedy Series,False,1998
144,Outstanding Lead Actress In A Comedy Series,False,1999
144,Outstanding Lead Actress In A Comedy Series,False,2000
144,Outstanding Art Direction For A Multi-Camera Series,False,2000
145,Outstanding Achievement in Children's Programming - Programs,True,1971
145,Outstanding Achievement in Children's Programming - Individuals,False,1971
145,Outstanding Achievement in Children's Programming - Programs,True,1972
145,Outstanding Achievement in Children's Programming - Individuals,False,1972
145,Outstanding Achievement in Children's Programming - Entertainment/Fictional,True,1973
146,Outstanding Lead Actress In A Comedy Series,False,2013
146,Outstanding Guest Actress In A Comedy Series,False,2013
147,OUTSTANDING INDIVIDUAL ACHIEVEMENT IN CASTING,True,1995
147,Outstanding Supporting Actress In A Drama Series,True,1995
147,OUTSTANDING Individual achievement in SOUND MIXING FOR A DRAMA SERIES,True,1995
147,OUTSTANDING individual achievement in WRITING IN A DRAMA SERIES,True,1995
147,OUTSTANDING INDIVIDUAL ACHIEVEMENT IN DIRECTING IN A DRAMA,True,1995
147,OUTSTANDING INDIVIDUAL ACHIEVEMENT IN EDITING FOR A series - single-camera production,True,1995
147,OUTSTANDING INDIVIDUAL ACHIEVEMENT IN GRAPHIC DESIGN AND title sequences,True,1995
147,OUTSTANDING individual achievement in SOUND EDITING FOR A SERIES,True,1995
147,Outstanding Drama Series,False,1995
147,Outstanding Guest Actor In A Drama Series,False,1995
147,Outstanding Guest Actress In A Drama Series,False,1995
147,Outstanding Supporting Actor In A Drama Series,False,1995
147,Outstanding Lead Actor In A Drama Series,False,1995
147,Outstanding Lead Actress In A Drama Series,False,1995
147,OUTSTANDING INDIVIDUAL ACHIEVEMENT IN MAKEUP FOR A SERIES,False,1995
147,OUTSTANDING INDIVIDUAL ACHIEVEMENT IN main title theme music,False,1995
147,Outstanding Drama Series,True,1996
147,OUTSTANDING SOUND MIXING FOR A DRAMA SERIES,False,1996
147,OUTSTANDING SINGLE CAMERA EDITING FOR A SERIES,False,1996
147,OUTSTANDING SUPPORTING ACTRESS FOR A DRAMA SERIES,False,1996
147,OUTSTANDING SUPPORTING ACTOR FOR A DRAMA SERIES,False,1996
147,OUTSTANDING LEAD ACTRESS FOR A DRAMA SERIES,False,1996
147,OUTSTANDING CINEMATOGRAPHY FOR A SERIES,False,1996
147,OUTSTANDING CASTING FOR A SERIES,False,1996
147,OUTSTANDING LEAD ACTOR FOR A DRAMA SERIES,False,1996
147,OUTSTANDING GUEST ACTRESS FOR A DRAMA SERIES,False,1996
147,Outstanding Writing for a Drama Series,False,1996
147,Outstanding Directing For A Drama Series,False,1996
147,OUTSTANDING SOUND MIXING FOR A DRAMA SERIES,True,1997
147,OUTSTANDING CASTING FOR A SERIES,True,1997
147,OUTSTANDING SINGLE-CAMERA PICTURE EDITING FOR A SERIES,True,1997
147,Outstanding Lead Actor In A Drama Series,False,1997
147,Outstanding Lead Actress In A Drama Series,False,1997
147,Outstanding Supporting Actress In A Drama Series,False,1997
147,Outstanding Drama Series,False,1997
147,Outstanding Directing For A Drama Series,False,1997
147,Outstanding Writing for a Drama Series,False,1997
147,Outstanding Guest Actor In A Drama Series,False,1997
147,Outstanding Guest Actress In A Drama Series,False,1997
147,Outstanding Supporting Actor In A Drama Series,False,1997
147,THE PRESIDENT'S AWARD,False,1997
147,Outstanding Sound Editing For A Series,True,1998
147,OUTSTANDING TECHNICAL DIRECTION/CAMERA/VIDEO FOR A SERIES,True,1998
147,Outstanding Guest Actress In A Drama Series,False,1998
147,Outstanding Supporting Actor In A Drama Series,False,1998
147,Outstanding Supporting Actress In A Drama Series,False,1998
147,Outstanding Lead Actor In A Drama Series,False,1998
147,Outstanding Lead Actress In A Drama Series,False,1998
147,"OUTSTANDING LIGHTING DIRECTION (ELECTRONIC) FOR A DRAMA SERIES, VARIETY SERIES, MINISERIES, MOVIE OR",False,1998
147,Outstanding Directing For A Drama Series,False,1998
147,OUTSTANDING SINGLE-CAMERA PICTURE EDITING FOR A SERIES,False,1998
147,OUTSTANDING CASTING FOR A SERIES,False,1998
147,Outstanding Drama Series,False,1998
147,OUTSTANDING SOUND MIXING FOR A DRAMA SERIES,False,1998
147,Outstanding Sound Editing For A Series,True,1999
147,OUTSTANDING SOUND MIXING FOR A DRAMA SERIES,True,1999
147,OUTSTANDING SINGLE-CAMERA PICTURE EDITING FOR A SERIES,False,1999
147,Outstanding Lead Actress In A Drama Series,False,1999
147,Outstanding Supporting Actor In A Drama Series,False,1999
147,Outstanding Drama Series,False,1999
147,OUTSTANDING SINGLE-CAMERA PICTURE EDITING FOR A SERIES,True,2000
147,Outstanding Drama Series,False,2000
147,Outstanding Directing For A Drama Series,False,2000
147,Outstanding Guest Actor In A Drama Series,False,2000
147,Outstanding Lead Actress In A Drama Series,False,2000
147,OUTSTANDING SOUND MIXING FOR A DRAMA SERIES,False,2000
147,Outstanding Casting For A Drama Series,False,2000
147,Outstanding Sound Editing For A Series,False,2000
147,Outstanding Sound Editing For A Series,True,2001
147,Outstanding Guest Actress In A Drama Series,True,2001
147,Outstanding Guest Actor In A Drama Series,False,2001
147,Outstanding Directing For A Drama Series,False,2001
147,Outstanding Supporting Actress In A Drama Series,False,2001
147,Outstanding Drama Series,False,2001
147,Outstanding Single-Camera Sound Mixing For A Series,False,2001
147,Outstanding Single-Camera Sound Mixing For A Series,True,2002
147,Outstanding Guest Actress In A Drama Series,False,2002
147,Outstanding Writing for a Drama Series,False,2002
147,Outstanding Sound Editing For A Series,False,2002
147,Outstanding Single-Camera Sound Mixing For A Series,True,2003
147,Outstanding Sound Editing For A Series,False,2003
147,Outstanding Guest Actor In A Drama Series,False,2003
147,Outstanding Guest Actress In A Drama Series,False,2003
147,Outstanding Directing For A Drama Series,False,2004
147,Outstanding Guest Actor In A Drama Series,False,2004
147,Outstanding Single-Camera Picture Editing For A Drama Series,False,2004
147,Outstanding Sound Editing For A Series,False,2004
147,Outstanding Guest Actor In A Drama Series,True,2005
147,Outstanding Stunt Coordination,False,2005
147,Outstanding Sound Editing For A Series,False,2006
147,Outstanding Guest Actor In A Drama Series,False,2006
147,Outstanding Stunt Coordination,False,2007
147,Outstanding Sound Editing For A Series,False,2007
147,Outstanding Guest Actor In A Drama Series,False,2007
147,Outstanding Sound Editing For A Series,False,2008
147,Outstanding Guest Actor In A Drama Series,False,2008
147,Outstanding Directing For A Drama Series,True,2009
147,Outstanding Guest Actor In A Drama Series,False,2009
148,Outstanding Actress In A Short Form Comedy Or Drama Series,True,2019
148,Outstanding Short Form Comedy Or Drama Series,True,2019
148,Outstanding Actor In A Short Form Comedy Or Drama Series,True,2019
149,Outstanding Main Title Design,False,2000
150,"Outstanding Prosthetic Makeup For A Series, Miniseries, Movie Or A Special",True,2011
150,Outstanding Sound Editing For A Series,False,2011
150,Outstanding Special Visual Effects For A Series,False,2011
150,"Outstanding Prosthetic Makeup For A Series, Miniseries, Movie Or A Special",True,2012
150,Outstanding Sound Editing For A Series,False,2012
150,Outstanding Special Visual Effects,False,2012
150,"Outstanding Prosthetic Makeup For A Series, Miniseries, Movie Or A Special",False,2013
150,Outstanding Sound Editing For A Series,False,2014
150,Outstanding Special And Visual Effects In A Supporting Role,False,2014
150,Outstanding Sound Editing For A Series,False,2015
150,"Outstanding Prosthetic Makeup For A Series, Limited Series, Movie Or A Special",False,2015
150,Outstanding Special Visual Effects In A Supporting Role,False,2015
150,"Outstanding Stunt Coordination For A Drama Series, Limited Series Or Movie",False,2015
150,"Outstanding Prosthetic Makeup For A Series, Limited Series, Movie Or Special",False,2016
150,Outstanding Special Visual Effects In A Supporting Role,False,2016
150,"Outstanding Prosthetic Makeup for a Series, Limited Series, Movie, or Special",False,2017
151,Outstanding Writing For A Drama Series,False,2019
151,Outstanding Drama Series,False,2019
152,Outstanding Main Title Design,True,2015
153,OUTSTANDING ACHIEVEMENT IN MUSIC COMPOSITION FOR A miniseries or a special (dramatic Underscore),True,1991
153,OUTSTANDING EDITING FOR A MINISERIES OR A SPECIAL  (single camera production),False,1991
154,Outstanding Sound Editing For A Series,False,1996
155,Outstanding Writing for Nonfiction Programming,False,2007
155,Outstanding Directing For Nonfiction Programming,False,2007
155,Outstanding Cinematography For Nonfiction Programming,False,2007
155,Outstanding Nonfiction Series,True,2008
155,Outstanding Directing For Nonfiction Programming,True,2008
155,Outstanding Picture Editing For Nonfiction Programming,False,2008
155,Outstanding Cinematography For Nonfiction Programming,False,2008
155,Outstanding Writing for Nonfiction Programming,False,2008
155,Outstanding Picture Editing For Nonfiction Programming,True,2009
155,Outstanding Directing For Nonfiction Programming,False,2009
155,Outstanding Nonfiction Series,False,2009
155,Outstanding Cinematography For Nonfiction Programming,False,2009
156,Outstanding Non-Fiction Program (Reality),False,2002
156,Outstanding Reality Program,False,2004
156,Outstanding Reality Program,False,2005
156,Outstanding Picture Editing For An Unstructured Reality Program,True,2016
156,Outstanding Unstructured Reality Program,False,2016
157,Outstanding Documentary Or Nonfiction Series,True,2018
157,Outstanding Directing For A Documentary/Nonfiction Program,False,2018
157,Outstanding Picture Editing For A Nonfiction Program,False,2018
157,Outstanding Sound Mixing For A Nonfiction Program (Single or Multi-Camera),False,2018
157,Outstanding Sound Editing For A Nonfiction Program (Single Or Multi-Camera),False,2018
158,Outstanding Guest Actress In A Drama Series,False,2004
158,Outstanding Drama Series,False,2004
158,Outstanding Lead Actress In A Drama Series,False,2004
158,Outstanding Guest Actress In A Drama Series,False,2005
159,Outstanding Documentary or Nonfiction Series,False,2017
160,Outstanding Limited Series,False,2019
160,"Outstanding Writing For A Limited Series, Movie Or Dramatic Special",False,2019
160,Outstanding Special Visual Effects In A Supporting Role,False,2019
160,Outstanding Lead Actor In A Limited Series Or Movie,False,2019
160,"Outstanding Directing For A Limited Series, Movie Or Dramatic Special",False,2019
160,"Outstanding Casting For A Limited Series, Movie Or Special",False,2019
160,Outstanding Production Design For A Narrative Contemporary Program (One Hour Or More),False,2019
160,Outstanding Contemporary Costumes,False,2019
160,Outstanding Supporting Actor In A Limited Series Or Movie,False,2019
160,"Outstanding Music Composition For A Limited Series, Movie Or Special (Original Dramatic Score)",False,2019
160,Outstanding Lead Actress In A Limited Series Or Movie,False,2019
161,Outstanding Comedy Series,True,2004
161,Outstanding Directing For A Comedy Series,True,2004
161,Outstanding Writing for a Comedy Series,True,2004
161,Outstanding Casting For A Comedy Series,True,2004
161,Outstanding Single-camera Picture Editing For A Comedy Series,True,2004
161,Outstanding Art Direction For A Multi-Camera Series,False,2004
161,Outstanding Supporting Actor In A Comedy Series,False,2004
161,Outstanding Writing for a Comedy Series,True,2005
161,Outstanding Casting For A Comedy Series,False,2005
161,Outstanding Supporting Actor In A Comedy Series,False,2005
161,Outstanding Supporting Actress In A Comedy Series,False,2005
161,Outstanding Lead Actor In A Comedy Series,False,2005
161,Outstanding Comedy Series,False,2005
161,Outstanding Single-camera Picture Editing For A Comedy Series,False,2005
161,Outstanding Single-camera Picture Editing For A Comedy Series,False,2006
161,Outstanding Supporting Actor In A Comedy Series,False,2006
161,Outstanding Comedy Series,False,2006
161,Outstanding Writing for a Comedy Series,False,2006
161,Outstanding Music Composition For A Series (Original Dramatic Score),False,2013
161,Outstanding Single-camera Picture Editing For A Comedy Series,False,2013
161,Outstanding Lead Actor In A Comedy Series,False,2013
162,Outstanding Lead Actress In A Drama Series,True,2008
162,Outstanding Supporting Actor In A Drama Series,True,2008
162,Outstanding Casting For A Drama Series,True,2008
162,Outstanding Drama Series,False,2008
162,Outstanding Directing For A Drama Series,False,2008
162,Outstanding Writing for a Drama Series,False,2008
162,Outstanding Lead Actress In A Drama Series,True,2009
162,Outstanding Supporting Actress In A Drama Series,False,2009
162,Outstanding Drama Series,False,2009
162,Outstanding Directing For A Drama Series,False,2009
162,Outstanding Supporting Actor In A Drama Series,False,2009
162,Outstanding Guest Actor In A Drama Series,False,2009
162,Outstanding Casting For A Drama Series,False,2009
162,Outstanding Lead Actress In A Drama Series,False,2010
162,Outstanding Guest Actor In A Drama Series,False,2010
162,Outstanding Guest Actress In A Drama Series,False,2010
162,Outstanding Supporting Actor In A Drama Series,False,2010
162,Outstanding Supporting Actress In A Drama Series,False,2010
162,Outstanding Lead Actress In A Drama Series,False,2012
163,Outstanding Writing For A Drama Series,False,2016
163,Outstanding Supporting Actress In A Drama Series,False,2016
164,Outstanding Production Design For A Narrative Period Program (One Hour Or More),True,2015
164,Outstanding Directing For A Drama Series,False,2015
164,"Outstanding Prosthetic Makeup For A Series, Limited Series, Movie Or A Special",False,2015
164,Outstanding Hairstyling For A Single-Camera Series,False,2015
164,Outstanding Makeup For A Single-Camera Series (Non-Prosthetic),False,2015
164,Outstanding Production Design For A Narrative Period Program (One Hour Or More),False,2016
164,Outstanding Makeup For A Single-Camera Series (Non-Prosthetic),False,2016
164,Outstanding Directing For A Drama Series,False,2016
164,Outstanding Hairstyling For A Single-Camera Series,False,2016
165,OUTSTANDING MAIN TITLE THEME MUSIC,True,2001
165,Outstanding Lead Actor In A Drama Series,False,2001
166,Outstanding Directing For Nonfiction Programming,False,2011
166,Outstanding Picture Editing For Nonfiction Programming,False,2011
166,Outstanding Nonfiction Special,False,2011
167,Outstanding Makeup For A Series (non-prosthetic),True,2004
168,OUTSTANDING MAIN TITLE THEME MUSIC,True,2000
168,Outstanding Supporting Actress In A Drama Series,True,2000
168,Outstanding Supporting Actor In A Drama Series,True,2000
168,Outstanding Writing for a Drama Series,True,2000
168,Outstanding Directing For A Drama Series,True,2000
168,Outstanding Drama Series,True,2000
168,Outstanding Casting For A Drama Series,True,2000
168,Outstanding Cinematography For A Single-camera Series,True,2000
168,Outstanding Art Direction For A Single-Camera Series,True,2000
168,Outstanding Lead Actor In A Drama Series,False,2000
168,OUTSTANDING SOUND MIXING FOR A DRAMA SERIES,False,2000
168,Outstanding Costumes For A Series,False,2000
168,OUTSTANDING SINGLE-CAMERA PICTURE EDITING FOR A SERIES,False,2000
168,Outstanding Main Title Design,False,2000
168,Outstanding Supporting Actor In A Drama Series,True,2001
168,Outstanding Supporting Actress In A Drama Series,True,2001
168,OUTSTANDING SINGLE-CAMERA PICTURE EDITING FOR A SERIES,True,2001
168,Outstanding Single-Camera Sound Mixing For A Series,True,2001
168,Outstanding Casting For A Drama Series,True,2001
168,Outstanding Cinematography For A Single-camera Series,True,2001
168,Outstanding Directing For A Drama Series,True,2001
168,Outstanding Drama Series,True,2001
168,Outstanding Art Direction For A Single-Camera Series,False,2001
168,Outstanding Writing for a Drama Series,False,2001
168,Outstanding Guest Actor In A Drama Series,False,2001
168,Outstanding Lead Actor In A Drama Series,False,2001
168,OUTSTANDING MUSIC COMPOSITION FOR A SERIES (DRAMATIC UNDERSCORE),False,2001
168,Outstanding Supporting Actor In A Drama Series,True,2002
168,Outstanding Supporting Actress In A Drama Series,True,2002
168,Outstanding Lead Actress In A Drama Series,True,2002
168,Outstanding Drama Series,True,2002
168,Outstanding Writing for a Drama Series,False,2002
168,Outstanding Guest Actor In A Drama Series,False,2002
168,Outstanding Lead Actor In A Drama Series,False,2002
168,Outstanding Directing For A Drama Series,False,2002
168,OUTSTANDING SINGLE-CAMERA PICTURE EDITING FOR A SERIES,False,2002
168,Outstanding Cinematography For A Single-camera Series,False,2002
168,Outstanding Art Direction For A Single-Camera Series,False,2002
168,Outstanding Casting For A Drama Series,False,2002
168,Outstanding Drama Series,True,2003
168,Outstanding Directing For A Drama Series,True,2003
168,Outstanding Single-Camera Sound Mixing For A Series,False,2003
168,Outstanding Writing for a Drama Series,False,2003
168,Outstanding Art Direction For A Single-Camera Series,False,2003
168,Outstanding Single-Camera Picture Editing For A Drama Series,False,2003
168,Outstanding Casting For A Drama Series,False,2003
168,Outstanding Cinematography For A Single-camera Series,False,2003
168,Outstanding Supporting Actor In A Drama Series,False,2003
168,Outstanding Supporting Actress In A Drama Series,False,2003
168,Outstanding Lead Actor In A Drama Series,False,2003
168,Outstanding Lead Actress In A Drama Series,False,2003
168,Outstanding Guest Actor In A Drama Series,False,2003
168,Outstanding Lead Actress In A Drama Series,True,2004
168,Outstanding Supporting Actor In A Drama Series,False,2004
168,Outstanding Supporting Actress In A Drama Series,False,2004
168,Outstanding Guest Actor In A Drama Series,False,2004
168,Outstanding Drama Series,False,2004
168,Outstanding Lead Actor In A Drama Series,False,2004
168,Outstanding Art Direction For A Single-Camera Series,False,2004
168,Outstanding Cinematography For A Single-camera Series,False,2004
168,Outstanding Casting For A Drama Series,False,2004
168,Outstanding Single-Camera Sound Mixing For A Series,False,2004
168,Outstanding Sound Editing For A Series,False,2004
168,Outstanding Single-Camera Sound Mixing For A Series,False,2005
168,Outstanding Drama Series,False,2005
168,Outstanding Directing For A Drama Series,False,2005
168,Outstanding Supporting Actor In A Drama Series,False,2005
168,Outstanding Supporting Actress In A Drama Series,False,2005
168,Outstanding Multi-Camera Sound Mixing For A Series Or Special,True,2006
168,Outstanding Supporting Actor In A Drama Series,True,2006
168,Outstanding Lead Actress In A Drama Series,False,2006
168,Outstanding Lead Actor In A Drama Series,False,2006
168,Outstanding Directing For A Drama Series,False,2006
168,Outstanding Drama Series,False,2006
169,Outstanding Stunt Coordination For A Comedy Series Or Variety Program,False,2016
169,Outstanding Stunt Coordination for a Comedy Series or a Variety Program,False,2017
170,Outstanding Lead Actress In A Comedy Series,True,2018
170,Outstanding Supporting Actress In A Comedy Series,True,2018
170,Outstanding Comedy Series,True,2018
170,Outstanding Directing For A Comedy Series,True,2018
170,Outstanding Single-Camera Picture Editing For A Comedy Series,True,2018
170,Outstanding Casting For A Comedy Series,True,2018
170,Outstanding Music Supervision,True,2018
170,Outstanding Writing For A Comedy Series,True,2018
170,Outstanding Period Costumes,False,2018
170,Outstanding Cinematography For A Single-Camera Series (One Hour),False,2018
170,Outstanding Production Design For A Narrative Period Or Fantasy Program (One Hour Or More),False,2018
170,Outstanding Supporting Actor In A Comedy Series,False,2018
170,Outstanding Hairstyling For A Single-Camera Series,False,2018
170,Outstanding Guest Actress In A Comedy Series,False,2018
170,Outstanding Cinematography For A Single-Camera Series (One Hour),True,2019
170,Outstanding Period Costumes,True,2019
170,Outstanding Guest Actor In A Comedy Series,True,2019
170,Outstanding Music Supervision,True,2019
170,Outstanding Hairstyling For A Single-Camera Series,True,2019
170,Outstanding Supporting Actress In A Comedy Series,True,2019
170,Outstanding Supporting Actor In A Comedy Series,True,2019
170,Outstanding Guest Actress In A Comedy Series,True,2019
170,Outstanding Makeup For A Single-Camera Series (Non-Prosthetic),False,2019
170,Outstanding Comedy Series,False,2019
170,Outstanding Sound Mixing For A Comedy Or Drama Series (One Hour),False,2019
170,Outstanding Single-Camera Picture Editing For A Comedy Series,False,2019
170,Outstanding Casting For A Comedy Series,False,2019
170,Outstanding Production Design For A Narrative Period Or Fantasy Program (One Hour Or More),False,2019
170,Outstanding Directing For A Comedy Series,False,2019
170,Outstanding Lead Actress In A Comedy Series,False,2019
171,Outstanding Documentary Or Nonfiction Series,False,2015
172,Outstanding Makeup For A Multi-Camera Series Or Special (Non-Prosthetic),False,2013
172,Outstanding Writing For A Variety Series,False,2014
172,Outstanding Makeup For A Multi-Camera Series Or Special (Non-Prosthetic),False,2014
172,Outstanding Hairstyling For A Multi-Camera Series Or Special,False,2014
172,Outstanding Original Music And Lyrics,False,2014
172,Outstanding Writing For A Variety Series,False,2015
172,Outstanding Variety Sketch Series,False,2015
172,Outstanding Picture Editing For Variety Programming,False,2015
172,Outstanding Supporting Actor In A Comedy Series,False,2015
172,Outstanding Hairstyling For A Multi-Camera Series Or Special,False,2015
172,Outstanding Makeup For A Multi-Camera Series Or Special (Non-Prosthetic),False,2015
172,Outstanding Variety Sketch Series,True,2016
172,Outstanding Makeup For A Multi-Camera Series Or Special (Non-Prosthetic),True,2016
172,"Outstanding Production Design For A Variety, Nonfiction, Reality or Reality-Competition Series",False,2016
172,Outstanding Picture Editing For Variety Programming,False,2016
172,Outstanding Writing For A Variety Series,False,2016
172,Outstanding Supporting Actor In A Comedy Series,False,2016
172,Outstanding Hairstyling For A Multi-Camera Series Or Special,False,2016
173,Outstanding Miniseries,True,2008
173,Outstanding Sound Mixing For A Miniseries Or A Movie,True,2008
173,"Outstanding Sound Editing For A Miniseries, Movie Or A Special",True,2008
173,"Outstanding Prosthetic Makeup For A Series, Miniseries, Movie Or A Special",True,2008
173,"Outstanding Art Direction For A Miniseries, Or Movie",True,2008
173,"Outstanding Costumes For A Miniseries, Movie Or A Special",True,2008
173,Outstanding Supporting Actor In A Miniseries Or A Movie,True,2008
173,"Outstanding Writing for a Miniseries, Movie or a Dramatic Special",True,2008
173,Outstanding Cinematography For A Miniseries Or Movie,True,2008
173,Outstanding Lead Actress In A Miniseries Or A Movie,True,2008
173,Outstanding Lead Actor In A Miniseries Or A Movie,True,2008
173,"Outstanding Casting For A Miniseries, Movie Or A Special",True,2008
173,"Outstanding Special Visual Effects For A Miniseries, Movie Or A Special",True,2008
173,"Outstanding Music Composition For A Miniseries, Movie Or A Special (Original Dramatic Score)",False,2008
173,Outstanding Makeup For A Miniseries Or A Movie (Non-Prosthetic),False,2008
173,Outstanding Hairstyling For A Miniseries Or A Movie,False,2008
173,Outstanding Single-Camera Picture Editing For A Miniseries Or A Movie,False,2008
173,"Outstanding Directing For A Miniseries, Movie Or A Dramatic Special",False,2008
174,Outstanding Limited Series,False,2019
174,Outstanding Hairstyling For A Limited Series Or Movie,False,2019
174,Outstanding Single-Camera Picture Editing For A Limited Series Or Movie,False,2019
174,Outstanding Makeup For A Limited Series Or Movie (Non-Prosthetic),False,2019
174,"Outstanding Casting For A Limited Series, Movie Or Special",False,2019
174,Outstanding Contemporary Costumes,False,2019
174,Outstanding Supporting Actress In A Limited Series Or Movie,False,2019
174,Outstanding Lead Actress In A Limited Series Or Movie,False,2019
175,Outstanding Limited Series,True,2017
175,Outstanding Lead Actress in a Limited Series or Movie,True,2017
175,Outstanding Supporting Actor in a Limited Series or Movie,True,2017
175,Outstanding Supporting Actress in a Limited Series or Movie,True,2017
175,Outstanding Music Supervision,True,2017
175,"Outstanding Directing for a Limited Series, Movie, or Dramatic Special",True,2017
175,"Outstanding Contemporary Costumes for a Series, Limited Series, or Movie",True,2017
175,"Outstanding Casting for a Limited Series, Movie, or Special",True,2017
175,Outstanding Sound Mixing for a Limited Series or Movie,False,2017
175,"Outstanding Writing for a Limited Series, Movie, or Dramatic Special",False,2017
175,Outstanding Cinematography for a Limited Series or Movie,False,2017
175,Outstanding Hairstyling for a Limited Series or Movie,False,2017
175,Outstanding Single-Camera Picture Editing for a Limited Series or Movie,False,2017
175,Outstanding Makeup for a Limited Series or Movie (Non-Prosthetic),False,2017
176,Outstanding Reality-competition Program,False,2005
176,Outstanding Reality-competition Program,False,2006
176,Outstanding Picture Editing For Nonfiction Programming (large Team Entries - Primarily Multi-camera Productions),False,2006
176,Outstanding Cinematography For Nonfiction Programming - Multi-camera Productions,False,2006
176,Outstanding Picture Editing For Reality Programming,False,2007
176,Outstanding Reality-competition Program,False,2007
176,Outstanding Cinematography For Reality Programming,False,2007
176,Outstanding Reality-competition Program,False,2008
176,Outstanding Picture Editing For Reality Programming,False,2008
176,Outstanding Directing For Nonfiction Programming,False,2008
176,Outstanding Host For A Reality Or Reality - Competition Program,False,2008
176,Outstanding Cinematography For Reality Programming,False,2008
176,Outstanding Picture Editing For Reality Programming,True,2009
176,Outstanding Host For A Reality Or Reality-Competition Program,False,2009
176,Outstanding Reality - Competition Program,False,2009
176,Outstanding Directing For Nonfiction Programming,False,2009
176,Outstanding Reality - Competition Program,False,2010
176,Outstanding Host For A Reality Or Reality-Competition Program,False,2010
176,Outstanding Picture Editing For Reality Programming,False,2011
176,Outstanding Reality - Competition Program,False,2011
176,Outstanding Reality - Competition Program,False,2012
176,Outstanding Directing For Nonfiction Programming,False,2012
176,Outstanding Picture Editing For Reality Programming,False,2012
176,Outstanding Cinematography For Reality Programming,False,2012
176,Outstanding Host For A Reality Or Reality-Competition Program,True,2013
176,Outstanding Cinematography For Reality Programming,False,2013
176,Outstanding Reality - Competition Program,False,2013
176,Outstanding Picture Editing For Reality Programming,False,2013
176,Outstanding Host For A Reality Or Reality-Competition Program,False,2014
176,Outstanding Reality-competition Program,False,2014
176,Outstanding Picture Editing For Reality Programming,False,2014
176,Outstanding Cinematography For Reality Programming,False,2015
176,Outstanding Reality-Competition Program,False,2015
176,Outstanding Picture Editing For Reality Programming,False,2015
176,Outstanding Host For A Reality Or Reality-Competition Program,False,2015
176,Outstanding Reality-Competition Program,False,2016
176,Outstanding Host For A Reality Or Reality-Competition Program,False,2016
176,Outstanding Cinematography For A Reality Program,False,2016
176,Outstanding Host for a Reality or Reality-Competition Program,False,2017
176,Outstanding Reality-Competition Program,False,2017
176,Outstanding Casting for a Reality Program,False,2017
176,Outstanding Picture Editing for a Structured or Competition Reality Program,False,2017
176,Outstanding Casting For A Reality Program,False,2018
176,Outstanding Host For A Reality Or Reality-Competition Program,False,2018
176,Outstanding Reality-Competition Program,False,2018
177,Outstanding Picture Editing For A Special (Single Or Multi-Camera),False,2011
177,"Outstanding Music Composition For A Miniseries, Movie Or A Special (Original Dramatic Score)",False,2011
177,Outstanding Lead Actor In A Miniseries Or A Movie,False,2011
178,Outstanding Miniseries,True,2007
178,"Outstanding Casting For A Miniseries, Movie Or A Special",True,2007
178,Outstanding Lead Actor In A Miniseries Or A Movie,True,2007
178,Outstanding Supporting Actor In A Miniseries Or A Movie,True,2007
178,"Outstanding Directing For A Miniseries, Movie Or A Dramatic Special",False,2007
178,"Outstanding Art Direction For A Miniseries, Or Movie",False,2007
178,Outstanding Supporting Actress In A Miniseries Or A Movie,False,2007
178,"Outstanding Writing for a Miniseries, Movie or a Dramatic Special",False,2007
178,"Outstanding Hairstyling For A Miniseries, Movie Or A Special",False,2007
178,"Outstanding Makeup For A Miniseries, Movie Or A Special (non-prosthetic)",False,2007
178,"Outstanding Music Composition For A Miniseries, Movie Or A Special (Original Dramatic Score)",False,2007
178,Outstanding Sound Mixing For A Miniseries Or A Movie,False,2007
178,"Outstanding Sound Editing For A Miniseries, Movie Or A Special",False,2007
178,Outstanding Single-Camera Picture Editing For A Miniseries Or A Movie,False,2007
178,"Outstanding Costumes For A Miniseries, Movie Or A Special",False,2007
178,Outstanding Cinematography For A Miniseries Or Movie,False,2007
179,Outstanding Multi-Camera Picture Editing For A Comedy Series,False,2016
179,Outstanding Guest Actress In A Drama Series,False,2016
180,Outstanding Supporting Actor in a Drama Series,True,2017
180,"Outstanding Period/Fantasy Costumes for a Series, Limited Series, or Movie",True,2017
180,Outstanding Production Design for a Narrative Period Program (One Hour or More),True,2017
180,Outstanding Special Visual Effects in a Supporting Role,False,2017
180,Outstanding Writing for a Drama Series,False,2017
180,Outstanding Drama Series,False,2017
180,Outstanding Cinematography for a Single-Camera Series (One Hour),False,2017
180,Outstanding Directing for a Drama Series,False,2017
180,Outstanding Casting for a Drama Series,False,2017
180,Outstanding Lead Actress in a Drama Series,False,2017
180,Outstanding Hairstyling for a Single-Camera Series,False,2017
180,Outstanding Music Composition for a Series (Original Dramatic Score),False,2017
180,Outstanding Main Title Design,False,2017
180,Outstanding Lead Actress In A Drama Series,True,2018
180,Outstanding Directing For A Drama Series,True,2018
180,Outstanding Casting For A Drama Series,True,2018
180,Outstanding Period Costumes,True,2018
180,Outstanding Cinematography For A Single-Camera Series (One Hour),True,2018
180,Outstanding Production Design For A Narrative Period Or Fantasy Program (One Hour Or More),False,2018
180,Outstanding Guest Actor In A Drama Series,False,2018
180,Outstanding Supporting Actress In A Drama Series,False,2018
180,Outstanding Supporting Actor In A Drama Series,False,2018
180,Outstanding Hairstyling For A Single-Camera Series,False,2018
180,Outstanding Special Visual Effects In A Supporting Role,False,2018
180,Outstanding Writing For A Drama Series,False,2018
180,Outstanding Drama Series,False,2018
181,Outstanding Made For Television Movie,True,2009
181,"Outstanding Prosthetic Makeup For A Series, Miniseries, Movie Or A Special",True,2009
181,Outstanding Art Direction For A Miniseries Or Movie,True,2009
181,Outstanding Lead Actress In A Miniseries Or A Movie,True,2009
181,Outstanding Supporting Actor In A Miniseries Or A Movie,True,2009
181,Outstanding Hairstyling For A Miniseries Or A Movie,True,2009
181,"Outstanding Directing For A Miniseries, Movie Or A Dramatic Special",False,2009
181,"Outstanding Writing for a Miniseries, Movie or a Dramatic Special",False,2009
181,"Outstanding Music Composition For A Miniseries, Movie Or A Special (Original Dramatic Score)",False,2009
181,Outstanding Makeup For A Miniseries Or A Movie (Non-Prosthetic),False,2009
181,Outstanding Single-Camera Picture Editing For A Miniseries Or A Movie,False,2009
181,"Outstanding Costumes For A Miniseries, Movie Or A Special",False,2009
181,Outstanding Cinematography For A Miniseries Or Movie,False,2009
181,"Outstanding Casting For A Miniseries, Movie Or A Special",False,2009
181,Outstanding Supporting Actress in a Miniseries or Movie,False,2009
181,Outstanding Sound Mixing For A Miniseries Or A Movie,False,2009
182,Outstanding Writing For A Nonfiction Program,True,2016
182,Outstanding Picture Editing For A Nonfiction Program,True,2016
182,Outstanding Documentary Or Nonfiction Series,True,2016
182,Outstanding Directing For A Nonfiction Program,True,2016
182,Outstanding Sound Mixing For A Nonfiction Program (Single or Multi-Camera),False,2016
182,Outstanding Sound Editing For A Nonfiction Program (Single Or Multi-Camera),False,2016
183,Outstanding Casting For A Comedy Series,True,2006
183,Outstanding Writing for a Comedy Series,True,2006
183,Outstanding Directing For A Comedy Series,True,2006
183,Outstanding Single-camera Picture Editing For A Comedy Series,True,2006
183,Outstanding Supporting Actress In A Comedy Series,False,2006
183,Outstanding Supporting Actress In A Comedy Series,True,2007
183,Outstanding Single-camera Picture Editing For A Comedy Series,False,2007
183,Outstanding Sound Mixing For A  Comedy Or Drama Series (half-hour) And Animation,False,2007
183,Outstanding Guest Actor In A Comedy Series,False,2007
183,Outstanding Cinematography For A Half-Hour Series,False,2008
183,Outstanding Guest Actress In A Comedy Series,False,2009
183,Outstanding Stunt Coordination,False,2009
184,Television Academy Honors,True,2015
184,Outstanding Lead Actor In A Comedy Series,False,2015
184,Outstanding Lead Actress In A Comedy Series,False,2016
184,Outstanding Lead Actor In A Comedy Series,False,2016
184,Outstanding Comedy Series,False,2016
184,Outstanding Comedy Series,False,2017
184,Outstanding Guest Actress in a Comedy Series,False,2017
184,Outstanding Lead Actress in a Comedy Series,False,2017
184,Outstanding Lead Actor in a Comedy Series,False,2017
184,Outstanding Contemporary Costumes,False,2018
184,Outstanding Lead Actress In A Comedy Series,False,2018
184,Outstanding Lead Actor In A Comedy Series,False,2018
184,Outstanding Comedy Series,False,2018
184,Outstanding Guest Actress In A Comedy Series,False,2018
184,Outstanding Contemporary Costumes,False,2019
184,Outstanding Lead Actor In A Comedy Series,False,2019
185,Outstanding Writing For A Variety Special,False,2016
185,Outstanding Variety Special,False,2016
185,Outstanding Directing For A Variety Special,False,2016
186,Outstanding Lead Actress In A Miniseries Or A Movie,False,2007
186,Outstanding Single-Camera Picture Editing For A Miniseries Or A Movie,False,2007
187,Outstanding Host For A Reality Or Competition Program,False,2019
188,OUTSTANDING ANIMATED PROGRAM (FOR PROGRAMMING one hour or less.),False,1997
188,OUTSTANDING ANIMATED PROGRAM (FOR PROGRAMMING ONE HOUR OR LESS),False,1998
188,OUTSTANDING ANIMATED PROGRAM (FOR PROGRAMMING ONE HOUR OR LESS),True,1999
188,Outstanding Animated Program (for programming less than one hour),False,2001
188,Outstanding Voice-Over Performance,True,2002
188,Outstanding Animated Program (for programming less than one hour),False,2002
188,Outstanding Animated Program (for programming less than one hour),False,2008
189,Outstanding Special Visual Effects In A Supporting Role,False,2016
190,OUTSTANDING INDIVIDUAL ACHIEVEMENT IN CINEMATOGRAPHY FOR A series,True,1995
190,Outstanding Lead Actor In A Drama Series,True,1995
190,Outstanding Drama Series,False,1995
190,Outstanding Supporting Actor In A Drama Series,False,1995
190,OUTSTANDING INDIVIDUAL ACHIEVEMENT IN main title theme music,False,1995
190,OUTSTANDING INDIVIDUAL ACHIEVEMENT IN EDITING FOR A series - single-camera production,False,1995
190,OUTSTANDING INDIVIDUAL ACHIEVEMENT IN DIRECTING IN A DRAMA,False,1995
190,OUTSTANDING Individual achievement in SOUND MIXING FOR A DRAMA SERIES,False,1995
190,OUTSTANDING CASTING FOR A SERIES,True,1996
190,Outstanding Directing For A Drama Series,True,1996
190,OUTSTANDING SINGLE CAMERA EDITING FOR A SERIES,False,1996
190,OUTSTANDING MAKEUP FOR A SERIES,False,1996
190,OUTSTANDING MAIN TITLE THEME MUSIC,False,1996
190,OUTSTANDING SOUND MIXING FOR A DRAMA SERIES,False,1996
190,OUTSTANDING SUPPORTING ACTOR FOR A DRAMA SERIES,False,1996
190,OUTSTANDING LEAD ACTRESS FOR A DRAMA SERIES,False,1996
190,OUTSTANDING GUEST ACTOR FOR A DRAMA SERIES,False,1996
190,OUTSTANDING CINEMATOGRAPHY FOR A SERIES,False,1996
190,Outstanding Hairstyling For A Series,False,1996
190,OUTSTANDING GUEST ACTRESS FOR A DRAMA SERIES,False,1996
190,Outstanding Drama Series,False,1996
190,Outstanding Supporting Actor In A Drama Series,True,1997
190,OUTSTANDING CINEMATOGRAPHY FOR A SERIES,False,1997
190,Outstanding Lead Actress In A Drama Series,False,1997
190,Outstanding Drama Series,False,1997
190,Outstanding Guest Actor In A Drama Series,False,1997
190,Outstanding Guest Actress In A Drama Series,False,1997
190,Outstanding Sound Editing For A Series,False,1997
190,OUTSTANDING SINGLE-CAMERA PICTURE EDITING FOR A SERIES,False,1997
190,OUTSTANDING SOUND MIXING FOR A DRAMA SERIES,True,1998
190,Outstanding Lead Actress In A Drama Series,True,1998
190,Outstanding Supporting Actor In A Drama Series,False,1998
190,OUTSTANDING CINEMATOGRAPHY FOR A SERIES,False,1998
190,OUTSTANDING SINGLE-CAMERA PICTURE EDITING FOR A SERIES,False,1998
190,Outstanding Directing For A Drama Series,False,1998
190,OUTSTANDING CINEMATOGRAPHY FOR A SERIES,False,1999
190,Outstanding Lead Actress In A Drama Series,False,1999
190,Outstanding Guest Actor In A Drama Series,False,1999
191,Outstanding Stunt Coordination,True,2011
191,Outstanding Stunt Coordination,True,2012
191,"Outstanding Stunt Coordination For A Drama Series, Miniseries Or Movie",False,2013
192,Outstanding Documentary Or Nonfiction Special,False,2013
192,Outstanding Sound Mixing For Nonfiction Programming,False,2013
192,Outstanding Sound Editing For Nonfiction Programming (Single Or Multi-Camera),False,2013
192,Outstanding Picture Editing For Nonfiction Programming,False,2013
193,Outstanding Single-Camera Picture Editing For A Drama Series,False,2016
193,Outstanding Original Main Title Theme Music,False,2016
193,Outstanding Main Title Design,False,2016
194,Outstanding Cinematography For A Single-Camera Series (Half-Hour),False,2018
195,Outstanding Sound Editing For Nonfiction Programming (Single Or Multi-Camera),True,2015
195,Outstanding Sound Mixing For Nonfiction Programming (Single or Multi-Camera),True,2015
195,Outstanding Informational Series Or Special,False,2015
195,Outstanding Directing For Nonfiction Programming,False,2015
196,Outstanding Lead Actress In A Comedy Series,True,1979
196,Outstanding Comedy Series,True,1979
196,OUTSTANDING FILM EDITING FOR A SERIES,True,1979
196,Outstanding Lead Actor In A Comedy Series,False,1979
196,OUTSTANDING WRITING IN A COMEDY OR COMEDY-VARIETY or music series,False,1979
196,OUTSTANDING SUPPORTING ACTOR IN A COMEDY OR comedy-variety or music series,False,1979
196,Outstanding Lead Actor In A Comedy Series,False,1980
196,OUTSTANDING DIRECTING IN A COMEDY SERIES,True,1981
196,OUTSTANDING ACHIEVEMENT IN FILM EDITING FOR A SERIES,True,1981
196,Outstanding Comedy Series,True,1981
196,OUTSTANDING SUPPORTING ACTOR IN A COMEDY OR VARIETY or music series,True,1981
196,OUTSTANDING WRITING IN A COMEDY SERIES,True,1981
196,Outstanding Lead Actor In A Comedy Series,True,1981
196,Outstanding Lead Actress In A Comedy Series,False,1981
196,Outstanding Lead Actress In A Comedy Series,True,1982
196,OUTSTANDING SUPPORTING ACTOR IN A COMEDY OR VARIETY or music series,True,1982
196,OUTSTANDING WRITING IN A COMEDY SERIES,True,1982
196,OUTSTANDING DIRECTING IN A COMEDY SERIES,False,1982
196,Outstanding Comedy Series,False,1982
196,Outstanding Lead Actor In A Comedy Series,False,1982
196,"OUTSTANDING SUPPORTING ACTRESS IN A COMEDY, VARIETY or music series",True,1983
196,"OUTSTANDING SUPPORTING ACTOR IN A COMEDY, variety or music series",True,1983
196,Outstanding Lead Actor In A Comedy Series,True,1983
196,Outstanding Comedy Series,False,1983
196,OUTSTANDING WRITING IN A COMEDY SERIES,False,1983
197,Outstanding Lead Actor in a Drama Series,True,2017
197,Outstanding Guest Actor in a Drama Series,True,2017
197,Television Academy Honors,True,2017
197,Outstanding Drama Series,False,2017
197,Outstanding Casting for a Drama Series,False,2017
197,Outstanding Supporting Actress in a Drama Series,False,2017
197,Outstanding Supporting Actor in a Drama Series,False,2017
197,Outstanding Makeup for a Single-Camera Series (Non-Prosthetic),False,2017
197,Outstanding Guest Actor In A Drama Series,True,2018
197,Outstanding Contemporary Costumes,False,2018
197,Outstanding Music Supervision,False,2018
197,Outstanding Lead Actor In A Drama Series,False,2018
197,Outstanding Makeup For A Single-Camera Series (Non-Prosthetic),False,2018
197,Outstanding Drama Series,False,2018
197,Outstanding Drama Series,False,2019
197,Outstanding Guest Actor In A Drama Series,False,2019
197,Outstanding Guest Actress In A Drama Series,False,2019
197,Outstanding Supporting Actor In A Drama Series,False,2019
197,Outstanding Lead Actor In A Drama Series,False,2019
197,Outstanding Music Composition For A Series (Original Dramatic Score),False,2019
197,Outstanding Lead Actress In A Drama Series,False,2019
198,Television Academy Honors,True,2019
198,Outstanding Lead Actor In A Drama Series,True,2019
198,Outstanding Makeup For A Single-Camera Series (Non-Prosthetic),False,2019
198,Outstanding Period Costumes,False,2019
198,Outstanding Drama Series,False,2019
198,Outstanding Hairstyling For A Single-Camera Series,False,2019
198,Outstanding Casting For A Drama Series,False,2019
199,Outstanding Interactive Program,True,2015
199,Outstanding Writing For A Variety Series,False,2015
199,Outstanding Variety Talk Series,False,2015
199,Outstanding Picture Editing For Variety Programming,False,2015
199,Outstanding Variety Talk Series,True,2016
199,Outstanding Writing For A Variety Series,True,2016
199,Outstanding Picture Editing For Variety Programming,True,2016
199,Outstanding Sound Mixing For A Variety Series Or Special,False,2016
199,"Outstanding Technical Direction, Camerawork, Video Control For A Series",False,2016
199,Outstanding Directing For A Variety Series,False,2016
199,Outstanding Variety Talk Series,True,2017
199,Outstanding Writing for a Variety Series,True,2017
199,Television Academy Honors,True,2017
199,Outstanding Interactive Program,True,2017
199,Outstanding Picture Editing for Variety Programming,True,2017
199,Outstanding Sound Mixing for a Variety Series or Special,False,2017
199,"Outstanding Technical Direction, Camerawork, Video Control for a Series",False,2017
199,Outstanding Directing for a Variety Series,False,2017
199,Outstanding Interactive Program,True,2018
199,Outstanding Variety Talk Series,True,2018
199,Outstanding Picture Editing For Variety Programming,True,2018
199,Outstanding Writing For A Variety Series,True,2018
199,Outstanding Directing For A Variety Series,False,2018
199,"Outstanding Production Design For A Variety, Reality Or Reality-Competition Series",False,2018
199,Outstanding Sound Mixing For A Variety Series Or Special,False,2018
199,"Outstanding Technical Direction, Camerawork, Video Control For A Series",False,2018
199,Outstanding Variety Talk Series,True,2019
199,Outstanding Writing For A Variety Series,True,2019
199,"Outstanding Technical Direction, Camerawork, Video Control For A Series",True,2019
199,Outstanding Picture Editing For Variety Programming,True,2019
199,Outstanding Directing For A Variety Series,False,2019
199,Outstanding Interactive Program,False,2019
199,"Outstanding Production Design For A Variety, Reality Or Competition Series",False,2019
199,Outstanding Sound Mixing For A Variety Series Or Special,False,2019
200,"Outstanding Costumes For A Variety, Music Program Or A Special",True,2011
200,Outstanding Writing For A Variety Series,False,2012
200,Outstanding Directing For A Variety Series,False,2012
200,Outstanding Costumes For A Variety Program Or A Special,True,2013
200,Outstanding Directing For A Variety Series,False,2013
200,Outstanding Writing For A Variety Series,False,2013
200,Outstanding Directing For A Variety Series,False,2014
200,Outstanding Writing For A Variety Series,False,2014
200,Outstanding Guest Actor In A Comedy Series,False,2014
200,Outstanding Supporting Actor In A Comedy Series,False,2014
200,Outstanding Single-camera Picture Editing For A Comedy Series,False,2014
200,"Outstanding Art Direction For Variety, Nonfiction, Reality or Reality-Competition Programming",False,2014
200,"Outstanding Production Design For Variety, Nonfiction, Reality or Reality-Competition Programming",True,2015
200,Outstanding Variety Sketch Series,False,2015
200,"Outstanding Production Design For A Variety, Nonfiction, Reality or Reality-Competition Series",True,2016
200,Outstanding Writing For A Variety Series,False,2016
200,Outstanding Variety Sketch Series,False,2016
200,Outstanding Variety Sketch Series,False,2017
200,"Outstanding Costumes for Variety, Nonfiction or Reality Programming",False,2017
200,"Outstanding Production Design for Variety, Nonfiction, Reality or Reality-Competition Programming",False,2017
200,Outstanding Directing For A Variety Series,False,2018
200,Outstanding Variety Sketch Series,False,2018
201,OUTSTANDING ACHIEVEMENT IN MUSIC COMPOSITION FOR A SERIES,True,1975
201,OUTSTANDING WRITING IN A DRAMA SERIES,True,1975
201,OUTSTANDING LIMITED SERIES,True,1975
201,Outstanding Achievement in Any Area of Creative Technical Crafts,True,1975
201,"Outstanding Individual Achievement in Art Direction or Scenic Design - For a Single Episode of a Comedy, Drama or Limited Series",True,1975
201,OUTSTANDING DIRECTING IN A DRAMA SERIES,False,1975
201,OUTSTANDING ACHIEVEMENT IN MAKEUP,False,1975
201,Outstanding Nonfiction Program (Alternative),True,2003
202,Outstanding Single-Camera Picture Editing For A Drama Series,True,2007
202,Outstanding Main Title Design,True,2007
202,Outstanding Original Main Title Theme Music,False,2007
202,Outstanding Art Direction For A Single-Camera Series,False,2008
202,Outstanding Cinematography For A One Hour Series,False,2008
202,Outstanding Sound Mixing For A Comedy Or Drama Series (one-hour),False,2008
202,Outstanding Drama Series,False,2008
202,Outstanding Lead Actor In A Drama Series,False,2008
202,Outstanding Lead Actor In A Drama Series,False,2009
202,Outstanding Drama Series,False,2009
202,Outstanding Guest Actor In A Drama Series,False,2009
202,Outstanding Guest Actor In A Drama Series,True,2010
202,Outstanding Directing For A Drama Series,True,2010
202,Outstanding Sound Mixing For A Comedy Or Drama Series (One Hour),False,2010
202,Outstanding Single-Camera Picture Editing For A Drama Series,False,2010
202,Outstanding Casting For A Drama Series,False,2010
202,Outstanding Lead Actor In A Drama Series,False,2010
202,Outstanding Drama Series,False,2010
202,Outstanding Single-Camera Picture Editing For A Drama Series,False,2011
202,Outstanding Sound Mixing For A Comedy Or Drama Series (One Hour),False,2011
202,Outstanding Lead Actor In A Drama Series,False,2011
202,Outstanding Guest Actress In A Drama Series,False,2011
202,Outstanding Drama Series,False,2011
202,Outstanding Lead Actor In A Drama Series,False,2012
203,Outstanding Guest Actor In A Drama Series,True,2008
203,Outstanding Supporting Actress In A Drama Series,True,2008
203,Outstanding Cinematography For A Half-Hour Series,False,2008
203,Outstanding Lead Actor In A Drama Series,False,2008
203,Outstanding Lead Actor In A Drama Series,False,2009
203,Outstanding Supporting Actress In A Drama Series,False,2009
204,Outstanding Lead Actress In A Drama Series,False,2015
204,Outstanding Lead Actress In A Drama Series,True,2016
204,Outstanding Lead Actress In A Drama Series,False,2018
205,Outstanding Main Title Design,True,2018
206,OUTSTANDING MAKEUP FOR A SERIES,False,2000
207,Outstanding Original Main Title Theme Music,True,2016
207,Outstanding Main Title Design,False,2016
207,Outstanding Music Composition For A Series (Original Dramatic Score),False,2018
208,Outstanding Sound Mixing For A Comedy Or Drama Series (Half-Hour) And Animation,True,2016
208,Outstanding Sound Mixing for a Comedy or Drama Series (Half-Hour) and Animation,True,2017
208,Outstanding Cinematography for a Single-Camera Series (Half-Hour),False,2017
208,Outstanding Production Design for a Narrative Program (Half Hour or Less),False,2017
208,Outstanding Cinematography For A Single-Camera Series (Half-Hour),False,2018
208,Outstanding Sound Mixing For A Comedy Or Drama Series (Half-Hour) And Animation,False,2018
209,Outstanding Supporting Actress In A Miniseries Or A Movie,False,2013
210,"Outstanding Writing For A Limited Series, Movie Or Dramatic Special",False,2018
211,Outstanding Guest Actress in a Drama Series,False,2017
212,Outstanding Lead Actress In A Comedy Series,False,2011
212,Outstanding Guest Actress In A Comedy Series,False,2011
212,Outstanding Original Music And Lyrics,False,2012
213,Outstanding Picture Editing For Nonfiction Programming,False,2013
214,Outstanding Lead Actor In A Comedy Series,True,2003
214,OUTSTANDING MAIN TITLE THEME MUSIC,True,2003
214,OUTSTANDING MAIN TITLE THEME MUSIC,True,2004
214,Outstanding Guest Actor In A Comedy Series,True,2004
214,Outstanding Lead Actor In A Comedy Series,False,2004
214,Outstanding Casting For A Comedy Series,False,2004
214,Outstanding Lead Actor In A Comedy Series,True,2005
214,Outstanding Directing For A Comedy Series,False,2005
214,Outstanding Lead Actor In A Comedy Series,True,2006
214,Outstanding Guest Actress In A Comedy Series,False,2006
214,Outstanding Guest Actor In A Comedy Series,True,2007
214,Outstanding Lead Actor In A Comedy Series,False,2007
214,Outstanding Guest Actress In A Comedy Series,False,2008
214,Outstanding Lead Actor In A Comedy Series,False,2008
214,Outstanding Guest Actress In A Comedy Series,False,2009
214,Outstanding Lead Actor In A Comedy Series,False,2009
214,Outstanding Original Music And Lyrics,True,2010
214,Outstanding Lead Actor In A Comedy Series,False,2010
215,Outstanding Main Title Design,False,2015
216,Outstanding Guest Actor In A Drama Series,True,2003
216,Outstanding Art Direction For A Single-Camera Series,True,2003
216,Outstanding Guest Actor In A Drama Series,False,2004
216,Outstanding Lead Actor In A Drama Series,False,2004
216,Outstanding Guest Actor In A Drama Series,False,2005
217,Outstanding Character Voice-Over Performance,False,2017
217,Outstanding Character Voice-Over Performance,False,2019
218,Outstanding Writing for a Drama Series,True,2005
218,Outstanding Casting For A Drama Series,False,2005
218,OUTSTANDING MUSIC COMPOSITION FOR A SERIES (DRAMATIC UNDERSCORE),False,2005
218,Outstanding Lead Actor In A Drama Series,False,2005
218,Outstanding Main Title Design,False,2005
218,Outstanding Single-Camera Sound Mixing For A Series,False,2006
218,Outstanding Drama Series,False,2006
218,Outstanding Casting For A Drama Series,False,2006
218,Outstanding Art Direction For A Single-Camera Series,False,2006
218,"Outstanding Prosthetic Makeup For A Series, Miniseries, Movie Or A Special",True,2007
218,Outstanding Drama Series,False,2007
218,Outstanding Guest Actor In A Drama Series,False,2007
218,Outstanding Lead Actor In A Drama Series,False,2007
218,Outstanding Directing For A Drama Series,True,2008
218,Outstanding Music Composition For A Series (Original Dramatic Score),False,2008
218,Outstanding Drama Series,False,2008
218,Outstanding Lead Actor In A Drama Series,False,2008
218,Outstanding Sound Mixing For A Comedy Or Drama Series (One Hour),True,2009
218,Outstanding Lead Actor In A Drama Series,False,2009
218,Outstanding Drama Series,False,2009
218,Outstanding Sound Mixing For A Comedy Or Drama Series (One Hour),False,2010
218,Outstanding Stunt Coordination,False,2010
218,Outstanding Lead Actor In A Drama Series,False,2010
218,Outstanding Sound Mixing For A Comedy Or Drama Series (One Hour),True,2011
218,Outstanding Lead Actor In A Drama Series,False,2011
219,Outstanding Lead Actress In A Comedy Series,True,2007
219,Outstanding Casting For A Comedy Series,True,2007
219,Outstanding Directing For A Comedy Series,True,2007
219,Outstanding Art Direction For A Single-Camera Series,False,2007
219,Outstanding Hairstyling For A Series,False,2007
219,Outstanding Costumes For A Series,False,2007
219,Outstanding Main Title Design,False,2007
219,Outstanding Comedy Series,False,2007
219,Outstanding Supporting Actress In A Comedy Series,False,2007
219,Outstanding Guest Actress In A Comedy Series,False,2007
219,Outstanding Hairstyling For A Single-Camera Series,False,2008
219,Outstanding Art Direction For A Single-Camera Series,False,2008
219,Outstanding Casting For A Comedy Series,False,2008
219,Outstanding Costumes For A Series,False,2008
219,Outstanding Supporting Actress In A Comedy Series,False,2008
219,Outstanding Lead Actress In A Comedy Series,False,2008
219,Outstanding Supporting Actress In A Comedy Series,False,2009
219,Outstanding Costumes For A Series,False,2009
220,Outstanding Sound Mixing For Nonfiction Programming,False,2010
221,Outstanding Directing For A Drama Series,True,2014
221,Outstanding Main Title Design,True,2014
221,Outstanding Cinematography For A Single-camera Series,True,2014
221,Outstanding Makeup For A Single-Camera Series (Non-Prosthetic),True,2014
221,Outstanding Casting For A Drama Series,True,2014
221,Outstanding Lead Actor In A Drama Series,False,2014
221,Outstanding Drama Series,False,2014
221,Outstanding Writing for a Drama Series,False,2014
221,Outstanding Single-Camera Picture Editing For A Drama Series,False,2014
221,Outstanding Music Composition For A Series (Original Dramatic Score),False,2014
221,Outstanding Art Direction For A Contemporary Or Fantasy Series (Single-Camera),False,2014
221,Outstanding Sound Mixing For A Limited Series Or Movie,False,2016
221,Outstanding Cinematography For A Limited Series Or Movie,False,2019
221,Outstanding Main Title Design,False,2019
221,Outstanding Lead Actor In A Limited Series Or Movie,False,2019
221,Outstanding Single-Camera Picture Editing For A Limited Series Or Movie,False,2019
221,Outstanding Makeup For A Limited Series Or Movie (Non-Prosthetic),False,2019
221,Outstanding Hairstyling For A Limited Series Or Movie,False,2019
221,"Outstanding Sound Editing For A Limited Series, Movie Or Special",False,2019
221,Outstanding Sound Mixing For A Limited Series Or Movie,False,2019
221,"Outstanding Music Composition For A Limited Series, Movie Or Special (Original Dramatic Score)",False,2019
222,Outstanding Supporting Actor In A Limited Series Or Movie,True,2018
222,Outstanding Original Main Title Theme Music,True,2018
222,Outstanding Supporting Actress In A Limited Series Or Movie,True,2018
222,Outstanding Cinematography For A Limited Series Or Movie,False,2018
222,"Outstanding Directing For A Limited Series, Movie Or Dramatic Special",False,2018
222,"Outstanding Casting For A Limited Series, Movie Or Special",False,2018
222,Outstanding Lead Actress In A Limited Series Or Movie,False,2018
222,Outstanding Hairstyling For A Limited Series Or Movie,False,2018
222,"Outstanding Music Composition For A Limited Series, Movie Or Special (Original Dramatic Score)",False,2018
222,"Outstanding Writing For A Limited Series, Movie Or Dramatic Special",False,2018
222,Outstanding Limited Series,False,2018
222,"Outstanding Sound Editing For A Limited Series, Movie Or Special",False,2018
223,"Outstanding Music Composition For A Limited Series, Movie Or A Special (Original Dramatic Score)",True,2015
223,Outstanding Television Movie,True,2015
223,Outstanding Sound Mixing For A Limited Series Or A Movie,True,2015
223,Outstanding Cinematography For A Limited Series Or Movie,True,2015
223,"Outstanding Writing For A Limited Series, Movie Or A Dramatic Special",False,2015
223,Outstanding Supporting Actor In A Limited Series Or A Movie,False,2015
223,"Outstanding Casting For A Limited Series, Movie Or A Special",False,2015
223,"Outstanding Directing For A Limited Series, Movie Or A Dramatic Special",False,2015
223,Outstanding Supporting Actress In A Limited Series Or A Movie,False,2015
223,Outstanding Hairstyling For A Limited Series Or A Movie,False,2015
223,Outstanding Makeup For A Limited Series Or A Movie (Non-Prosthetic),False,2015
223,Outstanding Lead Actress In A Limited Series Or A Movie,False,2015
224,Outstanding Supporting Actress In A Comedy Series,True,2010
224,Outstanding Guest Actor In A Comedy Series,True,2010
224,Outstanding Sound Mixing For A Comedy Or Drama Series (One Hour),True,2010
224,Television Academy Honors,True,2010
224,Outstanding Directing For A Comedy Series,True,2010
224,Outstanding Makeup For A Single-Camera Series (Non-Prosthetic),False,2010
224,Outstanding Casting For A Comedy Series,False,2010
224,Outstanding Art Direction For A Single-Camera Series,False,2010
224,Outstanding Hairstyling For A Single-Camera Series,False,2010
224,Outstanding Costumes For A Series,False,2010
224,Outstanding Comedy Series,False,2010
224,Outstanding Writing for a Comedy Series,False,2010
224,Outstanding Guest Actress In A Comedy Series,False,2010
224,Outstanding Supporting Actor In A Comedy Series,False,2010
224,Outstanding Lead Actor In A Comedy Series,False,2010
224,Outstanding Lead Actress In A Comedy Series,False,2010
224,Outstanding Casting For A Comedy Series,True,2011
224,Outstanding Guest Actress In A Comedy Series,True,2011
224,"Outstanding Prosthetic Makeup For A Series, Miniseries, Movie Or A Special",False,2011
224,Outstanding Sound Mixing For A Comedy Or Drama Series (One Hour),False,2011
224,Outstanding Hairstyling For A Single-Camera Series,False,2011
224,Outstanding Costumes For A Series,False,2011
224,Outstanding Makeup For A Single-Camera Series (Non-Prosthetic),False,2011
224,Outstanding Supporting Actress In A Comedy Series,False,2011
224,Outstanding Comedy Series,False,2011
224,Outstanding Supporting Actor In A Comedy Series,False,2011
224,Outstanding Guest Actress In A Comedy Series,False,2012
224,Outstanding Makeup For A Single-Camera Series (Non-Prosthetic),False,2012
224,Outstanding Cinematography For A Single-camera Series,False,2012
224,Outstanding Makeup For A Single-Camera Series (Non-Prosthetic),False,2013
224,Outstanding Supporting Actress In A Comedy Series,False,2013
224,Outstanding Directing For A Comedy Series,False,2013
224,Outstanding Guest Actress In A Comedy Series,False,2013
224,Outstanding Directing For A Comedy Series,False,2014
224,Outstanding Original Music And Lyrics,False,2015
225,Outstanding Writing For A Variety Special,True,2014
225,Outstanding Variety Special,False,2014
226,Outstanding Sound Editing For A Series,True,2002
226,Outstanding Special Visual Effects For A Series,False,2002
226,Outstanding Sound Editing For A Series,False,2005
226,Outstanding Sound Editing For A Series,True,2006
226,Outstanding Sound Editing For A Series,False,2007
226,Outstanding Sound Editing For A Series,True,2008
226,Outstanding Sound Editing For A Series,False,2009
227,Outstanding Lead Actress In A Drama Series,False,2018
227,Outstanding Writing For A Drama Series,False,2018
227,Outstanding Lead Actress In A Drama Series,True,2019
227,Outstanding Drama Series,False,2019
227,Outstanding Writing For A Drama Series,False,2019
227,Outstanding Single-Camera Picture Editing For A Drama Series,False,2019
227,Outstanding Directing For A Drama Series,False,2019
227,Outstanding Casting For A Drama Series,False,2019
227,Outstanding Production Design For A Narrative Contemporary Program (One Hour Or More),False,2019
227,Outstanding Supporting Actress In A Drama Series,False,2019
228,Outstanding Original Main Title Theme Music,False,2009
228,Outstanding Original Music And Lyrics,False,2014
228,Outstanding Original Music And Lyrics,False,2015
228,"Outstanding Stunt Coordination For A Drama Series, Limited Series Or Movie",False,2015
228,Outstanding Makeup For A Single-Camera Series (Non-Prosthetic),False,2015
229,Outstanding Cinematography For A Single-Camera Series (Half-Hour) ,False,2019
230,Outstanding Cinematography For A Single-camera Series,True,2002
230,Outstanding Art Direction For A Single-Camera Series,True,2002
230,Outstanding Supporting Actor In A Drama Series,False,2002
230,Outstanding Writing for a Drama Series,False,2002
230,Outstanding Lead Actress In A Drama Series,False,2002
230,Outstanding Stunt Coordination,False,2002
230,Outstanding Makeup For A Series (non-prosthetic),False,2002
230,Outstanding Hairstyling For A Series,False,2002
230,OUTSTANDING SINGLE-CAMERA PICTURE EDITING FOR A SERIES,False,2002
230,Outstanding Costumes For A Series,False,2002
230,Outstanding Casting For A Drama Series,False,2002
230,Outstanding Makeup For A Series (non-prosthetic),True,2003
230,Outstanding Stunt Coordination,True,2003
230,Outstanding Sound Editing For A Series,False,2003
230,Outstanding Art Direction For A Single-Camera Series,False,2003
230,Outstanding Single-Camera Picture Editing For A Drama Series,False,2003
230,Outstanding Hairstyling For A Series,False,2003
230,Outstanding Costumes For A Series,False,2003
230,Outstanding Cinematography For A Single-camera Series,False,2003
230,Outstanding Supporting Actress In A Drama Series,False,2003
230,Outstanding Lead Actress In A Drama Series,False,2003
230,Outstanding Supporting Actor In A Drama Series,False,2003
230,Outstanding Supporting Actor In A Drama Series,False,2004
230,Outstanding Lead Actress In A Drama Series,False,2004
230,Outstanding Art Direction For A Single-Camera Series,False,2004
230,Outstanding Cinematography For A Single-camera Series,False,2004
230,Outstanding Hairstyling For A Series,False,2004
230,Outstanding Single-Camera Sound Mixing For A Series,False,2004
230,Outstanding Sound Editing For A Series,False,2004
230,Outstanding Stunt Coordination,False,2004
230,Outstanding Stunt Coordination,False,2005
230,Outstanding Lead Actress In A Drama Series,False,2005
230,Outstanding Hairstyling For A Series,False,2005
230,Outstanding Costumes For A Series,False,2005
230,Outstanding Hairstyling For A Series,False,2006
230,Outstanding Stunt Coordination,False,2006
231,Outstanding Guest Actor In A Drama Series,True,2007
231,Outstanding Casting For A Drama Series,False,2007
231,Outstanding Cinematography For A Single-camera Series,False,2007
231,Outstanding Directing For A Drama Series,False,2007
232,Outstanding Multi-Camera Picture Editing For A Comedy Series,False,2019
233,Outstanding Supporting Actress In A Miniseries Or A Movie,False,2013
233,"Outstanding Music Composition For A Miniseries, Movie Or A Special (Original Dramatic Score)",False,2013
234,"Outstanding Technical Direction, Camerawork, Video Control For A Limited Series, Movie Or Special",True,2016
234,"Outstanding Production Design For A Variety, Nonfiction, Event Or Award Special",True,2016
234,Outstanding Special Class Program,True,2016
234,Outstanding Directing For A Variety Special,True,2016
234,Outstanding Lighting Design / Lighting Direction For A Variety Special,True,2016
234,Outstanding Makeup For A Multi-Camera Series Or Special (Non-Prosthetic),False,2016
234,Outstanding Sound Mixing For A Variety Series Or Special,False,2016
234,Outstanding Hairstyling For A Multi-Camera Series Or Special,False,2016
234,"Outstanding Casting For A Limited Series, Movie Or Special",False,2016
234,"Outstanding Costumes For A Variety, Nonfiction Or Reality Program",False,2016
235,OUTSTANDING individual achievement in WRITING IN A VARIETY OR MUSIC PROGRAM,True,1993
236,Outstanding Lead Actor In A Miniseries Or A Movie,False,2011
236,Outstanding Lead Actor In A Miniseries Or A Movie,False,2012
236,Outstanding Miniseries or Movie,False,2012
236,"Outstanding Directing For A Miniseries, Movie Or A Dramatic Special",False,2012
236,"Outstanding Writing for a Miniseries, Movie or a Dramatic Special",False,2012
236,"Outstanding Writing for a Miniseries, Movie or a Dramatic Special",False,2014
236,Outstanding Lead Actor In A Miniseries Or A Movie,False,2014
236,Outstanding Miniseries,False,2014
236,Outstanding Lead Actor In A Limited Series Or Movie,False,2016
236,Outstanding Television Movie,False,2016
236,Outstanding Cinematography For A Limited Series Or Movie,False,2016
237,Outstanding Costumes For A Series,False,2002
238,Outstanding Directing For A Comedy Series,False,1999
238,Outstanding Supporting Actress In A Comedy Series,True,2000
238,Outstanding Supporting Actor In A Comedy Series,True,2000
238,Outstanding Comedy Series,True,2000
238,Outstanding Lead Actor In A Comedy Series,False,2000
238,Outstanding Lead Actress In A Comedy Series,False,2000
238,Outstanding Guest Actress In A Comedy Series,False,2000
238,Outstanding Art Direction For A Multi-Camera Series,False,2000
238,Outstanding Directing For A Comedy Series,False,2000
238,Outstanding Cinematography For A Multi-camera Series,False,2000
238,Outstanding Casting For A Comedy Series,False,2000
238,Outstanding Multi-camera Picture Editing For A Series,False,2000
238,Outstanding Art Direction For A Multi-Camera Series,True,2001
238,Outstanding Cinematography For A Multi-camera Series,True,2001
238,Outstanding Lead Actor In A Comedy Series,True,2001
238,Outstanding Costumes For A Series,False,2001
238,Outstanding Casting For A Comedy Series,False,2001
238,Outstanding Writing for a Comedy Series,False,2001
238,Outstanding Directing For A Comedy Series,False,2001
238,Outstanding Comedy Series,False,2001
238,Outstanding Supporting Actor In A Comedy Series,False,2001
238,Outstanding Supporting Actress In A Comedy Series,False,2001
238,Outstanding Lead Actress In A Comedy Series,False,2001
238,Outstanding Multi-camera Picture Editing For A Series,False,2001
238,Outstanding Cinematography For A Multi-camera Series,True,2002
238,Outstanding Art Direction For A Multi-Camera Series,True,2002
238,Outstanding Supporting Actress In A Comedy Series,False,2002
238,Outstanding Guest Actress In A Comedy Series,False,2002
238,Outstanding Lead Actress In A Comedy Series,False,2002
238,Outstanding Supporting Actor In A Comedy Series,False,2002
238,Outstanding Multi-camera Picture Editing For A Series,False,2002
238,Outstanding Multi-Camera Sound Mixing For A Series Or Special,False,2002
238,Outstanding Guest Actor In A Comedy Series,False,2002
238,Outstanding Directing For A Comedy Series,False,2002
238,Outstanding Comedy Series,False,2002
238,Outstanding Costumes For A Series,False,2002
238,Outstanding Casting For A Comedy Series,False,2002
238,Outstanding Lead Actress In A Comedy Series,True,2003
238,Outstanding Guest Actor In A Comedy Series,True,2003
238,Outstanding Art Direction For A Multi-Camera Series,True,2003
238,Outstanding Cinematography For A Multi-camera Series,True,2003
238,Outstanding Directing For A Comedy Series,False,2003
238,Outstanding Comedy Series,False,2003
238,Outstanding Supporting Actor In A Comedy Series,False,2003
238,Outstanding Supporting Actress In A Comedy Series,False,2003
238,Outstanding Lead Actor In A Comedy Series,False,2003
238,Outstanding Multi-Camera Sound Mixing For A Series Or Special,False,2003
238,Outstanding Multi-camera Picture Editing For A Series,False,2003
238,Outstanding Casting For A Comedy Series,False,2003
238,Outstanding Comedy Series,False,2004
238,Outstanding Art Direction For A Multi-Camera Series,False,2004
238,Outstanding Supporting Actress In A Comedy Series,False,2004
238,Outstanding Supporting Actor In A Comedy Series,False,2004
238,Outstanding Guest Actor In A Comedy Series,False,2004
238,Outstanding Guest Actress In A Comedy Series,False,2004
238,Outstanding Multi-camera Picture Editing For A Series,False,2004
238,Outstanding Multi-Camera Sound Mixing For A Series Or Special,False,2004
238,Outstanding Cinematography For A Multi-camera Series,False,2004
238,Outstanding Guest Actor In A Comedy Series,True,2005
238,Outstanding Cinematography For A Multi-camera Series,True,2005
238,Outstanding Casting For A Comedy Series,False,2005
238,Outstanding Art Direction For A Multi-Camera Series,False,2005
238,Outstanding Supporting Actress In A Comedy Series,False,2005
238,Outstanding Supporting Actor In A Comedy Series,False,2005
238,Outstanding Guest Actress In A Comedy Series,False,2005
238,Outstanding Directing For A Comedy Series,False,2005
238,Outstanding Lead Actor In A Comedy Series,False,2005
238,Outstanding Comedy Series,False,2005
238,Outstanding Multi-Camera Sound Mixing For A Series Or Special,False,2005
238,Outstanding Multi-camera Picture Editing For A Series,False,2005
238,Outstanding Guest Actor In A Comedy Series,True,2006
238,Outstanding Supporting Actress In A Comedy Series,True,2006
238,Outstanding Makeup For A Series (non-prosthetic),False,2006
238,Outstanding Multi-camera Picture Editing For A Series,False,2006
238,Outstanding Supporting Actor In A Comedy Series,False,2006
238,Outstanding Guest Actress In A Comedy Series,False,2006
238,Outstanding Lead Actress In A Comedy Series,False,2006
238,Outstanding Hairstyling For A Series,False,2006
238,Outstanding Art Direction For A Multi-Camera Series,False,2006
238,Outstanding Multi-Camera Picture Editing For A Comedy Series,True,2018
238,Outstanding Cinematography For A Multi-Camera Series,True,2018
238,Outstanding Production Design For A Narrative Program (Half-Hour Or Less),False,2018
238,Outstanding Supporting Actress In A Comedy Series,False,2018
238,Outstanding Guest Actress In A Comedy Series,False,2018
238,Outstanding Multi-Camera Picture Editing For A Comedy Series,False,2019
238,Outstanding Production Design For A Narrative Program (Half-Hour),False,2019
238,Outstanding Cinematography For A Multi-Camera Series,False,2019
239,Outstanding Lead Actress In A Comedy Series,True,2010
239,Outstanding Original Main Title Theme Music,True,2010
239,Outstanding Cinematography For A Half-Hour Series,False,2010
239,Outstanding Casting For A Comedy Series,False,2010
239,Outstanding Main Title Design,False,2010
239,Outstanding Comedy Series,False,2010
239,Outstanding Directing For A Comedy Series,False,2010
239,Outstanding Guest Actor In A Comedy Series,False,2010
239,Outstanding Lead Actress In A Comedy Series,False,2011
239,Outstanding Casting For A Comedy Series,False,2011
239,Outstanding Sound Mixing For A Comedy Or Drama Series (Half-Hour) And Animation,False,2012
239,Outstanding Guest Actor In A Comedy Series,False,2012
239,Outstanding Supporting Actress In A Comedy Series,False,2012
239,Outstanding Lead Actress In A Comedy Series,False,2012
239,Outstanding Casting For A Comedy Series,False,2012
239,Outstanding Supporting Actress In A Comedy Series,True,2013
239,Outstanding Sound Mixing For A Comedy Or Drama Series (Half-Hour) And Animation,True,2013
239,Outstanding Casting For A Comedy Series,False,2013
239,Outstanding Lead Actress In A Comedy Series,False,2013
239,Outstanding Guest Actor In A Comedy Series,False,2013
239,Outstanding Sound Mixing For A Comedy Or Drama Series (Half-Hour) And Animation,True,2014
239,Outstanding Lead Actress In A Comedy Series,False,2014
239,Outstanding Casting For A Comedy Series,False,2014
239,Outstanding Lead Actress In A Comedy Series,False,2015
240,Outstanding Directing For A Comedy Series,False,1999
240,Outstanding Supporting Actor In A Comedy Series,False,1999
240,Outstanding Comedy Series,False,1999
240,Outstanding Supporting Actress In A Comedy Series,False,1999
240,Outstanding Lead Actor In A Comedy Series,False,1999
240,Outstanding Lead Actress In A Comedy Series,False,1999
240,Outstanding Lead Actress In A Comedy Series,True,2000
240,Outstanding Supporting Actor In A Comedy Series,False,2000
240,Outstanding Supporting Actress In A Comedy Series,False,2000
240,Outstanding Lead Actor In A Comedy Series,False,2000
240,Outstanding Comedy Series,False,2000
240,Outstanding Directing For A Comedy Series,False,2000
240,Outstanding Writing for a Comedy Series,False,2000
240,Outstanding Cinematography For A Multi-camera Series,False,2000
240,Outstanding Multi-Camera Sound Mixing For A Series Or A Special,True,2001
240,Outstanding Supporting Actress In A Comedy Series,True,2001
240,Outstanding Lead Actress In A Comedy Series,True,2001
240,Outstanding Cinematography For A Multi-camera Series,False,2001
240,Outstanding Comedy Series,False,2001
240,Outstanding Lead Actor In A Comedy Series,False,2001
240,Outstanding Supporting Actor In A Comedy Series,False,2001
240,Outstanding Multi-camera Picture Editing For A Series,False,2001
240,Outstanding Supporting Actor In A Comedy Series,True,2002
240,Outstanding Supporting Actress In A Comedy Series,True,2002
240,Outstanding Lead Actor In A Comedy Series,True,2002
240,Outstanding Lead Actress In A Comedy Series,False,2002
240,Outstanding Guest Actress In A Comedy Series,False,2002
240,Outstanding Multi-camera Picture Editing For A Series,False,2002
240,Outstanding Multi-Camera Sound Mixing For A Series Or Special,False,2002
240,Outstanding Comedy Series,False,2002
240,Outstanding Writing for a Comedy Series,False,2002
240,Outstanding Supporting Actor In A Comedy Series,True,2003
240,Outstanding Supporting Actress In A Comedy Series,True,2003
240,Outstanding Writing for a Comedy Series,True,2003
240,Outstanding Multi-Camera Sound Mixing For A Series Or Special,True,2003
240,Outstanding Comedy Series,True,2003
240,Outstanding Guest Actor In A Comedy Series,False,2003
240,Outstanding Guest Actress In A Comedy Series,False,2003
240,Outstanding Lead Actress In A Comedy Series,False,2003
240,Outstanding Lead Actor In A Comedy Series,False,2003
240,Outstanding Multi-camera Picture Editing For A Series,False,2003
240,Outstanding Cinematography For A Multi-camera Series,False,2003
240,Outstanding Comedy Series,False,2004
240,Outstanding Supporting Actress In A Comedy Series,False,2004
240,Outstanding Lead Actress In A Comedy Series,False,2004
240,Outstanding Supporting Actor In A Comedy Series,False,2004
240,Outstanding Guest Actor In A Comedy Series,False,2004
240,Outstanding Guest Actress In A Comedy Series,False,2004
240,Outstanding Multi-camera Picture Editing For A Series,False,2004
240,Outstanding Multi-Camera Sound Mixing For A Series Or Special,False,2004
240,Outstanding Comedy Series,True,2005
240,Outstanding Supporting Actor In A Comedy Series,True,2005
240,Outstanding Supporting Actress In A Comedy Series,True,2005
240,Outstanding Cinematography For A Multi-camera Series,False,2005
240,Outstanding Lead Actress In A Comedy Series,False,2005
240,Outstanding Guest Actor In A Comedy Series,False,2005
240,Outstanding Guest Actress In A Comedy Series,False,2005
240,Outstanding Writing for a Comedy Series,False,2005
240,Outstanding Lead Actor In A Comedy Series,False,2005
240,Outstanding Directing For A Comedy Series,False,2005
240,Outstanding Multi-Camera Sound Mixing For A Series Or Special,False,2005
240,Outstanding Multi-camera Picture Editing For A Series,False,2005
241,"Outstanding Stunt Coordination for a Drama Series, Limited Series, or Movie",True,2017
242,"Outstanding Variety, Music Or Comedy Series",False,2004
242,"Outstanding Directing For A Variety, Music Or Comedy Program",False,2004
242,"Outstanding Writing For A Variety, Music Or Comedy Program",False,2004
243,Outstanding Unstructured Reality Program,False,2014
244,Outstanding Sound Editing For A Series,False,2013
244,Outstanding Special Visual Effects in a Supporting Role,False,2013
244,Outstanding Main Title Design,False,2013
244,Outstanding Special And Visual Effects In A Supporting Role,False,2014
244,Outstanding Special Visual Effects,False,2015
244,Outstanding Sound Editing For A Series,False,2016
244,Outstanding Makeup For A Single-Camera Series (Non-Prosthetic),False,2016
244,Outstanding Special Visual Effects,False,2016
244,Outstanding Special Visual Effects,False,2017
244,Outstanding Hairstyling for a Single-Camera Series,False,2017
244,Outstanding Makeup for a Single-Camera Series (Non-Prosthetic),False,2017
244,Outstanding Makeup For A Single-Camera Series (Non-Prosthetic),False,2018
245,Outstanding Guest Actor In A Drama Series,True,1998
245,Outstanding Drama Series,True,1998
245,Outstanding Supporting Actress In A Drama Series,True,1998
245,Outstanding Writing for a Drama Series,False,1998
245,Outstanding Supporting Actress In A Drama Series,True,1999
245,Outstanding Supporting Actor In A Drama Series,True,1999
245,Outstanding Guest Actor In A Drama Series,True,1999
245,Outstanding Drama Series,True,1999
245,OUTSTANDING SOUND MIXING FOR A DRAMA SERIES,False,1999
245,OUTSTANDING COSTUME DESIGN FOR A SERIES,False,1999
245,OUTSTANDING CINEMATOGRAPHY FOR A SERIES,False,1999
245,OUTSTANDING CASTING FOR A SERIES,False,1999
245,Outstanding Lead Actor In A Drama Series,False,1999
245,Outstanding Guest Actress In A Drama Series,True,2000
245,Outstanding Guest Actor In A Drama Series,True,2000
245,Outstanding Drama Series,False,2000
245,Outstanding Supporting Actor In A Drama Series,False,2000
245,Outstanding Supporting Actress In A Drama Series,False,2000
245,Outstanding Casting For A Drama Series,False,2000
245,Outstanding Guest Actor In A Drama Series,True,2001
245,Outstanding Casting For A Drama Series,False,2001
245,Outstanding Cinematography For A Single-camera Series,False,2001
245,Outstanding Drama Series,False,2001
245,Outstanding Single-Camera Sound Mixing For A Series,False,2001
245,OUTSTANDING SINGLE-CAMERA PICTURE EDITING FOR A SERIES,False,2001
245,Outstanding Guest Actor In A Drama Series,True,2002
245,Outstanding Guest Actress In A Drama Series,True,2003
245,Outstanding Guest Actor In A Drama Series,True,2004
245,Outstanding Guest Actress In A Drama Series,True,2004
245,Outstanding Lead Actor In A Drama Series,True,2004
246,Outstanding Nonfiction Special,True,2012
246,Outstanding Directing For Nonfiction Programming,True,2012
246,Outstanding Sound Editing For Nonfiction Programming (Single Or Multi-Camera),False,2012
246,Outstanding Sound Mixing For Nonfiction Programming,False,2012
246,Outstanding Picture Editing For Nonfiction Programming,False,2012
246,Outstanding Cinematography For Nonfiction Programming,False,2012
247,Outstanding Writing for a Comedy Series,False,2012
247,Outstanding Stunt Coordination For A Comedy Series Or A Variety Program,False,2014
247,Outstanding Stunt Coordination For A Comedy Series Or A Variety Program,False,2015
248,"Outstanding Stunt Coordination For A Drama Series, Miniseries Or Movie",True,2014
248,"Outstanding Stunt Coordination For A Drama Series, Limited Series Or Movie",False,2015
248,Outstanding Guest Actor In A Drama Series,False,2015
248,"Outstanding Stunt Coordination For A Drama Series, Limited Series Or Movie",False,2016
248,"Outstanding Stunt Coordination for a Drama Series, Limited Series, or Movie",False,2017
248,"Outstanding Stunt Coordination For A Drama Series, Limited Series Or Movie",False,2018
248,"Outstanding Stunt Coordination For A Drama Series, Limited Series Or Movie",False,2019
249,"Outstanding Directing For A Limited Series, Movie Or Dramatic Special",False,2018
249,"Outstanding Casting For A Limited Series, Movie Or Special",False,2018
249,Outstanding Lead Actor In A Limited Series Or Movie,False,2018
249,Outstanding Supporting Actor In A Limited Series Or Movie,False,2018
250,OUTSTANDING INDIVIDUAL ACHIEVEMENT IN main title theme music,True,1993
250,OUTSTANDING INDIVIDUAL ACHIEVEMENT IN MAKEUP FOR A SERIES,True,1993
250,OUTSTANDING INDIVIDUAL ACHIEVEMENT IN special visual effects,True,1993
250,OUTSTANDING Individual achievement in SOUND MIXING FOR A DRAMA SERIES,False,1993
250,OUTSTANDING individual achievement in SOUND EDITING FOR A SERIES,False,1993
250,OUTSTANDING INDIVIDUAL ACHIEVEMENT IN ART DIRECTION FOR A series,False,1993
250,OUTSTANDING INDIVIDUAL ACHIEVEMENT IN HAIRSTYLING FOR A series,False,1993
250,OUTSTANDING INDIVIDUAL ACHIEVEMENT IN HAIRSTYLING FOR A series,False,1994
250,OUTSTANDING INDIVIDUAL ACHIEVEMENT IN MAKEUP FOR A SERIES,False,1994
250,OUTSTANDING INDIVIDUAL ACHIEVEMENT IN MAKEUP FOR A SERIES,True,1995
250,OUTSTANDING INDIVIDUAL ACHIEVEMENT IN HAIRSTYLING FOR A series,False,1995
250,OUTSTANDING INDIVIDUAL ACHIEVEMENT IN special visual effects,False,1995
250,OUTSTANDING MUSIC COMPOSITION FOR A SERIES,False,1996
250,OUTSTANDING MAKEUP FOR A SERIES,False,1996
250,Outstanding Special Visual Effects,False,1996
250,OUTSTANDING COSTUME DESIGN FOR A SERIES,False,1996
250,Outstanding Hairstyling For A Series,False,1996
250,Outstanding Hairstyling For A Series,False,1997
250,OUTSTANDING CINEMATOGRAPHY FOR A SERIES,False,1997
250,OUTSTANDING ART DIRECTION FOR A SERIES,False,1997
250,OUTSTANDING MAKEUP FOR A SERIES,False,1997
250,Outstanding Special Visual Effects,False,1997
250,OUTSTANDING MAKEUP FOR A SERIES,False,1998
250,Outstanding Hairstyling For A Series,False,1998
250,OUTSTANDING COSTUME DESIGN FOR A SERIES,False,1998
250,Outstanding Music Direction,False,1998
250,OUTSTANDING ART DIRECTION FOR A SERIES,False,1998
250,Outstanding Special Visual Effects For A Series,False,1998
250,Outstanding Special Visual Effects For A Series,False,1999
250,OUTSTANDING MAKEUP FOR A SERIES,False,1999
250,Outstanding Hairstyling For A Series,False,1999
250,OUTSTANDING ART DIRECTION FOR A SERIES,False,1999
251,Outstanding Music Direction,False,2015
252,OUTSTANDING LEAD ACTRESS IN COMEDY SERIES,True,1989
252,OUTSTANDING WRITING IN A COMEDY SERIES,True,1989
252,OUTSTANDING EDITING FOR A SERIES (multi-camera production),True,1989
252,Outstanding Guest Actress In A Comedy Series,True,1989
252,Outstanding Supporting Actress In A Comedy Series,False,1989
252,Outstanding Supporting Actor In A Comedy Series,False,1989
252,OUTSTANDING ART DIRECTION FOR A SERIES,False,1989
252,Outstanding Comedy Series,False,1989
252,OUTSTANDING ACHIEVEMENT IN COSTUMING FOR A SERIES,False,1989
252,OUTSTANDING DIRECTING IN A COMEDY SERIES,False,1989
252,Outstanding Guest Actor In A Comedy Series,True,1990
252,Outstanding Guest Actress In A Comedy Series,False,1990
252,Outstanding Supporting Actor In A Comedy Series,False,1990
252,Outstanding Supporting Actress In A Comedy Series,False,1990
252,OUTSTANDING EDITING FOR A SERIES (multi-camera production),True,1991
252,OUTSTANDING ACHIEVEMENT IN COSTUMING FOR A SERIES,True,1991
252,Outstanding Guest Actor In A Comedy Series,True,1991
252,Outstanding Guest Actress In A Comedy Series,True,1991
252,OUTSTANDING WRITING IN A COMEDY SERIES,True,1991
252,OUTSTANDING ART DIRECTION FOR A SERIES,False,1991
252,Outstanding Lead Actress In A Comedy Series,False,1991
252,Outstanding Comedy Series,False,1991
252,Outstanding Supporting Actress In A Comedy Series,False,1991
252,OUTSTANDING SOUND MIXING FOR A COMEDY SERIES OR A SPECIAL,False,1991
252,OUTSTANDING DIRECTING IN A COMEDY SERIES,False,1991
252,Outstanding Comedy Series,True,1992
252,Outstanding Lead Actress In A Comedy Series,True,1992
252,OUTSTANDING INDIVIDUAL ACHIEVEMENT IN DIRECTING IN A comedy series,True,1992
252,OUTSTANDING individual achievement in WRITING IN A COMEDY SERIES,False,1992
252,Outstanding Supporting Actor In A Comedy Series,False,1992
252,OUTSTANDING INDIVIDUAL ACHIEVEMENT IN EDITING FOR A SERIES - multi-camera production,False,1992
252,Outstanding Supporting Actress In A Comedy Series,False,1992
252,Outstanding Lead Actress In A Comedy Series,False,1993
252,Outstanding Comedy Series,False,1993
252,OUTSTANDING INDIVIDUAL ACHIEVEMENT IN MAKEUP FOR A SERIES,False,1993
252,OUTSTANDING INDIVIDUAL ACHIEVEMENT IN HAIRSTYLING FOR A series,False,1993
252,OUTSTANDING INDIVIDUAL ACHIEVEMENT IN EDITING FOR A SERIES - multi-camera production,False,1993
252,OUTSTANDING INDIVIDUAL ACHIEVEMENT IN DIRECTING IN A comedy  series,False,1993
252,Outstanding Lead Actress In A Comedy Series,True,1994
252,Outstanding Guest Actor In A Comedy Series,True,1994
252,OUTSTANDING INDIVIDUAL ACHIEVEMENT IN EDITING FOR A SERIES - multi-camera production,False,1994
252,Outstanding Guest Actress In A Comedy Series,False,1994
252,Outstanding Supporting Actress In A Comedy Series,False,1994
252,Outstanding Lead Actress In A Comedy Series,True,1995
252,Outstanding Guest Actor In A Comedy Series,False,1995
252,OUTSTANDING MULTI-CAMERA EDITING FOR A SERIES,False,1996
252,Outstanding Multi-camera Picture Editing For A Series,False,1998
252,Outstanding Guest Actress In A Comedy Series,False,1998
253,Outstanding Special Visual Effects,False,2013
253,Outstanding Music Composition For A Series (Original Dramatic Score),False,2013
254,Outstanding Cinematography For Reality Programming,True,2008
255,Outstanding Directing For A Comedy Series,False,2002
255,Outstanding Casting For A Comedy Series,False,2002
255,Outstanding Casting For A Comedy Series,False,2003
255,Outstanding Writing for a Comedy Series,False,2004
255,Outstanding Single-camera Picture Editing For A Comedy Series,False,2004
255,Outstanding Multi-camera Picture Editing For A Series,True,2005
255,Outstanding Casting For A Comedy Series,False,2005
255,Outstanding Lead Actor In A Comedy Series,False,2005
255,Outstanding Comedy Series,False,2005
255,Outstanding Comedy Series,False,2006
255,Outstanding Sound Mixing For A  Comedy Or Drama Series (half-hour) And Animation,True,2007
255,Outstanding Original Music And Lyrics,False,2007
255,Outstanding Music Direction,False,2007
255,Outstanding Directing For A Comedy Series,False,2007
255,Outstanding Cinematography For A Half-Hour Series,False,2008
255,Outstanding Sound Mixing For A Comedy Or Drama Series (Half-Hour) And Animation,False,2009
256,Outstanding Achievement in Children's Programming - Programs,False,1972
256,Outstanding Achievement in Children's Programming - Entertainment/Fictional,True,1973
257,Outstanding Supporting Actor In A Drama Series,False,2014
257,Outstanding Lead Actor In A Drama Series,False,2015
257,Outstanding Guest Actor In A Drama Series,True,2016
257,Outstanding Sound Mixing For A Comedy Or Drama Series (One Hour),False,2016
257,Outstanding Lead Actor In A Drama Series,False,2016
257,Outstanding Supporting Actor In A Drama Series,False,2016
257,Outstanding Directing For A Drama Series,False,2016
257,Outstanding Lead Actor in a Drama Series,False,2017
257,Outstanding Guest Actor in a Drama Series,False,2017
257,Outstanding Cinematography For A Single-Camera Series (One Hour),False,2019
258,Outstanding Special and Visual Effects,False,2014
258,Outstanding Special Visual Effects,False,2015
259,Outstanding Documentary Or Nonfiction Special,False,2015
260,Outstanding Casting For A Drama Series,True,2002
260,Outstanding Makeup For A Series (Prosthetic),True,2002
260,OUTSTANDING MAIN TITLE THEME MUSIC,True,2002
260,Outstanding Main Title Design,True,2002
260,Outstanding Directing For A Drama Series,True,2002
260,Outstanding Guest Actress In A Drama Series,True,2002
260,Outstanding Lead Actor In A Drama Series,False,2002
260,Outstanding Lead Actress In A Drama Series,False,2002
260,Outstanding Supporting Actor In A Drama Series,False,2002
260,Outstanding Drama Series,False,2002
260,Outstanding Supporting Actress In A Drama Series,False,2002
260,Outstanding Makeup For A Series (non-prosthetic),False,2002
260,Outstanding Hairstyling For A Series,False,2002
260,Outstanding Single-Camera Sound Mixing For A Series,False,2002
260,OUTSTANDING SINGLE-CAMERA PICTURE EDITING FOR A SERIES,False,2002
260,Outstanding Art Direction For A Single-Camera Series,False,2002
260,Outstanding Costumes For A Series,False,2002
260,Outstanding Cinematography For A Single-camera Series,False,2002
260,Outstanding Casting For A Drama Series,True,2003
260,Outstanding Drama Series,False,2003
260,Outstanding Directing For A Drama Series,False,2003
260,Outstanding Art Direction For A Single-Camera Series,False,2003
260,Outstanding Makeup For A Series (Prosthetic),False,2003
260,Outstanding Makeup For A Series (non-prosthetic),False,2003
260,Outstanding Hairstyling For A Series,False,2003
260,Outstanding Costumes For A Series,False,2003
260,Outstanding Cinematography For A Single-camera Series,False,2003
260,Outstanding Supporting Actress In A Drama Series,False,2003
260,Outstanding Lead Actor In A Drama Series,False,2003
260,Outstanding Lead Actress In A Drama Series,False,2003
260,Outstanding Writing for a Drama Series,False,2003
260,Outstanding Guest Actor In A Drama Series,False,2003
260,Outstanding Guest Actress In A Drama Series,False,2003
260,Outstanding Art Direction For A Single-Camera Series,False,2005
260,Outstanding Drama Series,False,2005
260,Outstanding Cinematography For A Single-camera Series,False,2005
260,Outstanding Lead Actress In A Drama Series,False,2005
260,Outstanding Costumes For A Series,False,2005
260,Outstanding Guest Actress In A Drama Series,True,2006
260,"Outstanding Prosthetic Makeup For A Series, Miniseries, Movie Or A Special",True,2006
260,Outstanding Lead Actress In A Drama Series,False,2006
260,Outstanding Lead Actor In A Drama Series,False,2006
260,Outstanding Writing for a Drama Series,False,2006
260,Outstanding Directing For A Drama Series,False,2006
260,Outstanding Hairstyling For A Series,False,2006
260,Outstanding Art Direction For A Single-Camera Series,False,2006
261,Outstanding Main Title Design,False,2013
261,Outstanding Original Main Title Theme Music,False,2013
262,"Outstanding Prosthetic Makeup For A Series, Limited Series, Movie Or A Special",False,2015
262,Outstanding Original Main Title Theme Music,False,2015
262,Outstanding Music Composition For A Series (Original Dramatic Score),False,2015
262,"Outstanding Prosthetic Makeup For A Series, Limited Series, Movie Or Special",False,2016
262,Outstanding Production Design For A Narrative Contemporary Or Fantasy Program (One Hour Or More),False,2016
262,Outstanding Music Composition For A Series (Original Dramatic Score),False,2016
262,Outstanding Makeup For A Single-Camera Series (Non-Prosthetic),False,2016
262,Outstanding Special Visual Effects,False,2016
262,Outstanding Hairstyling For A Single-Camera Series,False,2016
262,Outstanding Production Design for a Narrative Contemporary or Fantasy Program (One Hour or More),False,2017
262,Outstanding Hairstyling for a Single-Camera Series,False,2017
262,"Outstanding Prosthetic Makeup for a Series, Limited Series, Movie, or Special",False,2017
262,Outstanding Makeup for a Single-Camera Series (Non-Prosthetic),False,2017
263,Outstanding Stunt Coordination,True,2008
263,Outstanding Main Title Design,False,2008
263,Outstanding Stunt Coordination,True,2009
263,Outstanding Stunt Coordination,False,2010
264,Outstanding Sound Editing for a Series,True,2017
264,Outstanding Original Main Title Theme Music,True,2017
264,Outstanding Single-Camera Picture Editing for a Drama Series,True,2017
264,Outstanding Casting for a Drama Series,True,2017
264,Outstanding Main Title Design,True,2017
264,Outstanding Writing for a Drama Series,False,2017
264,Outstanding Sound Mixing for a Comedy or Drama Series (One Hour),False,2017
264,Outstanding Drama Series,False,2017
264,Outstanding Guest Actress in a Drama Series,False,2017
264,Outstanding Music Supervision,False,2017
264,Outstanding Cinematography for a Single-Camera Series (One Hour),False,2017
264,Outstanding Directing for a Drama Series,False,2017
264,Outstanding Production Design for a Narrative Period Program (One Hour or More),False,2017
264,Outstanding Supporting Actress in a Drama Series,False,2017
264,Outstanding Supporting Actor in a Drama Series,False,2017
264,Outstanding Hairstyling for a Single-Camera Series,False,2017
264,Outstanding Makeup for a Single-Camera Series (Non-Prosthetic),False,2017
264,Outstanding Sound Editing For A Comedy Or Drama Series (One Hour),True,2018
264,Outstanding Cinematography For A Single-Camera Series (One Hour),False,2018
264,Outstanding Single-Camera Picture Editing For A Drama Series,False,2018
264,Outstanding Directing For A Drama Series,False,2018
264,Outstanding Casting For A Drama Series,False,2018
264,Outstanding Music Supervision,False,2018
264,Outstanding Supporting Actress In A Drama Series,False,2018
264,Outstanding Supporting Actor In A Drama Series,False,2018
264,Outstanding Special Visual Effects,False,2018
264,Outstanding Sound Mixing For A Comedy Or Drama Series (One Hour),False,2018
264,Outstanding Writing For A Drama Series,False,2018
264,Outstanding Drama Series,False,2018
265,Outstanding Single-Camera Picture Editing For A Miniseries Or A Movie,True,2011
265,Outstanding Sound Mixing For A Miniseries Or A Movie,False,2011
265,Outstanding Hairstyling For A Miniseries Or A Movie,False,2011
265,"Outstanding Costumes For A Miniseries, Movie Or A Special",False,2011
265,Outstanding Makeup For A Miniseries Or A Movie (Non-Prosthetic),False,2011
265,"Outstanding Casting For A Miniseries, Movie Or A Special",False,2011
265,Outstanding Miniseries or Movie,False,2011
265,"Outstanding Directing For A Miniseries, Movie Or A Dramatic Special",False,2011
265,Outstanding Lead Actress In A Miniseries Or A Movie,False,2011
266,Outstanding Documentary Or Nonfiction Series,False,2018
267,"Outstanding Directing For A Miniseries, Movie Or A Dramatic Special",True,2012
267,"Outstanding Writing for a Miniseries, Movie or a Dramatic Special",True,2012
267,Outstanding Miniseries or Movie,True,2012
267,"Outstanding Casting For A Miniseries, Movie Or A Special",True,2012
267,Outstanding Lead Actress In A Miniseries Or A Movie,True,2012
267,Outstanding Single-Camera Picture Editing For A Miniseries Or A Movie,False,2012
267,Outstanding Sound Mixing For A Miniseries Or A Movie,False,2012
267,Outstanding Lead Actor In A Miniseries Or A Movie,False,2012
267,Outstanding Supporting Actress In A Miniseries Or A Movie,False,2012
267,Outstanding Supporting Actor In A Miniseries Or A Movie,False,2012
267,"Outstanding Music Composition For A Miniseries, Movie Or A Special (Original Dramatic Score)",False,2012
267,Outstanding Cinematography For A Miniseries Or Movie,False,2012
268,Outstanding Main Title Design,False,2006
268,Outstanding Directing For A Drama Series,False,2006
268,Outstanding Casting For A Drama Series,False,2006
268,Outstanding Guest Actress In A Drama Series,False,2008
268,Outstanding Drama Series,False,2009
268,Outstanding Casting For A Drama Series,False,2010
268,Outstanding Guest Actress In A Drama Series,False,2010
268,Outstanding Guest Actor In A Drama Series,False,2011
269,Outstanding Cinematography For A One Hour Series,False,2009
270,Outstanding Supporting Actress In A Limited Series Or Movie,True,2019
270,Outstanding Lead Actress In A Limited Series Or Movie,False,2019
271,Outstanding Picture Editing For Nonfiction Programming,True,2015
271,Outstanding Documentary Or Nonfiction Series,True,2015
271,Outstanding Cinematography For Nonfiction Programming,False,2015
271,Outstanding Sound Editing For Nonfiction Programming (Single Or Multi-Camera),False,2015
271,Outstanding Sound Mixing For Nonfiction Programming (Single or Multi-Camera),False,2015
271,Outstanding Directing For Nonfiction Programming,False,2015
272,Outstanding Lead Actor In A Comedy Series,False,1989
272,OUTSTANDING ART DIRECTION FOR A SERIES,False,1989
272,OUTSTANDING ACHIEVEMENT IN MUSIC AND LYRICS,False,1989
272,OUTSTANDING EDITING FOR A SERIES (multi-camera production),False,1989
272,OUTSTANDING LIGHTING DIRECTION (ELECTRONIC) FOR A COMEDY SERIES,False,1990
272,Outstanding Lead Actor In A Comedy Series,False,1990
272,Outstanding Lead Actor In A Comedy Series,False,1991
272,Outstanding Supporting Actress In A Comedy Series,True,1992
272,OUTSTANDING individual achievement in WRITING IN A COMEDY SERIES,False,1992
272,Outstanding Lead Actor In A Comedy Series,False,1992
272,Outstanding Lead Actress In A Comedy Series,False,1992
272,Outstanding Lead Actress In A Comedy Series,True,1993
272,Outstanding Supporting Actress In A Comedy Series,True,1993
272,Outstanding Lead Actor In A Comedy Series,False,1993
272,OUTSTANDING INDIVIDUAL ACHIEVEMENT IN LIGHTING DIRECTION (electronic) for a comedy series,False,1993
272,Outstanding Supporting Actress In A Comedy Series,True,1994
272,OUTSTANDING INDIVIDUAL ACHIEVEMENT IN LIGHTING DIRECTION (electronic) for a comedy series,False,1994
272,Outstanding Lead Actress In A Comedy Series,False,1994
272,Outstanding Lead Actor In A Comedy Series,False,1994
272,Outstanding Supporting Actress In A Comedy Series,False,1995
272,Outstanding Lead Actor In A Comedy Series,False,1995
272,Outstanding Lead Actress In A Comedy Series,False,1995
272,OUTSTANDING INDIVIDUAL ACHIEVEMENT IN HAIRSTYLING FOR A series,False,1995
272,Outstanding Supporting Actress In A Comedy Series,False,2018
272,Outstanding Multi-Camera Picture Editing For A Comedy Series,False,2018
273,Outstanding Informational Series Or Special,False,2014
274,Outstanding Comedy Series,True,2007
274,Outstanding Guest Actress In A Comedy Series,True,2007
274,Outstanding Casting For A Comedy Series,False,2007
274,Outstanding Original Main Title Theme Music,False,2007
274,Outstanding Sound Mixing For A  Comedy Or Drama Series (half-hour) And Animation,False,2007
274,Outstanding Lead Actor In A Comedy Series,False,2007
274,Outstanding Lead Actress In A Comedy Series,False,2007
274,Outstanding Directing For A Comedy Series,False,2007
274,Outstanding Writing for a Comedy Series,False,2007
274,Outstanding Sound Mixing For A  Comedy Or Drama Series (half-hour) And Animation,True,2008
274,Outstanding Casting For A Comedy Series,True,2008
274,Outstanding Guest Actor In A Comedy Series,True,2008
274,Outstanding Writing for a Comedy Series,True,2008
274,Outstanding Lead Actress In A Comedy Series,True,2008
274,Outstanding Lead Actor In A Comedy Series,True,2008
274,Outstanding Comedy Series,True,2008
274,Outstanding Picture Editing For A Comedy Series (Single Or Multi-Camera),False,2008
274,Outstanding Cinematography For A Half-Hour Series,False,2008
274,Outstanding Guest Actress In A Comedy Series,False,2008
274,Outstanding Directing For A Comedy Series,False,2008
274,Outstanding Picture Editing For A Comedy Series (Single Or Multi-Camera),True,2009
274,Outstanding Writing for a Comedy Series,True,2009
274,Outstanding Comedy Series,True,2009
274,Outstanding Casting For A Comedy Series,True,2009
274,Outstanding Lead Actor In A Comedy Series,True,2009
274,Outstanding Guest Actor In A Comedy Series,False,2009
274,Outstanding Guest Actress In A Comedy Series,False,2009
274,Outstanding Supporting Actor In A Comedy Series,False,2009
274,Outstanding Supporting Actress In A Comedy Series,False,2009
274,Outstanding Lead Actress In A Comedy Series,False,2009
274,Outstanding Directing For A Comedy Series,False,2009
274,Outstanding Cinematography For A Half-Hour Series,False,2009
274,Outstanding Sound Mixing For A Comedy Or Drama Series (Half-Hour) And Animation,False,2009
274,Outstanding Picture Editing For A Comedy Series (Single Or Multi-Camera),False,2010
274,Outstanding Sound Mixing For A Comedy Or Drama Series (Half-Hour) And Animation,False,2010
274,Outstanding Cinematography For A Half-Hour Series,False,2010
274,Outstanding Casting For A Comedy Series,False,2010
274,Outstanding Costumes For A Series,False,2010
274,Outstanding Writing for a Comedy Series,False,2010
274,Outstanding Comedy Series,False,2010
274,Outstanding Directing For A Comedy Series,False,2010
274,Outstanding Guest Actor In A Comedy Series,False,2010
274,Outstanding Guest Actress In A Comedy Series,False,2010
274,Outstanding Supporting Actress In A Comedy Series,False,2010
274,Outstanding Lead Actor In A Comedy Series,False,2010
274,Outstanding Lead Actress In A Comedy Series,False,2010
274,"Outstanding Technical Direction, Camerawork, Video Control For A Series",False,2011
274,Outstanding Picture Editing For A Comedy Series (Single Or Multi-Camera),False,2011
274,Outstanding Music Composition For A Series (Original Dramatic Score),False,2011
274,Outstanding Lead Actor In A Comedy Series,False,2011
274,Outstanding Lead Actress In A Comedy Series,False,2011
274,Outstanding Supporting Actress In A Comedy Series,False,2011
274,Outstanding Casting For A Comedy Series,False,2011
274,Outstanding Guest Actor In A Comedy Series,False,2011
274,Outstanding Directing For A Comedy Series,False,2011
274,Outstanding Writing for a Comedy Series,False,2011
274,Outstanding Guest Actress In A Comedy Series,False,2011
274,Outstanding Comedy Series,False,2011
274,"Outstanding Technical Direction, Camerawork, Video Control For A Series",False,2012
274,Outstanding Sound Mixing For A Comedy Or Drama Series (Half-Hour) And Animation,False,2012
274,Outstanding Single-camera Picture Editing For A Comedy Series,False,2012
274,Outstanding Comedy Series,False,2012
274,Outstanding Guest Actor In A Comedy Series,False,2012
274,Outstanding Guest Actress In A Comedy Series,False,2012
274,Outstanding Lead Actor In A Comedy Series,False,2012
274,Outstanding Lead Actress In A Comedy Series,False,2012
274,Outstanding Music Composition For A Series (Original Dramatic Score),False,2012
274,Outstanding Art Direction For A Multi-Camera Series,False,2012
274,Outstanding Writing for a Comedy Series,True,2013
274,Outstanding Casting For A Comedy Series,True,2013
274,Outstanding Sound Mixing For A Comedy Or Drama Series (Half-Hour) And Animation,False,2013
274,Outstanding Single-camera Picture Editing For A Comedy Series,False,2013
274,Outstanding Original Music And Lyrics,False,2013
274,Outstanding Comedy Series,False,2013
274,Outstanding Lead Actor In A Comedy Series,False,2013
274,Outstanding Lead Actress In A Comedy Series,False,2013
274,Outstanding Supporting Actress In A Comedy Series,False,2013
274,Outstanding Directing For A Comedy Series,False,2013
274,Outstanding Guest Actor In A Comedy Series,False,2013
274,Outstanding Guest Actress In A Comedy Series,False,2013
275,Outstanding Cinematography For A Miniseries Or Movie,False,2013
275,"Outstanding Costumes For A Miniseries, Movie Or A Special",False,2013
275,"Outstanding Writing for a Miniseries, Movie or a Dramatic Special",False,2013
275,Outstanding Lead Actor In A Miniseries Or A Movie,False,2013
275,"Outstanding Music Composition For A Miniseries, Movie Or A Special (Original Dramatic Score)",False,2013
276,OUTSTANDING SOUND MIXING FOR A COMEDY SERIES OR A SPECIAL,True,1998
276,OUTSTANDING COSTUME DESIGN FOR A SERIES,False,1998
276,OUTSTANDING SINGLE-CAMERA PICTURE EDITING FOR A SERIES,False,1998
276,OUTSTANDING CASTING FOR A SERIES,False,1998
276,Outstanding Lead Actress In A Comedy Series,False,1998
276,OUTSTANDING ART DIRECTION FOR A SERIES,False,1998
276,Outstanding Comedy Series,False,1998
276,Outstanding Directing For A Comedy Series,False,1998
276,Outstanding Writing for a Comedy Series,False,1998
276,Outstanding Comedy Series,True,1999
276,Outstanding Guest Actress In A Comedy Series,True,1999
276,OUTSTANDING SOUND MIXING FOR A COMEDY SERIES OR A SPECIAL,True,1999
276,OUTSTANDING SINGLE-CAMERA PICTURE EDITING FOR A SERIES,False,1999
276,Outstanding Directing For A Comedy Series,False,1999
276,Outstanding Writing for a Comedy Series,False,1999
276,Outstanding Guest Actor In A Comedy Series,False,1999
276,Outstanding Supporting Actor In A Comedy Series,False,1999
276,OUTSTANDING COSTUME DESIGN FOR A SERIES,False,1999
276,OUTSTANDING CASTING FOR A SERIES,False,1999
276,OUTSTANDING ART DIRECTION FOR A SERIES,False,1999
276,Outstanding Supporting Actress In A Comedy Series,False,1999
276,Outstanding Lead Actress In A Comedy Series,False,1999
276,OUTSTANDING SOUND MIXING FOR A COMEDY SERIES OR A SPECIAL,True,2000
276,Outstanding Supporting Actor In A Comedy Series,False,2000
276,Outstanding Directing For A Comedy Series,False,2000
276,Outstanding Casting For A Comedy Series,True,2001
276,Outstanding Supporting Actor In A Comedy Series,True,2001
276,Outstanding Cinematography For A Single-camera Series,False,2001
276,Outstanding Guest Actress In A Comedy Series,False,2001
276,Outstanding Lead Actress In A Comedy Series,False,2001
276,Outstanding Cinematography For A Single-camera Series,False,2002
277,Outstanding Lead Actress In A Limited Series Or Movie,False,2018
278,Outstanding Main Title Design,True,2016
278,Outstanding Cinematography For A Single-Camera Series,True,2016
278,Outstanding Production Design For A Narrative Contemporary Or Fantasy Program (One Hour Or More),False,2016
278,Outstanding Special Visual Effects,False,2016
278,Outstanding Special Visual Effects,False,2017
278,Outstanding Cinematography for a Single-Camera Series (One Hour),False,2017
278,Outstanding Production Design for a Narrative Period Program (One Hour or More),False,2017
278,Outstanding Special Visual Effects,False,2019
278,Outstanding Production Design For A Narrative Period Or Fantasy Program (One Hour Or More),False,2019
278,Outstanding Cinematography For A Single-Camera Series (One Hour),False,2019
279,Outstanding Single-Camera Picture Editing For A Drama Series,False,2008
279,Outstanding Special Visual Effects For A Series,False,2008
279,Outstanding Stunt Coordination,False,2008
279,Outstanding Sound Editing For A Series,False,2009
280,"Outstanding Costumes For A Variety, Nonfiction Or Reality Program",True,2016
280,"Outstanding Production Design For A Variety, Nonfiction, Event Or Award Special",False,2016
280,Outstanding Lighting Design / Lighting Direction For A Variety Special,False,2016
280,Outstanding Makeup For A Multi-Camera Series Or Special (Non-Prosthetic),False,2016
280,Outstanding Hairstyling For A Multi-Camera Series Or Special,False,2016
280,"Outstanding Technical Direction, Camerawork, Video Control For A Limited Series, Movie Or Special",False,2016
281,Outstanding Television Movie,False,2019
282,"Outstanding Prosthetic Makeup For A Series, Limited Series, Movie Or Special",False,2018
282,Outstanding Sound Editing For A Comedy Or Drama Series (One Hour),False,2018
282,"Outstanding Prosthetic Makeup For A Series, Limited Series, Movie Or Special",True,2019
282,Outstanding Main Title Design,False,2019
282,Outstanding Sound Editing For A Comedy Or Drama Series (One Hour),False,2019
282,Outstanding Special Visual Effects,False,2019
283,Outstanding Main Title Design,False,2015
284,OUTSTANDING CASTING FOR A SERIES,False,1999
284,Outstanding Guest Actor In A Drama Series,False,1999
285,Outstanding Original Music And Lyrics,False,2008
285,Outstanding Directing For A Comedy Series,False,2008
285,Outstanding Writing for a Comedy Series,False,2008
285,Outstanding Lead Actor In A Comedy Series,False,2009
285,Outstanding Writing for a Comedy Series,False,2009
285,Outstanding Comedy Series,False,2009
285,Outstanding Directing For A Comedy Series,False,2009
285,Outstanding Original Music And Lyrics,False,2009
285,Outstanding Sound Mixing For A Comedy Or Drama Series (Half-Hour) And Animation,False,2009
286,Outstanding Stunt Coordination For A Comedy Series Or A Variety Program,True,2014
286,Outstanding Supporting Actor In A Comedy Series,False,2014
286,Outstanding Stunt Coordination For A Comedy Series Or A Variety Program,True,2015
286,Outstanding Supporting Actor In A Comedy Series,False,2015
286,Outstanding Supporting Actor In A Comedy Series,False,2016
286,Outstanding Stunt Coordination For A Comedy Series Or Variety Program,False,2016
286,Outstanding Stunt Coordination for a Comedy Series or a Variety Program,False,2017
286,Outstanding Guest Actor In A Comedy Series,False,2018
286,Outstanding Stunt Coordination For A Comedy Series Or Variety Program,False,2018
287,Outstanding Original Main Title Theme Music,True,2006
287,Outstanding Music Composition For A Series (Original Dramatic Score),False,2006
288,OUTSTANDING INDIVIDUAL ACHIEVEMENT IN DIRECTING IN A DRAMA series,False,1994
288,OUTSTANDING INDIVIDUAL ACHIEVEMENT IN main title theme music,False,1994
288,OUTSTANDING INDIVIDUAL ACHIEVEMENT IN COSTUME DESIGN FOR A series,False,1995
288,OUTSTANDING Individual achievement in SOUND MIXING FOR A DRAMA SERIES,False,1995
288,OUTSTANDING SOUND MIXING FOR A DRAMA SERIES,False,1996
289,OUTSTANDING ANIMATED PROGRAM (FOR PROGRAMMING ONE HOUR OR LESS),False,1999
289,Outstanding Individual Achievement In Animation,True,2000
289,Outstanding Individual Achievement In Animation,True,2001
289,Outstanding Animated Program (for programming less than one hour),False,2001
289,Outstanding Animated Program (for programming less than one hour),True,2002
289,Outstanding Animated Program (for programming less than one hour),False,2003
289,Outstanding Animated Program (for programming less than one hour),False,2004
289,OUTSTANDING MUSIC AND LYRICS,False,2004
289,Outstanding Voice-Over Performance,True,2011
289,Outstanding Animated Program,True,2011
289,Outstanding Voice-Over Performance,True,2012
289,Outstanding Animated Program,False,2012
289,Outstanding Animated Program,False,2014
289,Outstanding Character Voice-Over Performance,False,2014
290,Outstanding Comedy Series,False,2019
290,Outstanding Contemporary Costumes,False,2019
290,Outstanding Lead Actor In A Comedy Series,False,2019
290,Outstanding Lead Actress In A Comedy Series,False,2019
291,"Outstanding Prosthetic Makeup For A Series, Miniseries, Movie Or A Special",True,2004
291,Outstanding Directing For A Drama Series,False,2004
291,Outstanding Makeup For A Series (non-prosthetic),False,2004
291,OUTSTANDING MAIN TITLE THEME MUSIC,False,2004
291,Outstanding Main Title Design,False,2004
291,Outstanding Casting For A Drama Series,False,2005
291,"Outstanding Prosthetic Makeup For A Series, Miniseries, Movie Or A Special",False,2005
291,Outstanding Guest Actress In A Drama Series,False,2005
291,Outstanding Makeup For A Series (non-prosthetic),False,2005
291,"Outstanding Prosthetic Makeup For A Series, Miniseries, Movie Or A Special",False,2006
291,Outstanding Makeup For A Series (non-prosthetic),False,2006
291,Outstanding Art Direction For A Single-Camera Series,False,2006
291,"Outstanding Prosthetic Makeup For A Series, Miniseries, Movie Or A Special",False,2007
291,Outstanding Guest Actress In A Drama Series,False,2008
291,Outstanding Guest Actor In A Drama Series,False,2008
291,Outstanding Makeup For A Single-Camera Series (Non-Prosthetic),False,2009
291,"Outstanding Prosthetic Makeup For A Series, Miniseries, Movie Or A Special",False,2009
291,"Outstanding Prosthetic Makeup For A Series, Miniseries, Movie Or A Special",False,2010
292,Outstanding Main Title Design,True,2009
292,Outstanding Lead Actress In A Comedy Series,True,2009
292,Outstanding Original Main Title Theme Music,False,2009
292,Outstanding Casting For A Comedy Series,False,2009
292,Outstanding Casting For A Comedy Series,False,2010
292,Outstanding Lead Actress In A Comedy Series,False,2010
293,Outstanding Choreography,False,2008
293,Outstanding Children's Program,False,2008
294,Outstanding Stunt Coordination For A Comedy Series Or A Variety Program,False,2013
294,Outstanding Stunt Coordination For A Comedy Series Or A Variety Program,False,2014
294,Outstanding Stunt Coordination For A Comedy Series Or A Variety Program,False,2015
295,Outstanding Supporting Actor In A Comedy Series,True,2016
295,Outstanding Supporting Actor in a Comedy Series,False,2017
295,Outstanding Lead Actor in a Comedy Series,False,2017
295,Outstanding Supporting Actor In A Comedy Series,False,2018
296,Outstanding Choreography,True,2012
296,Outstanding Guest Actress In A Drama Series,False,2012
296,Outstanding Original Music And Lyrics,False,2012
296,Outstanding Music Composition For A Series (Original Dramatic Score),False,2012
296,Outstanding Original Music And Lyrics,False,2013
297,Outstanding Reality | Competition Program,True,2003
297,Outstanding Reality-competition Program,True,2004
297,Outstanding Picture Editing For Nonfiction Programming (Single Or Multi-Camera),False,2004
297,Outstanding Cinematography For Nonfiction Programming (Single Or Multi-Camera),False,2004
297,Outstanding Sound Mixing For Nonfiction Programming (single Or Multi-camera),False,2004
297,Outstanding Picture Editing For Nonfiction Programming (Single Or Multi-Camera),True,2005
297,Outstanding Reality-competition Program,True,2005
297,Outstanding Sound Mixing For Nonfiction Programming (single Or Multi-camera),False,2005
297,Outstanding Sound Editing For Nonfiction Programming (Single Or Multi-Camera),False,2005
297,Outstanding Cinematography For Nonfiction Programming (Single Or Multi-Camera),False,2005
297,Outstanding Picture Editing For Nonfiction Programming (large Team Entries - Primarily Multi-camera Productions),True,2006
297,Outstanding Cinematography For Nonfiction Programming - Multi-camera Productions,True,2006
297,Outstanding Reality-competition Program,True,2006
297,Outstanding Sound Editing For Nonfiction Programming (Single Or Multi-Camera),False,2006
297,Outstanding Sound Mixing For Nonfiction Programming (single Or Multi-camera),False,2006
297,Outstanding Reality-competition Program,True,2007
297,Outstanding Picture Editing For Reality Programming,True,2007
297,Outstanding Cinematography For Reality Programming,True,2007
297,Outstanding Sound Mixing For Nonfiction Programming (single Or Multi-camera),False,2007
297,Outstanding Sound Editing For Nonfiction Programming (Single Or Multi-Camera),False,2007
297,Outstanding Reality-competition Program,True,2008
297,Outstanding Picture Editing For Reality Programming,False,2008
297,Outstanding Directing For Nonfiction Programming,False,2008
297,Outstanding Cinematography For Reality Programming,False,2008
297,Outstanding Sound Mixing For Nonfiction Programming (single Or Multi-camera),False,2008
297,Outstanding Sound Editing For Nonfiction Programming (Single Or Multi-Camera),False,2008
297,Outstanding Reality - Competition Program,True,2009
297,Outstanding Host For A Reality Or Reality-Competition Program,False,2009
297,Outstanding Sound Editing For Nonfiction Programming (Single Or Multi-Camera),False,2009
297,Outstanding Picture Editing For Reality Programming,False,2009
297,Outstanding Directing For Nonfiction Programming,False,2009
297,Outstanding Cinematography For Reality Programming,False,2009
297,Outstanding Sound Mixing For Nonfiction Programming,False,2009
297,Outstanding Picture Editing For Reality Programming,False,2010
297,Outstanding Sound Mixing For Nonfiction Programming,False,2010
297,Outstanding Sound Editing For Nonfiction Programming (Single Or Multi-Camera),False,2010
297,Outstanding Directing For Nonfiction Programming,False,2010
297,Outstanding Cinematography For Reality Programming,False,2010
297,Outstanding Reality - Competition Program,False,2010
297,Outstanding Host For A Reality Or Reality-Competition Program,False,2010
297,Outstanding Reality - Competition Program,True,2011
297,Outstanding Cinematography For Reality Programming,False,2011
297,Outstanding Sound Editing For Nonfiction Programming (Single Or Multi-Camera),False,2011
297,Outstanding Sound Mixing For Nonfiction Programming,False,2011
297,Outstanding Picture Editing For Reality Programming,False,2011
297,Outstanding Directing For Nonfiction Programming,False,2011
297,Outstanding Host For A Reality Or Reality-Competition Program,False,2011
297,Outstanding Reality - Competition Program,True,2012
297,Outstanding Sound Editing For Nonfiction Programming (Single Or Multi-Camera),False,2012
297,Outstanding Sound Mixing For Nonfiction Programming,False,2012
297,Outstanding Host For A Reality Or Reality-Competition Program,False,2012
297,Outstanding Directing For Nonfiction Programming,False,2012
297,Outstanding Picture Editing For Reality Programming,False,2012
297,Outstanding Cinematography For Reality Programming,False,2012
297,Outstanding Cinematography For Reality Programming,False,2013
297,Outstanding Reality - Competition Program,False,2013
297,Outstanding Sound Mixing For Nonfiction Programming,False,2013
297,Outstanding Sound Editing For Nonfiction Programming (Single Or Multi-Camera),False,2013
297,Outstanding Picture Editing For Reality Programming,False,2013
297,Outstanding Reality-competition Program,True,2014
297,Outstanding Directing For Nonfiction Programming,False,2014
297,Outstanding Sound Editing For Nonfiction Programming (Single Or Multi-Camera),False,2014
297,Outstanding Sound Mixing For Nonfiction Programming,False,2014
297,Outstanding Picture Editing For Reality Programming,False,2014
297,Outstanding Cinematography For Reality Programming,False,2015
297,Outstanding Reality-Competition Program,False,2015
297,Outstanding Picture Editing For Reality Programming,False,2015
297,Outstanding Picture Editing For A Structured Or Competition Reality Program,False,2016
297,Outstanding Reality-Competition Program,False,2016
297,Outstanding Cinematography For A Reality Program,False,2016
297,Outstanding Reality-Competition Program,False,2017
297,Outstanding Cinematography for a Reality Program,False,2017
297,Outstanding Picture Editing for a Structured or Competition Reality Program,False,2017
297,Outstanding Cinematography For A Reality Program,False,2018
297,Outstanding Directing For A Reality Program,False,2018
297,Outstanding Picture Editing For A Structured Or Competition Reality Program,False,2018
297,Outstanding Reality-Competition Program,False,2018
297,Outstanding Directing For A Reality Program,False,2019
297,Outstanding Picture Editing For A Structured Reality Or Competition Program,False,2019
297,Outstanding Competition Program,False,2019
298,Outstanding Lead Actress In A Limited Series Or Movie,False,2016
298,Outstanding Television Movie,False,2016
299,Outstanding Sound Editing For A Series,False,2015
299,Outstanding Special Visual Effects In A Supporting Role,False,2015
299,Outstanding Main Title Design,False,2015
299,Outstanding Sound Editing For A Series,False,2016
299,"Outstanding Stunt Coordination For A Drama Series, Limited Series Or Movie",False,2016
300,Outstanding Writing For A Comedy Series,False,2015
300,Outstanding Directing For A Comedy Series,False,2015
300,Outstanding Single-Camera Picture Editing For A Comedy Series,False,2015
300,Outstanding Lead Actor In A Comedy Series,False,2015
300,Outstanding Lead Actor In A Comedy Series,False,2016
301,Outstanding Continued Performance by an Actor in a Leading Role in a Comedy Series,False,1973
301,Outstanding Achievement in Film Editing for Entertainment Programming - For a Series or a Single Program of a Series,False,1973
301,Outstanding Comedy Series,False,1973
301,OUTSTANDING DIRECTORIAL ACHIEVEMENT IN COMEDY,False,1973
301,OUTSTANDING NEW SERIES,False,1973
301,Outstanding Performance by an Actor in a Supporting Role in Comedy,False,1973
301,OUTSTANDING WRITING ACHIEVEMENT IN COMEDY,False,1973
301,BEST DIRECTING IN COMEDY,True,1974
301,Outstanding Comedy Series,True,1974
301,ACTOR OF THE YEAR-SERIES,True,1974
301,BEST LEAD ACTOR IN A COMEDY SERIES,True,1974
301,BEST SUPPORTING ACTOR IN COMEDY,False,1974
301,BEST WRITING IN COMEDY,False,1974
301,BEST SUPPORTING ACTRESS IN COMEDY,False,1974
301,Best Film Editing for Entertainment Programming - For a Series or a Single Program of a Series,False,1974
301,OUTSTANDING DIRECTING IN A COMEDY SERIES,True,1975
301,Outstanding Single Performance by a Supporting Actor in a Comedy or Drama Series,False,1975
301,Outstanding Film Editing for Entertainment Programming for a Series - For a Single Episode of a Comedy Series,False,1975
301,Outstanding Continuing Performance by a Supporting Actress in a Comedy Series,False,1975
301,Outstanding Continuing Performance by a Supporting Actor in a Comedy Series,False,1975
301,Outstanding Achievement in Cinematography for Entertainment Programming for a Series,False,1975
301,Outstanding Comedy Series,False,1975
301,Outstanding Lead Actor In A Comedy Series,False,1975
301,OUTSTANDING DIRECTING IN A COMEDY SERIES,True,1976
301,Outstanding Achievement in Film Editing for Entertainment Programming for a Series - For a Single Episode of a Comedy Series,True,1976
301,OUTSTANDING WRITING IN A COMEDY SERIES,False,1976
301,Outstanding Continuing Performance by a Supporting Actress in a Comedy Series,False,1976
301,Outstanding Continuing Performance By A Supporting Actor in a Comedy Series,False,1976
301,Outstanding Achievement in Cinematography for Entertainment Programming for a Series,False,1976
301,Outstanding Comedy Series,False,1976
301,Outstanding Lead Actor In A Comedy Series,False,1976
301,OUTSTANDING DIRECTING IN A COMEDY SERIES,True,1977
301,OUTSTANDING CONTINUING PERFORMANCE BY A SUPPORTING ACTOR in a comedy series,True,1977
301,OUTSTANDING WRITING IN A COMEDY SERIES,False,1977
301,OUTSTANDING FILM EDITING IN A COMEDY SERIES,False,1977
301,OUTSTANDING CONTINUING PERFORMANCE BY A SUPPORTING actress in a comedy series,False,1977
301,Outstanding Cinematography in Entertainment Programming for a Series,False,1977
301,Outstanding Comedy Series,False,1977
301,Outstanding Lead Actor In A Comedy Series,False,1977
301,OUTSTANDING DIRECTING IN A COMEDY SERIES,False,1978
301,OUTSTANDING CONTINUING PERFORMANCE BY A SUPPORTING actress in a comedy series,False,1978
301,OUTSTANDING CONTINUING PERFORMANCE BY A SUPPORTING ACTOR in a comedy series,False,1978
301,Outstanding Comedy Series,False,1978
301,Outstanding Lead Actor In A Comedy Series,False,1978
301,OUTSTANDING FILM EDITING IN A COMEDY SERIES,False,1978
301,OUTSTANDING WRITING IN A COMEDY SERIES,False,1978
301,OUTSTANDING WRITING IN A COMEDY OR COMEDY-VARIETY or music series,True,1979
301,OUTSTANDING DIRECTING IN A COMEDY OR COMEDY-VARIETY or music series,False,1979
301,Outstanding Comedy Series,False,1979
301,Outstanding Lead Actor In A Comedy Series,False,1979
301,OUTSTANDING FILM EDITING FOR A SERIES,False,1979
301,OUTSTANDING SUPPORTING ACTRESS IN A COMEDY OR comedy-variety or music series,False,1979
301,OUTSTANDING SUPPORTING ACTOR IN A COMEDY OR comedy-variety or music series,False,1979
301,OUTSTANDING SUPPORTING ACTRESS IN A COMEDY OR VARIETY or music series,True,1980
301,Outstanding Lead Actor In A Comedy Series,False,1980
301,Outstanding Lead Actor In A Comedy Series,False,1981
301,Outstanding Comedy Series,False,1981
301,OUTSTANDING ACHIEVEMENT IN FILM EDITING FOR A SERIES,False,1981
301,OUTSTANDING WRITING IN A COMEDY SERIES,False,1981
301,OUTSTANDING SUPPORTING ACTRESS IN A COMEDY OR VARIETY or music series,False,1981
301,OUTSTANDING SUPPORTING ACTOR IN A COMEDY OR VARIETY or music series,False,1981
301,OUTSTANDING DIRECTING IN A COMEDY SERIES,False,1981
301,Outstanding Lead Actor In A Comedy Series,True,1982
301,OUTSTANDING SUPPORTING ACTRESS IN A COMEDY OR VARIETY or music series,True,1982
301,OUTSTANDING SUPPORTING ACTOR IN A COMEDY OR VARIETY or music series,False,1982
301,OUTSTANDING WRITING IN A COMEDY SERIES,False,1982
301,OUTSTANDING DIRECTING IN A COMEDY SERIES,False,1982
301,Outstanding Comedy Series,False,1982
301,OUTSTANDING DIRECTING IN A COMEDY SERIES,False,1983
301,Outstanding Comedy Series,False,1983
301,Outstanding Lead Actor In A Comedy Series,False,1983
301,OUTSTANDING FILM EDITING FOR A SERIES,False,1983
301,OUTSTANDING FILM SOUND EDITING FOR A SERIES,False,1983
301,"OUTSTANDING SUPPORTING ACTRESS IN A COMEDY, VARIETY or music series",False,1983
301,"OUTSTANDING SUPPORTING ACTOR IN A COMEDY, variety or music series",False,1983
301,OUTSTANDING COSTUME DESIGN FOR A SERIES,False,1983
302,OUTSTANDING ACHIEVEMENT IN COSTUME DESIGN,False,1974
302,"Outstanding Music Composition For A Limited Series, Movie Or Special (Original Dramatic Score)",False,2016
303,Outstanding Lead Actor In A Comedy Series,False,1997
303,Outstanding Lead Actor In A Comedy Series,False,1998
303,Outstanding Lead Actor In A Comedy Series,False,1999
303,Outstanding Lead Actor In A Comedy Series,True,2000
303,Outstanding Cinematography For A Multi-camera Series,True,2000
303,OUTSTANDING SOUND MIXING FOR A COMEDY SERIES OR A SPECIAL,False,2000
303,Outstanding Cinematography For A Multi-camera Series,False,2001
303,Outstanding Multi-camera Picture Editing For A Series,False,2001
304,Outstanding Reality-competition Program,False,2007
304,Outstanding Cinematography For Reality Programming,False,2007
304,Outstanding Picture Editing For Reality Programming,True,2008
304,Outstanding Reality-competition Program,False,2008
304,Outstanding Cinematography For Reality Programming,False,2008
304,Outstanding Host For A Reality Or Reality-Competition Program,False,2009
304,Outstanding Reality - Competition Program,False,2009
304,Outstanding Picture Editing For Reality Programming,False,2009
304,Outstanding Directing For Nonfiction Programming,False,2009
304,Outstanding Cinematography For Reality Programming,False,2009
304,Outstanding Reality - Competition Program,True,2010
304,Outstanding Picture Editing For Reality Programming,False,2010
304,Outstanding Cinematography For Reality Programming,False,2010
304,Outstanding Picture Editing For Reality Programming,False,2011
304,Outstanding Directing For Nonfiction Programming,False,2011
304,Outstanding Cinematography For Reality Programming,False,2011
304,Outstanding Reality - Competition Program,False,2011
304,Outstanding Reality - Competition Program,False,2012
304,Outstanding Picture Editing For Reality Programming,False,2012
304,Outstanding Cinematography For Reality Programming,False,2012
304,Outstanding Cinematography For Reality Programming,False,2013
304,Outstanding Reality - Competition Program,False,2013
304,Outstanding Reality-competition Program,False,2014
304,Outstanding Reality-Competition Program,False,2015
304,Outstanding Reality-Competition Program,False,2016
304,Outstanding Reality-Competition Program,False,2017
304,Outstanding Reality-Competition Program,False,2018
304,Outstanding Competition Program,False,2019
305,Outstanding Children's Program,False,2005
305,"Outstanding Music Composition For A Miniseries, Movie Or A Special (Dramatic Underscore)",False,2005
306,Outstanding Special Visual Effects,False,2017
306,Outstanding Main Title Design,False,2017
307,Outstanding Documentary Or Nonfiction Special,False,2018
308,Outstanding Single-Camera Picture Editing For A Drama Series,False,2011
308,Outstanding Supporting Actress In A Drama Series,False,2011
308,Outstanding Lead Actress In A Drama Series,False,2011
308,Outstanding Directing For A Drama Series,False,2011
308,Outstanding Writing for a Drama Series,False,2011
308,Outstanding Casting For A Drama Series,False,2011
309,OUTSTANDING ACHIEVEMENT IN MAKEUP,False,1982
310,OUTSTANDING INDIVIDUAL ACHIEVEMENT IN DIRECTING IN A DRAMA series,True,1992
310,OUTSTANDING individual achievement in WRITING IN A DRAMA SERIES,False,1992
310,OUTSTANDING INDIVIDUAL ACHIEVEMENT IN COSTUME DESIGN FOR A series,False,1992
310,OUTSTANDING INDIVIDUAL ACHIEVEMENT IN main title theme music,False,1992
310,Outstanding Lead Actress In A Drama Series,False,1992
310,Outstanding Drama Series,False,1992
310,Outstanding Supporting Actress In A Drama Series,False,1992
310,Outstanding Lead Actor In A Drama Series,False,1992
310,Outstanding Supporting Actress In A Drama Series,True,1993
310,Outstanding Lead Actress In A Drama Series,False,1993
310,Outstanding Lead Actor In A Drama Series,False,1993
310,Outstanding Drama Series,False,1993
310,Outstanding Guest Actress In A Drama Series,False,1993
310,OUTSTANDING INDIVIDUAL ACHIEVEMENT IN COSTUME DESIGN FOR A series,False,1993
310,OUTSTANDING INDIVIDUAL ACHIEVEMENT IN MUSIC AND LYRICS,False,1993
310,OUTSTANDING INDIVIDUAL ACHIEVEMENT IN DIRECTING IN A DRAMA series,False,1993
311,Outstanding Special Visual Effects For A Series,False,2009
311,Outstanding Sound Editing For A Series,False,2010
312,OUTSTANDING Individual achievement in SOUND MIXING FOR A DRAMA SERIES,True,1992
312,OUTSTANDING INDIVIDUAL ACHIEVEMENT IN CINEMATOGRAPHY FOR A series,False,1992
312,OUTSTANDING INDIVIDUAL ACHIEVEMENT IN main title theme music,False,1992
312,OUTSTANDING INDIVIDUAL ACHIEVEMENT IN COSTUME DESIGN FOR A series,True,1993
312,OUTSTANDING INDIVIDUAL ACHIEVEMENT IN MUSIC COMPOSITION for a series (dramatic underscore),True,1993
312,OUTSTANDING individual achievement in SOUND EDITING FOR A SERIES,True,1993
312,OUTSTANDING INDIVIDUAL ACHIEVEMENT IN special visual effects,True,1993
312,OUTSTANDING Individual achievement in SOUND MIXING FOR A DRAMA SERIES,False,1993
312,OUTSTANDING INDIVIDUAL ACHIEVEMENT IN MUSIC DIRECTION,False,1993
312,OUTSTANDING INDIVIDUAL ACHIEVEMENT IN CINEMATOGRAPHY FOR A series,False,1993
312,OUTSTANDING INDIVIDUAL ACHIEVEMENT IN ART DIRECTION FOR A series,False,1993
312,OUTSTANDING INDIVIDUAL ACHIEVEMENT IN DIRECTING IN A DRAMA series,False,1993
312,OUTSTANDING INDIVIDUAL ACHIEVEMENT IN MUSIC COMPOSITION for a series (dramatic underscore),True,1994
312,OUTSTANDING INDIVIDUAL ACHIEVEMENT IN HAIRSTYLING FOR A series,False,1994
312,OUTSTANDING Individual achievement in SOUND MIXING FOR A DRAMA SERIES,False,1994
312,OUTSTANDING INDIVIDUAL ACHIEVEMENT IN COSTUME DESIGN FOR A series,False,1994
312,OUTSTANDING INDIVIDUAL ACHIEVEMENT IN ART DIRECTION FOR A series,False,1994
313,Outstanding Stunt Coordination,True,2010
313,Outstanding Music Composition For A Series (Original Dramatic Score),False,2010
313,Outstanding Cinematography For A One Hour Series,False,2010
314,Outstanding Lead Actor In A Miniseries Or A Movie,True,2006
314,Outstanding Supporting Actor In A Miniseries Or A Movie,False,2006
315,Outstanding Guest Actress In A Drama Series,False,2009
315,Outstanding Music Composition For A Series (Original Dramatic Score),False,2009
315,Outstanding Costumes For A Series,False,2009
316,Outstanding Single-camera Picture Editing For A Comedy Series,False,2006
316,Outstanding Main Title Design,False,2006
316,Outstanding Supporting Actress In A Comedy Series,False,2006
316,Outstanding Directing For A Comedy Series,False,2006
316,Outstanding Casting For A Comedy Series,False,2006
316,Outstanding Casting For A Comedy Series,False,2007
316,Outstanding Single-camera Picture Editing For A Comedy Series,False,2007
316,Outstanding Lead Actress In A Comedy Series,False,2007
316,Outstanding Supporting Actress In A Comedy Series,False,2007
316,Outstanding Picture Editing For A Comedy Series (Single Or Multi-Camera),False,2008
316,Outstanding Sound Mixing For A  Comedy Or Drama Series (half-hour) And Animation,False,2008
316,Outstanding Lead Actress In A Comedy Series,False,2008
316,Outstanding Sound Mixing For A Comedy Or Drama Series (Half-Hour) And Animation,True,2009
316,Outstanding Supporting Actress In A Comedy Series,False,2009
316,Outstanding Comedy Series,False,2009
316,Outstanding Lead Actress In A Comedy Series,False,2009
316,Outstanding Casting For A Comedy Series,False,2009
316,Outstanding Cinematography For A Half-Hour Series,False,2009
316,Outstanding Cinematography For A Half-Hour Series,True,2010
317,Outstanding Lead Actress In A Comedy Series,False,1993
317,OUTSTANDING individual achievement in SOUND MIXING FOR A COMEDY SERIES OR A SPECIAL,True,1994
317,OUTSTANDING INDIVIDUAL ACHIEVEMENT IN DIRECTING IN A comedy series,False,1994
317,Outstanding Lead Actress In A Comedy Series,False,1994
317,Outstanding Lead Actor In A Comedy Series,False,1994
317,Outstanding Comedy Series,False,1994
317,Outstanding Guest Actress In A Comedy Series,False,1994
317,Outstanding Guest Actress In A Comedy Series,True,1995
317,Outstanding Guest Actor In A Comedy Series,True,1995
317,OUTSTANDING individual achievement in SOUND MIXING FOR A COMEDY SERIES OR A SPECIAL,True,1995
317,Outstanding Lead Actor In A Comedy Series,False,1995
317,Outstanding Lead Actress In A Comedy Series,False,1995
317,Outstanding Comedy Series,False,1995
317,OUTSTANDING INDIVIDUAL ACHIEVEMENT IN EDITING FOR A SERIES - multi-camera production,False,1995
317,OUTSTANDING LEAD ACTRESS FOR A COMEDY SERIES,True,1996
317,OUTSTANDING SOUND MIXING FOR A COMEDY SERIES OR A SPECIAL,False,1996
317,OUTSTANDING LEAD ACTOR FOR A COMEDY SERIES,False,1996
317,Outstanding Comedy Series,False,1996
317,Outstanding Lead Actress In A Comedy Series,True,1997
317,Outstanding Guest Actress In A Comedy Series,True,1997
317,Outstanding Guest Actor In A Comedy Series,True,1997
317,Outstanding Lead Actor In A Comedy Series,False,1997
317,Outstanding Comedy Series,False,1997
317,Outstanding Lead Actress In A Comedy Series,True,1998
317,Outstanding Guest Actor In A Comedy Series,True,1998
317,Outstanding Guest Actress In A Comedy Series,False,1998
317,Outstanding Lead Actor In A Comedy Series,False,1998
317,Outstanding Lead Actress In A Comedy Series,True,1999
317,Outstanding Guest Actor In A Comedy Series,True,1999
317,Outstanding Lead Actor In A Comedy Series,False,1999
318,Outstanding Supporting Actor In A Drama Series,False,2015
318,Outstanding Lead Actor In A Drama Series,False,2015
318,Outstanding Supporting Actor In A Drama Series,True,2016
318,Outstanding Lead Actor In A Drama Series,False,2016
318,Outstanding Guest Actor in a Drama Series,False,2017
319,Outstanding Sound Mixing for a Comedy or Drama Series (One Hour),True,2017
319,Outstanding Special Visual Effects,True,2017
319,Outstanding Creative Achievement in Interactive Media within a Scripted Program,True,2017
319,Outstanding Hairstyling for a Single-Camera Series,True,2017
319,Outstanding Makeup for a Single-Camera Series (Non-Prosthetic),True,2017
319,Outstanding Writing for a Drama Series,False,2017
319,Outstanding Drama Series,False,2017
319,Outstanding Sound Editing for a Series,False,2017
319,"Outstanding Period/Fantasy Costumes for a Series, Limited Series, or Movie",False,2017
319,Outstanding Cinematography for a Single-Camera Series (One Hour),False,2017
319,Outstanding Single-Camera Picture Editing for a Drama Series,False,2017
319,Outstanding Directing for a Drama Series,False,2017
319,Outstanding Casting for a Drama Series,False,2017
319,Outstanding Production Design for a Narrative Contemporary or Fantasy Program (One Hour or More),False,2017
319,Outstanding Lead Actress in a Drama Series,False,2017
319,Outstanding Lead Actor in a Drama Series,False,2017
319,Outstanding Original Main Title Theme Music,False,2017
319,Outstanding Supporting Actress in a Drama Series,False,2017
319,Outstanding Supporting Actor in a Drama Series,False,2017
319,"Outstanding Prosthetic Makeup for a Series, Limited Series, Movie, or Special",False,2017
319,Outstanding Main Title Design,False,2017
319,Outstanding Supporting Actress In A Drama Series,True,2018
319,Outstanding Creative Achievement In Interactive Media Within A Scripted Program,True,2018
319,Outstanding Makeup For A Single-Camera Series (Non-Prosthetic),True,2018
319,Outstanding Hairstyling For A Single-Camera Series,True,2018
319,Outstanding Cinematography For A Single-Camera Series (One Hour),False,2018
319,Outstanding Casting For A Drama Series,False,2018
319,Outstanding Production Design For A Narrative Period Or Fantasy Program (One Hour Or More),False,2018
319,Outstanding Music Supervision,False,2018
319,Outstanding Fantasy/Sci-Fi Costumes,False,2018
319,Outstanding Lead Actress In A Drama Series,False,2018
319,Outstanding Lead Actor In A Drama Series,False,2018
319,Outstanding Music Composition For A Series (Original Dramatic Score),False,2018
319,"Outstanding Prosthetic Makeup For A Series, Limited Series, Movie Or Special",False,2018
319,Outstanding Main Title Design,False,2018
319,Outstanding Guest Actor In A Drama Series,False,2018
319,Outstanding Special Visual Effects,False,2018
319,Outstanding Sound Mixing For A Comedy Or Drama Series (One Hour),False,2018
319,"Outstanding Stunt Coordination For A Drama Series, Limited Series Or Movie",False,2018
319,Outstanding Drama Series,False,2018
319,Outstanding Sound Editing For A Comedy Or Drama Series (One Hour),False,2018
320,Outstanding Supporting Actress In A Miniseries Or A Movie,True,2007
320,"Outstanding Writing for a Miniseries, Movie or a Dramatic Special",False,2007
320,"Outstanding Art Direction For A Miniseries, Or Movie",False,2007
320,Outstanding Supporting Actor In A Miniseries Or A Movie,False,2007
320,"Outstanding Makeup For A Miniseries, Movie Or A Special (non-prosthetic)",False,2007
320,Outstanding Miniseries,False,2007
320,"Outstanding Casting For A Miniseries, Movie Or A Special",False,2007
320,Outstanding Single-Camera Picture Editing For A Miniseries Or A Movie,False,2007
320,"Outstanding Costumes For A Miniseries, Movie Or A Special",False,2007
320,Outstanding Lead Actress In A Miniseries Or A Movie,False,2007
321,Outstanding Makeup For A Single-Camera Series (Non-Prosthetic),False,2012
322,OUTSTANDING ACHIEVEMENT IN MUSIC COMPOSITION FOR A SERIES (dramatic underscore),True,1985
322,OUTSTANDING FILM EDITING FOR A SERIES,False,1985
322,OUTSTANDING ART DIRECTION FOR A SERIES,False,1985
322,Outstanding Drama Series,False,1985
322,Outstanding Lead Actress In A Drama Series,False,1985
322,OUTSTANDING FILM SOUND EDITING FOR A SERIES,False,1985
322,OUTSTANDING ACHIEVEMENT IN COSTUMING FOR A SERIES,True,1986
322,Outstanding Drama Series,False,1986
322,Outstanding Lead Actress In A Drama Series,False,1986
322,OUTSTANDING SOUND MIXING FOR A DRAMA SERIES,False,1986
322,OUTSTANDING ART DIRECTION FOR A SERIES,False,1986
322,Outstanding Lead Actress In A Drama Series,False,1987
322,OUTSTANDING ACHIEVEMENT IN COSTUMING FOR A SERIES,False,1987
322,OUTSTANDING ART DIRECTION FOR A SERIES,False,1987
322,Outstanding Drama Series,False,1987
322,OUTSTANDING ACHIEVEMENT IN COSTUMING FOR A SERIES,False,1988
322,Outstanding Lead Actress In A Drama Series,False,1988
322,Outstanding Guest Actress In A Drama Series,False,1989
322,Outstanding Lead Actress In A Drama Series,False,1989
322,OUTSTANDING ART DIRECTION FOR A SERIES,False,1989
322,Outstanding Lead Actress In A Drama Series,False,1990
322,Outstanding Lead Actress In A Drama Series,False,1991
322,OUTSTANDING ART DIRECTION FOR A SERIES,False,1991
322,OUTSTANDING INDIVIDUAL ACHIEVEMENT IN ART DIRECTION FOR A series,False,1992
322,Outstanding Lead Actress In A Drama Series,False,1992
322,Outstanding Lead Actress In A Drama Series,False,1993
322,OUTSTANDING INDIVIDUAL ACHIEVEMENT IN COSTUME DESIGN FOR A series,False,1993
322,OUTSTANDING INDIVIDUAL ACHIEVEMENT IN MUSIC COMPOSITION for a series (dramatic underscore),False,1993
322,OUTSTANDING INDIVIDUAL ACHIEVEMENT IN MUSIC AND LYRICS,False,1994
322,Outstanding Lead Actress In A Drama Series,False,1994
322,OUTSTANDING INDIVIDUAL ACHIEVEMENT IN COSTUME DESIGN FOR A series,False,1995
322,OUTSTANDING INDIVIDUAL ACHIEVEMENT IN ART DIRECTION FOR A series,False,1995
322,Outstanding Lead Actress In A Drama Series,False,1995
322,OUTSTANDING INDIVIDUAL ACHIEVEMENT IN MUSIC COMPOSITION for a series (dramatic underscore),False,1995
322,OUTSTANDING ART DIRECTION FOR A SERIES,False,1996
322,OUTSTANDING LEAD ACTRESS FOR A DRAMA SERIES,False,1996
323,Outstanding Special Visual Effects For A Series,False,2010
324,OUTSTANDING MAIN TITLE THEME MUSIC,True,2005
324,Outstanding Directing For A Comedy Series,True,2005
324,Outstanding Casting For A Comedy Series,True,2005
324,Outstanding Single-camera Picture Editing For A Comedy Series,True,2005
324,Outstanding Guest Actress In A Comedy Series,True,2005
324,Outstanding Lead Actress In A Comedy Series,True,2005
324,Outstanding Art Direction For A Single-Camera Series,False,2005
324,Outstanding Writing for a Comedy Series,False,2005
324,Outstanding Comedy Series,False,2005
324,Outstanding Costumes For A Series,False,2005
324,Outstanding Main Title Design,False,2005
324,Outstanding Single-camera Picture Editing For A Comedy Series,False,2006
324,Outstanding Guest Actress In A Comedy Series,False,2006
324,Outstanding Supporting Actress In A Comedy Series,False,2006
324,Outstanding Hairstyling For A Series,False,2006
324,Outstanding Costumes For A Series,False,2006
324,Outstanding Casting For A Comedy Series,False,2006
324,Outstanding Art Direction For A Single-Camera Series,False,2006
324,Outstanding Casting For A Comedy Series,False,2007
324,Outstanding Hairstyling For A Series,False,2007
324,Outstanding Costumes For A Series,False,2007
324,Outstanding Lead Actress In A Comedy Series,False,2007
324,Outstanding Guest Actress In A Comedy Series,False,2007
324,Outstanding Guest Actress In A Comedy Series,True,2008
324,Outstanding Hairstyling For A Single-Camera Series,False,2008
324,Outstanding Costumes For A Series,False,2008
324,Outstanding Guest Actor In A Comedy Series,False,2009
324,Outstanding Hairstyling For A Single-Camera Series,False,2009
324,Outstanding Guest Actress In A Comedy Series,False,2010
324,Outstanding Voice-Over Performance,False,2011
324,Outstanding Voice-Over Performance,False,2012
324,Outstanding Supporting Actress In A Comedy Series,False,2012
325,Outstanding Costumes For A Variety Program Or A Special,True,2012
326,Outstanding Makeup For A Single-Camera Series (Non-Prosthetic),False,2016
326,Outstanding Main Title Design,False,2016
327,"Outstanding Music Composition For A Miniseries, Movie Or A Special (Original Dramatic Score)",True,2007
327,"Outstanding Special Visual Effects For A Miniseries, Movie Or A Special",True,2007
327,Outstanding Lead Actor In A Miniseries Or A Movie,False,2007
327,"Outstanding Makeup For A Miniseries, Movie Or A Special (non-prosthetic)",False,2007
328,Outstanding Variety Special (Live),True,2019
328,Outstanding Directing For A Variety Special,False,2019
328,Outstanding Production Design For A Variety Special,False,2019
329,Outstanding Main Title Design,False,2012
330,Outstanding Music Composition For A Series (Original Dramatic Score),False,2015
331,OUTSTANDING COSTUME DESIGN FOR A SERIES,False,1997
331,OUTSTANDING COSTUME DESIGN FOR A SERIES,True,1998
331,Outstanding Supporting Actor In A Comedy Series,False,1998
332,"Outstanding Non-Fiction Program (Special Class) (Area Award: Possibility of one, more than one or no",True,2001
332,Outstanding Sound Mixing For Non-Fiction Programming,True,2001
332,Outstanding Cinematography For Non-Fiction Programming,False,2001
332,OUTSTANDING MAIN TITLE THEME MUSIC,False,2001
332,Outstanding Picture Editing For Non-Fiction Programming,False,2001
332,"Outstanding Lighting Direction (electronic, Multi-camera) For Vmc Programming",False,2002
332,Outstanding Special Class Program,False,2002
332,"Outstanding Technical Direction, Camerawork, Video For A Series",False,2002
332,Outstanding Picture Editing For Non-Fiction Programming (Single Or Multi-Camera),False,2002
332,Outstanding Reality | Competition Program,False,2003
332,Outstanding Picture Editing For Nonfiction Programming (Single Or Multi-Camera),False,2003
332,Oustanding Art Direction For A Variety Or Music Program,False,2003
332,Outstanding Cinematography For Nonfiction Programming (Single Or Multi-Camera),False,2003
332,Outstanding Reality-competition Program,False,2004
332,Outstanding Picture Editing For Nonfiction Programming (Single Or Multi-Camera),False,2004
332,Outstanding Cinematography For Nonfiction Programming (Single Or Multi-Camera),False,2004
332,Outstanding Sound Mixing For Nonfiction Programming (single Or Multi-camera),False,2004
332,Outstanding Sound Mixing For Nonfiction Programming (single Or Multi-camera),False,2005
332,Outstanding Cinematography For Nonfiction Programming (Single Or Multi-Camera),False,2005
332,Outstanding Picture Editing For Nonfiction Programming (Single Or Multi-Camera),False,2005
332,Outstanding Reality-competition Program,False,2005
332,Outstanding Reality-competition Program,False,2006
332,Outstanding Sound Editing For Nonfiction Programming (Single Or Multi-Camera),False,2006
332,Outstanding Picture Editing For Nonfiction Programming (large Team Entries - Primarily Multi-camera Productions),False,2006
332,Outstanding Sound Mixing For Nonfiction Programming (single Or Multi-camera),False,2006
332,Outstanding Cinematography For Nonfiction Programming - Multi-camera Productions,False,2006
332,Outstanding Picture Editing For Reality Programming,False,2007
332,Outstanding Host For A Reality Or Reality - Competition Program,True,2008
332,Outstanding Picture Editing For Reality Programming,False,2008
332,Outstanding Cinematography For Reality Programming,False,2008
332,Outstanding Host For A Reality Or Reality-Competition Program,True,2009
332,Outstanding Cinematography For Reality Programming,False,2009
332,Outstanding Sound Mixing For Nonfiction Programming,False,2009
332,Outstanding Host For A Reality Or Reality-Competition Program,True,2010
332,Outstanding Cinematography For Reality Programming,True,2010
332,Outstanding Picture Editing For Reality Programming,False,2010
332,Outstanding Host For A Reality Or Reality-Competition Program,True,2011
332,Outstanding Picture Editing For Reality Programming,False,2011
332,Outstanding Cinematography For Reality Programming,False,2011
332,Outstanding Picture Editing For Reality Programming,False,2012
332,Outstanding Cinematography For Reality Programming,False,2012
332,Outstanding Cinematography For Reality Programming,False,2013
332,Outstanding Directing For Nonfiction Programming,False,2013
332,Outstanding Sound Mixing For Nonfiction Programming,False,2013
332,Outstanding Sound Editing For Nonfiction Programming (Single Or Multi-Camera),False,2013
332,Outstanding Picture Editing For Reality Programming,False,2013
332,Outstanding Picture Editing For Reality Programming,False,2014
332,Outstanding Cinematography For Reality Programming,False,2015
332,Outstanding Picture Editing For Reality Programming,False,2015
332,Outstanding Picture Editing For A Structured Or Competition Reality Program,False,2016
332,Outstanding Cinematography For A Reality Program,False,2016
332,Outstanding Casting for a Reality Program,False,2017
332,Outstanding Cinematography for a Reality Program,False,2017
332,Outstanding Picture Editing for a Structured or Competition Reality Program,False,2017
332,Outstanding Cinematography For A Reality Program,False,2019
332,Outstanding Picture Editing For A Structured Reality Or Competition Program,False,2019
333,Outstanding Hairstyling For A Miniseries Or A Movie,False,2014
333,Outstanding Miniseries,False,2014
333,"Outstanding Music Composition For A Miniseries, Movie Or A Special (Original Dramatic Score)",False,2014
334,Outstanding Makeup For A Single-Camera Series (Non-Prosthetic),True,2008
334,Outstanding Hairstyling For A Single-Camera Series,False,2008
334,"Outstanding Prosthetic Makeup For A Series, Miniseries, Movie Or A Special",False,2008
334,Outstanding Hairstyling For A Single-Camera Series,False,2009
334,"Outstanding Prosthetic Makeup For A Series, Miniseries, Movie Or A Special",False,2009
334,Outstanding Hairstyling For A Single-Camera Series,False,2010
335,Outstanding Stunt Coordination For A Comedy Series Or Variety Program,False,2018
335,Outstanding Stunt Coordination For A Comedy Series Or Variety Program,False,2019
336,Outstanding Informational Series Or Special,False,2018
336,Outstanding Informational Series Or Special,False,2019
337,"Outstanding Stunt Coordination For A Drama Series, Miniseries Or Movie",False,2013
338,Outstanding Single-Camera Picture Editing For A Limited Series Or A Movie,False,2015
338,"Outstanding Sound Editing For A Limited Series, Movie Or A Special",False,2015
338,"Outstanding Music Composition For A Limited Series, Movie Or A Special (Original Dramatic Score)",False,2015
339,Outstanding Sound Mixing For A Comedy Or Drama Series (one-hour),False,2008
339,Outstanding Stunt Coordination,False,2009
339,Outstanding Supporting Actress In A Drama Series,False,2010
339,Outstanding Sound Mixing For A Comedy Or Drama Series (One Hour),False,2011
340,Outstanding Art Direction For A Single-Camera Series,True,2006
340,Outstanding Costumes For A Series,True,2006
340,Outstanding Hairstyling For A Series,True,2006
340,Outstanding Special Visual Effects For A Series,True,2006
340,Outstanding Makeup For A Series (non-prosthetic),False,2006
340,Outstanding Main Title Design,False,2006
340,Outstanding Original Main Title Theme Music,False,2006
340,Outstanding Music Composition For A Series (Original Dramatic Score),False,2006
340,Outstanding Cinematography For A Single-camera Series,True,2007
340,Outstanding Art Direction For A Single-Camera Series,True,2007
340,Outstanding Hairstyling For A Series,True,2007
340,Outstanding Costumes For A Series,False,2007
340,Outstanding Makeup For A Series (non-prosthetic),False,2007
340,Outstanding Music Composition For A Series (Original Dramatic Score),False,2007
340,Outstanding Special Visual Effects For A Series,False,2007
341,"Outstanding Costumes For A Contemporary Series, Limited Series or Movie",False,2015
341,Outstanding Sound Editing For A Series,False,2015
341,Outstanding Production Design For A Narrative Contemporary Or Fantasy Program (One Hour Or More),False,2015
341,Outstanding Special Visual Effects In A Supporting Role,False,2015
341,Outstanding Sound Editing For A Series,False,2016
341,"Outstanding Stunt Coordination For A Drama Series, Limited Series Or Movie",False,2016
341,Outstanding Cinematography For A Single-Camera Series,False,2016
341,Outstanding Special Visual Effects in a Supporting Role,True,2017
341,"Outstanding Stunt Coordination for a Drama Series, Limited Series, or Movie",False,2017
341,Outstanding Sound Editing for a Series,False,2017
341,Outstanding Special Visual Effects In A Supporting Role,False,2018
341,Outstanding Sound Editing For A Comedy Or Drama Series (One Hour),False,2019
342,"Outstanding Makeup For A Miniseries, Movie Or A Special (non-prosthetic)",False,2006
342,Outstanding Made For Television Movie,False,2006
342,Outstanding Cinematography For A Miniseries Or Movie,False,2006
342,"Outstanding Casting For A Miniseries, Movie Or A Special",False,2006
342,"Outstanding Hairstyling For A Miniseries, Movie Or A Special",False,2006
342,"Outstanding Costumes For A Miniseries, Movie Or A Special",False,2006
342,"Outstanding Writing for a Miniseries, Movie or a Dramatic Special",False,2006
342,"Outstanding Directing For A Miniseries, Movie Or A Dramatic Special",False,2006
342,Outstanding Lead Actress In A Miniseries Or A Movie,False,2006
342,Outstanding Lead Actor In A Miniseries Or A Movie,False,2006
342,Outstanding Supporting Actress In A Miniseries Or A Movie,False,2006
343,OUTSTANDING ACHIEVEMENT IN COSTUMING FOR A SERIES,True,1988
343,OUTSTANDING WRITING IN A DRAMA SERIES,False,1988
343,OUTSTANDING EDITING FOR A SERIES (single camera production),False,1988
343,OUTSTANDING DIRECTING IN A DRAMA SERIES,False,1988
343,Outstanding Lead Actress In A Drama Series,True,1989
343,Outstanding Drama Series,False,1989
343,Outstanding Guest Actress In A Drama Series,False,1989
343,OUTSTANDING ACHIEVEMENT IN COSTUMING FOR A SERIES,False,1989
343,OUTSTANDING SOUND MIXING FOR A DRAMA SERIES,False,1989
343,OUTSTANDING EDITING FOR A SERIES (single camera production),False,1989
343,Outstanding Supporting Actress In A Drama Series,True,1990
343,Outstanding Guest Actress In A Drama Series,False,1990
343,Outstanding Lead Actress In A Drama Series,False,1990
343,Outstanding Guest Actress In A Drama Series,False,1991
343,Outstanding Supporting Actress In A Drama Series,False,1991
343,Outstanding Lead Actress In A Drama Series,False,1991
343,Outstanding Drama Series,False,1991
343,OUTSTANDING ACHIEVEMENT IN COSTUMING FOR A SERIES,False,1991
343,OUTSTANDING DIRECTING IN A DRAMA SERIES,False,1991
343,Outstanding Lead Actress In A Drama Series,True,1992
343,OUTSTANDING individual achievement in WRITING IN A DRAMA SERIES,False,1992
343,OUTSTANDING INDIVIDUAL ACHIEVEMENT IN COSTUME DESIGN FOR A series,False,1992
343,OUTSTANDING INDIVIDUAL ACHIEVEMENT IN DIRECTING IN A DRAMA series,False,1992
343,OUTSTANDING Individual achievement in SOUND MIXING FOR A DRAMA SERIES,False,1992
343,Outstanding Supporting Actress In A Drama Series,False,1992
344,BEST ART DIRECTION-FILM SERIES,False,1956
345,Outstanding Original Main Title Theme Music,False,2010
345,Outstanding Main Title Design,False,2010
345,Outstanding Stunt Coordination,False,2010
346,Outstanding Variety Sketch Series,False,2017
346,"Outstanding Costumes For Variety, Nonfiction Or Reality Programming",False,2018
346,Outstanding Variety Sketch Series,False,2018
347,Outstanding Cinematography For A Single-Camera Series (One Hour),False,2018
347,Outstanding Directing For A Drama Series,False,2018
347,Outstanding Production Design For A Narrative Contemporary Program (One Hour Or More),False,2018
347,Outstanding Lead Actor In A Drama Series,False,2018
347,Outstanding Directing For A Drama Series,True,2019
347,Outstanding Supporting Actress In A Drama Series,True,2019
347,Outstanding Sound Mixing For A Comedy Or Drama Series (One Hour),False,2019
347,Outstanding Drama Series,False,2019
347,Outstanding Single-Camera Picture Editing For A Drama Series,False,2019
347,Outstanding Casting For A Drama Series,False,2019
347,Outstanding Production Design For A Narrative Contemporary Program (One Hour Or More),False,2019
347,Outstanding Lead Actor In A Drama Series,False,2019
347,Outstanding Lead Actress In A Drama Series,False,2019
348,Outstanding Casting For A Drama Series,True,2009
348,Outstanding Main Title Design,False,2009
348,Outstanding Art Direction For A Single-Camera Series,False,2009
348,"Outstanding Prosthetic Makeup For A Series, Miniseries, Movie Or A Special",False,2010
348,Outstanding Sound Editing For A Series,False,2010
348,Outstanding Casting For A Drama Series,False,2010
348,Outstanding Art Direction For A Single-Camera Series,False,2010
348,Outstanding Drama Series,False,2010
348,Outstanding Sound Editing For A Series,False,2011
348,Outstanding Makeup For A Single-Camera Series (Non-Prosthetic),False,2011
348,Outstanding Guest Actress In A Drama Series,False,2011
348,Outstanding Art Direction For A Single-Camera Series,False,2011
348,Outstanding Art Direction For A Single-Camera Series,False,2013
348,"Outstanding Stunt Coordination For A Drama Series, Miniseries Or Movie",False,2014
348,Outstanding Art Direction For A Contemporary Or Fantasy Series (Single-Camera),False,2014
348,Outstanding Production Design For A Narrative Contemporary Or Fantasy Program (One Hour Or More),False,2015
349,"Outstanding Costumes For A Contemporary Series, Limited Series or Movie",False,2015
350,Outstanding Costumes For A Series,True,2011
350,Outstanding Original Main Title Theme Music,True,2011
350,Outstanding Special Visual Effects For A Series,False,2011
350,Outstanding Cinematography For A Single-camera Series,False,2011
350,Outstanding Directing For A Drama Series,False,2011
350,Outstanding Art Direction For A Single-Camera Series,False,2011
350,Outstanding Special Visual Effects in a Supporting Role,False,2012
350,Outstanding Hairstyling For A Single-Camera Series,False,2012
350,Outstanding Costumes For A Series,False,2012
350,Outstanding Music Composition For A Series (Original Dramatic Score),False,2012
350,Outstanding Costumes For A Series,True,2013
350,Outstanding Hairstyling For A Single-Camera Series,False,2013
350,Outstanding Art Direction For A Single-Camera Series,False,2013
350,Outstanding Special Visual Effects in a Supporting Role,False,2013
350,Outstanding Music Composition For A Series (Original Dramatic Score),False,2013
350,Outstanding Makeup For A Single-Camera Series (Non-Prosthetic),False,2013
351,Outstanding Main Title Design,False,2011
352,"Outstanding Music Composition For A Miniseries, Movie Or A Special (Original Dramatic Score)",False,2014
353,Outstanding Lead Actor In A Drama Series,False,1991
353,OUTSTANDING individual achievement in SOUND EDITING FOR A SERIES,True,1992
353,OUTSTANDING INDIVIDUAL ACHIEVEMENT IN EDITING FOR A series - single-camera production,False,1992
353,Outstanding Lead Actress In A Drama Series,False,1992
353,Outstanding Lead Actor In A Drama Series,False,1992
353,Outstanding Drama Series,False,1992
353,Outstanding Supporting Actress In A Drama Series,False,1992
353,OUTSTANDING INDIVIDUAL ACHIEVEMENT IN CINEMATOGRAPHY FOR A series,True,1993
353,Outstanding Guest Actress In A Drama Series,True,1993
353,Outstanding Lead Actor In A Drama Series,False,1993
353,Outstanding Drama Series,False,1993
353,OUTSTANDING individual achievement in WRITING IN A DRAMA SERIES,False,1993
353,OUTSTANDING INDIVIDUAL ACHIEVEMENT IN DIRECTING IN A DRAMA series,False,1993
353,OUTSTANDING INDIVIDUAL ACHIEVEMENT IN EDITING FOR A series - single-camera production,False,1994
353,Outstanding Drama Series,False,1994
353,Outstanding Lead Actor In A Drama Series,False,1994
353,Outstanding Drama Series,False,1995
353,Outstanding Sound Editing For A Series,False,1996
353,Outstanding Drama Series,False,1996
353,Outstanding Drama Series,True,1997
353,OUTSTANDING CINEMATOGRAPHY FOR A SERIES,True,1997
353,Outstanding Lead Actor In A Drama Series,False,1997
353,OUTSTANDING SOUND MIXING FOR A DRAMA SERIES,False,1997
353,OUTSTANDING SINGLE-CAMERA PICTURE EDITING FOR A SERIES,False,1997
353,OUTSTANDING CINEMATOGRAPHY FOR A SERIES,True,1998
353,Outstanding Supporting Actor In A Drama Series,False,1998
353,Outstanding Drama Series,False,1998
353,OUTSTANDING CASTING FOR A SERIES,False,1998
353,OUTSTANDING SOUND MIXING FOR A DRAMA SERIES,False,1999
353,OUTSTANDING COSTUME DESIGN FOR A SERIES,False,1999
353,OUTSTANDING CASTING FOR A SERIES,False,1999
353,Outstanding Supporting Actor In A Drama Series,False,1999
353,Outstanding Lead Actor In A Drama Series,False,1999
353,Outstanding Guest Actress In A Drama Series,False,1999
353,Outstanding Drama Series,False,1999
353,Outstanding Directing For A Drama Series,False,1999
353,Outstanding Drama Series,False,2000
353,Outstanding Lead Actor In A Drama Series,False,2000
353,OUTSTANDING SOUND MIXING FOR A DRAMA SERIES,False,2000
353,Outstanding Cinematography For A Single-camera Series,False,2000
353,Outstanding Casting For A Drama Series,False,2000
353,Outstanding Casting For A Drama Series,False,2001
353,Outstanding Cinematography For A Single-camera Series,False,2001
353,Outstanding Drama Series,False,2001
353,Outstanding Single-Camera Sound Mixing For A Series,False,2001
353,Outstanding Drama Series,False,2002
353,Outstanding Casting For A Drama Series,False,2002
353,Outstanding Guest Actress In A Drama Series,False,2003
354,Outstanding Lead Actress In A Miniseries Or A Movie,False,2014
354,Outstanding Original Main Title Theme Music,False,2014
355,OUTSTANDING INDIVIDUAL ACHIEVEMENT IN CASTING,True,1994
355,OUTSTANDING INDIVIDUAL ACHIEVEMENT IN EDITING FOR A miniseries or a special - single-camera producti,True,1994
355,Outstanding Made For Television Movie,True,1994
355,OUTSTANDING SUPPORTING ACTRESS IN A MINISERIES OR SPECIAL,False,1994
355,OUTSTANDING SUPPORTING ACTOR IN A MINISERIES OR SPECIAL,False,1994
355,OUTSTANDING LEAD ACTOR IN A MINISERIES OR SPECIAL,False,1994
355,OUTSTANDING individual achievement in WRITING IN A MINISERIES OR A SPECIAL,False,1994
355,OUTSTANDING INDIVIDUAL ACHIEVEMENT IN HAIRSTYLING FOR A miniseries or a special,False,1994
355,OUTSTANDING INDIVIDUAL ACHIEVEMENT IN DIRECTING FOR A miniseries or a special,False,1994
355,OUTSTANDING INDIVIDUAL ACHIEVEMENT IN MAKEUP for a miniseries or a special,False,1994
355,OUTSTANDING INDIVIDUAL ACHIEVEMENT IN ART DIRECTION FOR A miniseries or a special,False,1994
356,Outstanding Continued Performance by an Actor in a Series (Lead),False,1964
356,OUTSTANDING DRAMATIC SERIES,True,1966
356,Outstanding Continued Performance by an Actor in a Leading Role in a Dramatic Series,False,1966
356,Individual Achievements in Cinematography - Cinematography,False,1966
356,Outstanding Continued Performance by an Actor in a Leading Role in a Dramatic Series,False,1967
356,Outstanding Sound Editing For A Series,False,2001
357,"Outstanding Directing For A Limited Series, Movie Or Dramatic Special",False,2018
357,Outstanding Television Movie,False,2018
358,Outstanding Supporting Actor In A Drama Series,True,2005
358,Outstanding Lead Actor In A Drama Series,True,2005
358,Outstanding Guest Actor In A Drama Series,True,2006
358,Outstanding Single-Camera Sound Mixing For A Series,True,2006
358,Outstanding Supporting Actor In A Drama Series,False,2006
358,Outstanding Supporting Actress In A Drama Series,False,2006
358,Outstanding Single-Camera Picture Editing For A Drama Series,False,2006
358,Outstanding Casting For A Drama Series,False,2006
358,Outstanding Lead Actor In A Drama Series,True,2007
358,Outstanding Sound Mixing For A Comedy Or Drama Series (one-hour),False,2007
358,Outstanding Drama Series,False,2007
358,Outstanding Directing For A Drama Series,False,2007
358,Outstanding Guest Actor In A Drama Series,False,2007
358,Outstanding Supporting Actor In A Drama Series,False,2007
358,Television Academy Honors,True,2008
358,Outstanding Single-Camera Picture Editing For A Drama Series,False,2008
358,Outstanding Sound Mixing For A Comedy Or Drama Series (one-hour),False,2008
358,Outstanding Drama Series,False,2008
358,Outstanding Lead Actor In A Drama Series,False,2008
358,Outstanding Directing For A Drama Series,False,2008
358,Outstanding Supporting Actor In A Drama Series,False,2008
358,Outstanding Supporting Actress In A Drama Series,False,2008
358,Outstanding Supporting Actor In A Drama Series,False,2009
358,Outstanding Directing For A Drama Series,False,2009
358,Outstanding Sound Mixing For A Comedy Or Drama Series (One Hour),False,2009
359,"Outstanding Casting For A Miniseries, Movie Or A Special",True,2011
359,"Outstanding Music Composition For A Miniseries, Movie Or A Special (Original Dramatic Score)",True,2011
359,Outstanding Art Direction For A Miniseries Or Movie,True,2011
359,Outstanding Lead Actress In A Miniseries Or A Movie,True,2011
359,Outstanding Supporting Actor In A Miniseries Or A Movie,True,2011
359,"Outstanding Sound Editing For A Miniseries, Movie Or A Special",False,2011
359,Outstanding Single-Camera Picture Editing For A Miniseries Or A Movie,False,2011
359,"Outstanding Special Visual Effects For A Miniseries, Movie Or A Special",False,2011
359,Outstanding Sound Mixing For A Miniseries Or A Movie,False,2011
359,Outstanding Hairstyling For A Miniseries Or A Movie,False,2011
359,Outstanding Makeup For A Miniseries Or A Movie (Non-Prosthetic),False,2011
359,"Outstanding Costumes For A Miniseries, Movie Or A Special",False,2011
359,Outstanding Original Main Title Theme Music,False,2011
359,Outstanding Cinematography For A Miniseries Or Movie,False,2011
359,Outstanding Miniseries or Movie,False,2011
359,"Outstanding Directing For A Miniseries, Movie Or A Dramatic Special",False,2011
359,"Outstanding Writing for a Miniseries, Movie or a Dramatic Special",False,2011
359,Outstanding Supporting Actress In A Miniseries Or A Movie,False,2011
360,OUTSTANDING INDIVIDUAL ACHIEVEMENT IN ART DIRECTION FOR A series,True,1995
360,Outstanding Supporting Actress In A Comedy Series,True,1995
360,Outstanding Lead Actress In A Comedy Series,False,1995
360,OUTSTANDING INDIVIDUAL ACHIEVEMENT IN COSTUME DESIGN FOR A series,False,1995
360,OUTSTANDING COSTUME DESIGN FOR A SERIES,True,1996
360,OUTSTANDING SOUND MIXING FOR A COMEDY SERIES OR A SPECIAL,False,1996
360,Outstanding Supporting Actress In A Comedy Series,False,1996
360,OUTSTANDING ART DIRECTION FOR A SERIES,False,1996
360,OUTSTANDING LEAD ACTRESS FOR A COMEDY SERIES,False,1996
360,Outstanding Supporting Actress In A Comedy Series,False,1997
360,Outstanding Lead Actress In A Comedy Series,False,1997
360,Outstanding Supporting Actress In A Comedy Series,False,1998
361,Television Academy Honors,True,2014
361,Outstanding Supporting Actress In A Comedy Series,True,2014
361,Outstanding Supporting Actress In A Comedy Series,True,2015
361,Outstanding Multi-Camera Picture Editing For A Comedy Series,False,2016
361,Outstanding Supporting Actress In A Comedy Series,False,2016
361,Outstanding Cinematography For A Multi-Camera Series,False,2016
361,Outstanding Lead Actress in a Comedy Series,False,2017
361,Outstanding Multi-Camera Picture Editing for a Comedy Series,False,2017
361,Outstanding Multi-Camera Picture Editing For A Comedy Series,False,2018
361,Outstanding Lead Actress In A Comedy Series,False,2018
361,Outstanding Multi-Camera Picture Editing For A Comedy Series,False,2019
362,Outstanding Lead Actress In A Drama Series,False,2013
362,Outstanding Music Composition For A Series (Original Dramatic Score),False,2016
362,Outstanding Cinematography For A Single-Camera Series,False,2016
363,OUTSTANDING MAIN TITLE THEME MUSIC,False,2001
364,Outstanding Cinematography For A Multi-camera Series,True,2006
364,Outstanding Art Direction For A Multi-Camera Series,True,2006
364,Outstanding Art Direction For A Multi-Camera Series,True,2007
364,Outstanding Multi-camera Picture Editing For A Series,False,2007
364,Outstanding Supporting Actor In A Comedy Series,False,2007
364,Outstanding Art Direction For A Multi-Camera Series,True,2008
364,Outstanding Supporting Actor In A Comedy Series,False,2008
364,Outstanding Art Direction For A Multi-Camera Series,True,2009
364,Outstanding Supporting Actor In A Comedy Series,False,2009
364,Outstanding Comedy Series,False,2009
364,Outstanding Picture Editing For A Comedy Series (Single Or Multi-Camera),False,2009
364,Outstanding Original Music And Lyrics,False,2010
364,Outstanding Hairstyling For A Multi-Camera Series Or Special,False,2010
364,Outstanding Art Direction For A Multi-Camera Series,False,2010
364,Outstanding Supporting Actor In A Comedy Series,False,2010
364,Outstanding Picture Editing For A Comedy Series (Single Or Multi-Camera),True,2011
364,Outstanding Makeup For A Multi-Camera Series Or Special (Non-Prosthetic),False,2011
364,Outstanding Art Direction For A Multi-Camera Series,False,2011
364,Outstanding Cinematography For A Multi-camera Series,False,2011
364,Outstanding Directing For A Comedy Series,False,2011
364,Outstanding Multi-Camera Picture Editing For A Comedy Series,True,2012
364,Outstanding Makeup For A Multi-Camera Series Or Special (Non-Prosthetic),False,2012
364,Outstanding Art Direction For A Multi-Camera Series,False,2012
364,Outstanding Cinematography For A Multi-camera Series,False,2012
364,Outstanding Picture Editing For Nonfiction Programming,True,2013
364,Outstanding Cinematography For A Multi-camera Series,True,2013
364,Outstanding Art Direction For A Multi-Camera Series,False,2013
364,Outstanding Makeup For A Multi-Camera Series Or Special (Non-Prosthetic),False,2013
364,Outstanding Cinematography For A Multi-camera Series,True,2014
364,Outstanding Multi-Camera Picture Editing For A Comedy Series,False,2014
365,Outstanding Special Visual Effects In A Supporting Role,False,2016
366,Outstanding Cinematography For A Single-camera Series,True,2003
366,Outstanding Sound Editing For A Series,False,2005
366,Outstanding Stunt Coordination,True,2007
366,Outstanding Sound Editing For A Series,False,2007
366,Outstanding Sound Editing For A Series,False,2012
367,Outstanding Cinematography For A Miniseries Or Movie,False,2005
367,"Outstanding Writing for a Miniseries, Movie or a Dramatic Special",False,2005
367,Outstanding Miniseries,False,2005
368,Outstanding Lead Actress In A Comedy Series,False,2019
369,Outstanding Lead Actress In A Drama Series,False,2007
370,Outstanding Sound Editing For A Series,False,2011
370,Outstanding Sound Editing For A Series,False,2013
371,OUTSTANDING MUSIC AND LYRICS,False,1998
371,Outstanding Lead Actress In A Drama Series,False,2006
371,Outstanding Lead Actress In A Drama Series,False,2007
371,Outstanding Lead Actress In A Drama Series,False,2008
371,Outstanding Lead Actress In A Drama Series,False,2009
371,Outstanding Lead Actress In A Drama Series,True,2010
371,Outstanding Guest Actor In A Drama Series,False,2010
371,Outstanding Guest Actress In A Drama Series,False,2011
372,Outstanding Art Direction For A Multi-Camera Series,False,2001
373,Outstanding Single-Camera Sound Mixing For A Miniseries Or A Movie,False,2006
373,"Outstanding Sound Editing For A Miniseries, Movie Or A Special",False,2006
373,Outstanding Miniseries,False,2006
373,"Outstanding Music Composition For A Miniseries, Movie Or A Special (Original Dramatic Score)",False,2006
373,Outstanding Cinematography For A Miniseries Or Movie,False,2006
374,Outstanding Music Composition For A Series (Original Dramatic Score),False,2007
375,Outstanding Lead Actor In A Miniseries Or A Movie,True,2012
375,Outstanding Supporting Actor In A Miniseries Or A Movie,True,2012
375,Outstanding Makeup For A Miniseries Or A Movie (Non-Prosthetic),True,2012
375,Outstanding Single-Camera Picture Editing For A Miniseries Or A Movie,True,2012
375,Outstanding Sound Mixing For A Miniseries Or A Movie,True,2012
375,"Outstanding Sound Editing For A Miniseries, Movie Or A Special",False,2012
375,Outstanding Miniseries or Movie,False,2012
375,"Outstanding Directing For A Miniseries, Movie Or A Dramatic Special",False,2012
375,"Outstanding Writing for a Miniseries, Movie or a Dramatic Special",False,2012
375,Outstanding Supporting Actress In A Miniseries Or A Movie,False,2012
375,Outstanding Hairstyling For A Miniseries Or A Movie,False,2012
375,"Outstanding Music Composition For A Miniseries, Movie Or A Special (Original Dramatic Score)",False,2012
375,Outstanding Art Direction For A Miniseries Or Movie,False,2012
375,"Outstanding Costumes For A Miniseries, Movie Or A Special",False,2012
375,"Outstanding Casting For A Miniseries, Movie Or A Special",False,2012
376,Outstanding Hairstyling For A Series,True,2003
376,Outstanding Costumes For A Series,True,2003
376,Outstanding Casting For A Drama Series,False,2003
376,Outstanding Hairstyling For A Series,False,2005
377,Outstanding Television Movie,False,2019
378,Outstanding Cinematography For Nonfiction Programming,False,2013
378,Outstanding Documentary Or Nonfiction Special,False,2013
378,Outstanding Directing For Nonfiction Programming,False,2013
378,Outstanding Writing for Nonfiction Programming,False,2013
378,Outstanding Picture Editing For Nonfiction Programming,False,2013
379,Outstanding Lead Actress In A Limited Series Or Movie,True,2018
380,Outstanding Special Visual Effects,False,2012
380,Outstanding Special Visual Effects,False,2013
381,Outstanding Lead Actress In A Drama Series,True,2015
381,Outstanding Guest Actress In A Drama Series,False,2015
381,Outstanding Lead Actress In A Drama Series,False,2016
381,Outstanding Guest Actress in a Drama Series,False,2017
381,Outstanding Lead Actress in a Drama Series,False,2017
381,Outstanding Guest Actress In A Drama Series,False,2018
381,Outstanding Guest Actor In A Drama Series,False,2019
381,Outstanding Guest Actress In A Drama Series,False,2019
381,Outstanding Lead Actress In A Drama Series,False,2019
382,Television Academy Honors,True,2011
382,Outstanding Lead Actress In A Comedy Series,False,2011
382,Outstanding Casting For A Comedy Series,False,2011
382,Outstanding Guest Actor In A Comedy Series,False,2011
382,Outstanding Casting For A Comedy Series,False,2012
383,Outstanding Supporting Actor In A Comedy Series,False,2019
383,Outstanding Sound Mixing For A Comedy Or Drama Series (Half-Hour) And Animation,False,2019
383,Outstanding Lead Actor In A Comedy Series,False,2019
384,Outstanding Music Direction,False,2016
384,Outstanding Television Movie,False,2016
385,Outstanding Special Visual Effects,False,2012
385,Outstanding Music Composition For A Series (Original Dramatic Score),False,2012
385,Outstanding Cinematography For A Single-camera Series,False,2012
386,Outstanding Cinematography for a Limited Series or Movie,False,2017
386,Outstanding Production Design for a Narrative Contemporary or Fantasy Program (One Hour or More),False,2017
387,Outstanding Music Direction,True,2019
387,Outstanding Lead Actress In A Limited Series Or Movie,True,2019
387,Outstanding Makeup For A Limited Series Or Movie (Non-Prosthetic),True,2019
387,Outstanding Hairstyling For A Limited Series Or Movie,True,2019
387,Outstanding Production Design For A Narrative Period Or Fantasy Program (One Hour Or More),False,2019
387,Outstanding Limited Series,False,2019
387,"Outstanding Writing For A Limited Series, Movie Or Dramatic Special",False,2019
387,Outstanding Music Supervision,False,2019
387,Outstanding Lead Actor In A Limited Series Or Movie,False,2019
387,Outstanding Sound Mixing For A Limited Series Or Movie,False,2019
387,"Outstanding Directing For A Limited Series, Movie Or Dramatic Special",False,2019
387,Outstanding Single-Camera Picture Editing For A Limited Series Or Movie,False,2019
387,"Outstanding Casting For A Limited Series, Movie Or Special",False,2019
387,Outstanding Period Costumes,False,2019
387,"Outstanding Prosthetic Makeup For A Series, Limited Series, Movie Or Special",False,2019
387,Outstanding Supporting Actress In A Limited Series Or Movie,False,2019
388,OUTSTANDING LIGHTING DIRECTION (ELECTRONIC) FOR A SERIES,False,1984
388,Outstanding Comedy Series,False,1984
388,Outstanding Comedy Series,False,1985
388,Outstanding Supporting Actor In A Comedy Series,False,1985
388,Outstanding Lead Actor In A Comedy Series,True,1986
388,Outstanding Supporting Actress In A Comedy Series,False,1986
388,OUTSTANDING WRITING IN A COMEDY SERIES,False,1986
388,Outstanding Comedy Series,False,1986
388,Outstanding Lead Actor In A Comedy Series,True,1987
388,OUTSTANDING TECHNICAL DIRECTION/ELECTRONIC CAMERAWORK/video control for a series,True,1987
388,OUTSTANDING WRITING IN A COMEDY SERIES,True,1987
388,OUTSTANDING DIRECTING IN A COMEDY SERIES,False,1987
388,Outstanding Comedy Series,False,1987
388,Outstanding Supporting Actress In A Comedy Series,False,1987
388,OUTSTANDING EDITING FOR A SERIES (multi camera production),False,1987
388,Outstanding Lead Actor In A Comedy Series,True,1988
388,Outstanding Lead Actor In A Comedy Series,False,1989
388,OUTSTANDING TECHNICAL DIRECTION/CAMERA/VIDEO FOR A SERIES,False,1989
388,OUTSTANDING LIGHTING DIRECTION (ELECTRONIC) FOR A COMEDY SERIES,False,1989
389,OUTSTANDING ACHIEVEMENT IN GRAPHIC DESIGN AND TITLE sequences,False,1979
390,Outstanding Miniseries,False,1998
390,OUTSTANDING LEAD ACTOR IN A MINISERIES OR SPECIAL,False,1998
390,OUTSTANDING ART DIRECTION FOR A MINISERIES OR A MOVIE,False,1998
390,Outstanding Supporting Actor In A Miniseries Or A Movie,False,1998
390,OUTSTANDING SPECIAL VISUAL EFFECTS FOR A MINISERIES OR A MOVIE,False,1998
391,Outstanding Actor In A Short Form Comedy Or Drama Series,False,2019
391,Outstanding Short Form Comedy Or Drama Series,False,2019
391,Outstanding Actress In A Short Form Comedy Or Drama Series,False,2019
392,Outstanding Television Movie,False,2015
392,Outstanding Lead Actor In A Limited Series Or A Movie,False,2015
393,Outstanding Directing For A Comedy Series,False,2012
393,Outstanding Supporting Actor In A Comedy Series,False,2012
393,Outstanding Lead Actress In A Comedy Series,False,2012
393,Outstanding Main Title Design,False,2012
393,Outstanding Casting For A Comedy Series,False,2012
394,OUTSTANDING VARIETY OR MUSICAL SERIES,False,1969
394,OUTSTANDING ACHIEVEMENT IN ELECTRONIC CAMERAWORK,False,1969
395,"Outstanding Special Visual Effects For A Miniseries, Movie Or A Special",False,2010
396,Outstanding Casting For A Comedy Series,False,2005
396,Outstanding Supporting Actor In A Comedy Series,False,2005
396,Outstanding Directing For A Comedy Series,False,2005
396,Outstanding Supporting Actor In A Comedy Series,True,2006
396,Outstanding Directing For A Comedy Series,False,2006
396,Outstanding Writing for a Comedy Series,False,2006
396,Outstanding Casting For A Comedy Series,False,2006
396,Outstanding Sound Mixing For A  Comedy Or Drama Series (half-hour) And Animation,True,2007
396,Outstanding Supporting Actor In A Comedy Series,True,2007
396,Outstanding Casting For A Comedy Series,False,2007
396,Outstanding Comedy Series,False,2007
396,Outstanding Directing For A Comedy Series,False,2007
396,Outstanding Guest Actor In A Comedy Series,False,2007
396,Outstanding Supporting Actor In A Comedy Series,True,2008
396,Outstanding Sound Mixing For A  Comedy Or Drama Series (half-hour) And Animation,False,2008
396,Outstanding Comedy Series,False,2008
396,Outstanding Directing For A Comedy Series,False,2008
396,Outstanding Sound Mixing For A Comedy Or Drama Series (Half-Hour) And Animation,True,2009
396,Outstanding Supporting Actor In A Comedy Series,False,2009
396,Outstanding Comedy Series,False,2009
396,Outstanding Directing For A Comedy Series,False,2009
396,Outstanding Sound Mixing For A Comedy Or Drama Series (Half-Hour) And Animation,True,2010
396,Outstanding Sound Mixing For A Comedy Or Drama Series (Half-Hour) And Animation,False,2012
397,Outstanding Art Direction For A Multi-Camera Series,False,2004
397,OUTSTANDING MAIN TITLE THEME MUSIC,False,2004
397,Outstanding Cinematography For A Multi-camera Series,False,2004
397,Outstanding Multi-Camera Sound Mixing For A Series Or Special,True,2005
397,Outstanding Cinematography For A Multi-camera Series,False,2005
397,Outstanding Art Direction For A Multi-Camera Series,False,2005
397,Outstanding Supporting Actress In A Comedy Series,False,2005
397,Outstanding Multi-camera Picture Editing For A Series,False,2005
397,Outstanding Multi-camera Picture Editing For A Series,True,2006
397,Outstanding Multi-Camera Sound Mixing For A Series Or Special,False,2006
397,Outstanding Supporting Actor In A Comedy Series,False,2006
397,Outstanding Lead Actor In A Comedy Series,False,2006
397,Outstanding Guest Actor In A Comedy Series,False,2006
397,Outstanding Comedy Series,False,2006
397,Outstanding Cinematography For A Multi-camera Series,False,2006
397,Outstanding Multi-camera Picture Editing For A Series,True,2007
397,Outstanding Cinematography For A Multi-camera Series,True,2007
397,Outstanding Lead Actor In A Comedy Series,False,2007
397,Outstanding Supporting Actress In A Comedy Series,False,2007
397,Outstanding Comedy Series,False,2007
397,Outstanding Supporting Actor In A Comedy Series,False,2007
397,Outstanding Makeup For A Multi-camera Series Or A Special (non-prosthetic),False,2008
397,Outstanding Hairstyling For A Multi-camera Series Or A Special,False,2008
397,Outstanding Sound Mixing For A  Comedy Or Drama Series (half-hour) And Animation,False,2008
397,Outstanding Supporting Actor In A Comedy Series,False,2008
397,Outstanding Supporting Actress In A Comedy Series,False,2008
397,Outstanding Lead Actor In A Comedy Series,False,2008
397,Outstanding Comedy Series,False,2008
397,Outstanding Supporting Actor In A Comedy Series,True,2009
397,Outstanding Lead Actor In A Comedy Series,False,2009
397,Outstanding Hairstyling For A Multi-Camera Series Or Special,False,2009
397,Outstanding Sound Mixing For A Comedy Or Drama Series (Half-Hour) And Animation,False,2010
397,Outstanding Cinematography For A Half-Hour Series,False,2010
397,Outstanding Hairstyling For A Multi-Camera Series Or Special,False,2010
397,Outstanding Guest Actress In A Comedy Series,False,2010
397,Outstanding Supporting Actor In A Comedy Series,False,2010
397,Outstanding Supporting Actress In A Comedy Series,False,2010
397,Outstanding Cinematography For A Multi-camera Series,True,2011
397,Outstanding Supporting Actor In A Comedy Series,False,2011
397,Outstanding Cinematography For A Multi-camera Series,True,2012
397,Outstanding Guest Actress In A Comedy Series,True,2012
397,Outstanding Lead Actor In A Comedy Series,True,2012
397,Outstanding Multi-Camera Picture Editing For A Comedy Series,False,2012
397,Outstanding Cinematography For A Multi-camera Series,False,2013
397,Outstanding Art Direction For A Multi-Camera Series,False,2013
398,Outstanding Documentary Or Nonfiction Series,False,2013
398,Television Academy Honors,True,2014
398,Outstanding Cinematography For Nonfiction Programming,False,2014
398,Outstanding Sound Editing For Nonfiction Programming (Single Or Multi-Camera),False,2014
398,Outstanding Informational Series Or Special,False,2015
398,Outstanding Sound Mixing For A Nonfiction Program (Single or Multi-Camera),True,2016
398,Outstanding Picture Editing For A Nonfiction Program,False,2016
398,Outstanding Informational Series Or Special,False,2016
398,Outstanding Informational Series or Special,False,2017
398,Outstanding Picture Editing for a Nonfiction Program,False,2017
398,Outstanding Informational Series Or Special,False,2018
399,Outstanding Lead Actress In A Comedy Series,False,2010
399,Outstanding Sound Mixing For A Comedy Or Drama Series (Half-Hour) And Animation,False,2011
399,Outstanding Lead Actress In A Comedy Series,False,2011
399,Outstanding Comedy Series,False,2011
399,Outstanding Sound Mixing For A Comedy Or Drama Series (Half-Hour) And Animation,False,2012
399,Outstanding Writing for a Comedy Series,False,2012
399,Outstanding Lead Actress In A Comedy Series,False,2012
399,Outstanding Sound Mixing For A Comedy Or Drama Series (Half-Hour) And Animation,False,2013
399,Outstanding Lead Actress In A Comedy Series,False,2013
399,Outstanding Lead Actress In A Comedy Series,False,2014
399,Outstanding Comedy Series,False,2015
399,Outstanding Sound Mixing For A Comedy Or Drama Series (Half-Hour) And Animation,False,2015
399,Outstanding Lead Actress In A Comedy Series,False,2015
400,Outstanding Original Main Title Theme Music,False,2013
401,Outstanding Writing For A Variety Series,False,2014
401,Outstanding Variety Sketch Series,True,2015
401,Outstanding Original Music And Lyrics,True,2015
401,Outstanding Writing For A Variety Series,False,2015
401,Outstanding Single-Camera Picture Editing For A Comedy Series,False,2015
401,Outstanding Directing For A Variety Series,False,2015
401,Outstanding Guest Actor In A Comedy Series,False,2015
401,Outstanding Lead Actress In A Comedy Series,False,2015
401,Outstanding Directing For A Variety Series,True,2016
401,Outstanding Lead Actress In A Comedy Series,False,2016
401,Outstanding Writing For A Variety Series,False,2016
401,Outstanding Variety Sketch Series,False,2016
402,OUTSTANDING ART DIRECTION FOR A MINISERIES OR A SPECIAL,False,1991
402,Outstanding Sound Editing For A Series,False,1991
402,Outstanding Special Visual Effects,False,2015
403,Outstanding Interactive Program,True,2016
403,Outstanding Variety Talk Series,False,2016
403,Outstanding Directing For A Variety Series,False,2016
403,Outstanding Variety Talk Series,False,2017
403,Outstanding Interactive Program,False,2017
403,Outstanding Directing For A Variety Series,False,2018
403,Outstanding Choreography,False,2018
403,Outstanding Interactive Program,False,2018
403,Outstanding Variety Talk Series,False,2018
403,Outstanding Variety Talk Series,False,2019
403,"Outstanding Technical Direction, Camerawork, Video Control For A Series",False,2019
403,Outstanding Interactive Program,False,2019
404,Outstanding Original Main Title Theme Music,False,2008
404,Outstanding Lead Actress In A Drama Series,False,2008
404,Outstanding Lead Actress In A Drama Series,False,2009
405,Outstanding Single-Camera Picture Editing For A Miniseries Or A Movie,False,2011
405,Outstanding Sound Mixing For A Miniseries Or A Movie,False,2011
405,Outstanding Main Title Design,False,2011
405,Outstanding Cinematography For A Miniseries Or Movie,False,2011
405,"Outstanding Casting For A Miniseries, Movie Or A Special",False,2011
405,Outstanding Miniseries or Movie,False,2011
405,"Outstanding Directing For A Miniseries, Movie Or A Dramatic Special",False,2011
405,"Outstanding Writing for a Miniseries, Movie or a Dramatic Special",False,2011
405,Outstanding Supporting Actor In A Miniseries Or A Movie,False,2011
405,Outstanding Lead Actor In A Miniseries Or A Movie,False,2011
406,OUTSTANDING ACHIEVEMENT IN COSTUMING FOR A MINISERIES,False,1987
407,Outstanding Special Class - Short-format Live-Action Entertainment Programs,False,2012
408,"Outstanding Music Composition For A Miniseries, Movie Or A Special (Original Dramatic Score)",True,2008
408,Outstanding Main Title Design,False,2008
408,"Outstanding Casting For A Miniseries, Movie Or A Special",False,2008
408,Outstanding Cinematography For A Miniseries Or Movie,False,2008
408,"Outstanding Special Visual Effects For A Miniseries, Movie Or A Special",False,2008
408,"Outstanding Directing For A Miniseries, Movie Or A Dramatic Special",False,2008
409,Outstanding Hairstyling For A Single-Camera Series,False,2008
410,Outstanding Special Visual Effects in a Supporting Role,False,2017
410,Outstanding Music Composition for a Series (Original Dramatic Score),False,2017
411,Outstanding Fantasy/Sci-Fi Costumes,False,2019
411,Outstanding Original Main Title Theme Music,False,2019
411,"Outstanding Music Composition For A Limited Series, Movie Or Special (Original Dramatic Score)",False,2019
412,"Outstanding Art Direction For Variety, Music Or Nonfiction Programming",False,2010
412,"Outstanding Variety, Music Or Comedy Series",False,2010
412,"Outstanding Writing For A Variety, Music Or Comedy Series",False,2010
412,"Outstanding Directing For A Variety, Music Or Comedy Series",False,2010
413,Outstanding Main Title Design,True,2005
413,Outstanding Supporting Actress In A Drama Series,True,2005
413,Outstanding Directing For A Drama Series,False,2005
413,Outstanding Lead Actor In A Drama Series,False,2005
413,Outstanding Guest Actress In A Drama Series,False,2005
413,Outstanding Supporting Actor In A Drama Series,False,2005
413,OUTSTANDING MAIN TITLE THEME MUSIC,False,2005
413,Outstanding Supporting Actress In A Drama Series,True,2006
413,Outstanding Supporting Actor In A Drama Series,False,2006
413,Outstanding Guest Actress In A Drama Series,False,2006
414,Outstanding Lead Actor in a Limited Series or Movie,False,2017
414,Outstanding Television Movie,False,2017
414,"Outstanding Casting for a Limited Series, Movie, or Special",False,2017
414,Outstanding Supporting Actress in a Limited Series or Movie,False,2017
415,OUTSTANDING individual achievement in SOUND EDITING FOR A SERIES,False,1995
416,Outstanding Original Main Title Theme Music,False,2016
416,Outstanding Cinematography for a Single-Camera Series (One Hour),False,2017
417,"Outstanding Prosthetic Makeup For A Series, Miniseries, Movie Or A Special",False,2012
417,Outstanding Special Visual Effects,False,2012
417,Outstanding Costumes For A Series,False,2012
417,Outstanding Costumes For A Series,False,2013
417,Outstanding Makeup For A Single-Camera Series (Non-Prosthetic),False,2013
417,Outstanding Costumes For A Series,False,2014
417,Outstanding Music Composition For A Series (Original Dramatic Score),False,2018
418,Outstanding Art Direction For A Single-Camera Series,False,2005
419,Outstanding Writing For A Nonfiction Program,False,2019
420,"Outstanding Technical Direction, Camerawork, Video Control for a Limited Series, Movie, or Special",True,2017
420,"Outstanding Production Design for Variety, Nonfiction, Event, or Award Special",True,2017
420,Outstanding Hairstyling for a Multi-Camera Series or Special,True,2017
420,Outstanding Special Class Program,False,2017
420,"Outstanding Costumes for Variety, Nonfiction or Reality Programming",False,2017
420,Outstanding Makeup for a Multi-Camera Series or Special (Non-Prosthetic),False,2017
420,Outstanding Lighting Design/Lighting Direction for a Variety Special,False,2017
421,Outstanding Cinematography For A Miniseries Or Movie,False,2013
421,"Outstanding Costumes For A Miniseries, Movie Or A Special",False,2013
421,"Outstanding Directing For A Miniseries, Movie Or A Dramatic Special",False,2013
421,Outstanding Supporting Actress In A Miniseries Or A Movie,False,2013
421,Outstanding Lead Actor In A Miniseries Or A Movie,False,2013
421,"Outstanding Music Composition For A Miniseries, Movie Or A Special (Original Dramatic Score)",False,2013
422,Outstanding Multi-camera Picture Editing For A Series,False,1999
422,Outstanding Writing for a Comedy Series,False,1999
422,Outstanding Supporting Actor In A Comedy Series,False,1999
422,Outstanding Supporting Actress In A Comedy Series,False,1999
422,Outstanding Guest Actress In A Comedy Series,False,2000
422,Outstanding Supporting Actress In A Comedy Series,False,2002
423,Outstanding Stunt Coordination,False,2011
423,Outstanding Stunt Coordination,False,2012
423,"Outstanding Stunt Coordination For A Drama Series, Miniseries Or Movie",False,2014
423,Outstanding Special And Visual Effects In A Supporting Role,False,2014
424,Outstanding Writing For A Nonfiction Program,False,2019
425,OUTSTANDING INDIVIDUAL ACHIEVEMENT IN special visual effects,True,1995
425,OUTSTANDING INDIVIDUAL ACHIEVEMENT IN main title theme music,True,1995
425,OUTSTANDING INDIVIDUAL ACHIEVEMENT IN COSTUME DESIGN FOR A series,False,1995
425,OUTSTANDING INDIVIDUAL ACHIEVEMENT IN CINEMATOGRAPHY FOR A series,False,1995
425,OUTSTANDING INDIVIDUAL ACHIEVEMENT IN HAIRSTYLING FOR A series,False,1995
425,OUTSTANDING INDIVIDUAL ACHIEVEMENT IN GRAPHIC DESIGN AND title sequences,False,1995
425,OUTSTANDING INDIVIDUAL ACHIEVEMENT IN MAKEUP FOR A SERIES,False,1995
425,OUTSTANDING INDIVIDUAL ACHIEVEMENT IN MUSIC COMPOSITION for a series (dramatic underscore),False,1995
425,OUTSTANDING MAKEUP FOR A SERIES,True,1996
425,Outstanding Hairstyling For A Series,False,1996
425,Outstanding Hairstyling For A Series,True,1997
425,OUTSTANDING COSTUME DESIGN FOR A SERIES,False,1997
425,OUTSTANDING SOUND MIXING FOR A DRAMA SERIES,False,1997
425,Outstanding Hairstyling For A Series,False,1998
425,Outstanding Special Visual Effects For A Series,False,1998
425,Outstanding Special Visual Effects For A Series,True,1999
425,Outstanding Special Visual Effects For A Series,False,2000
425,Outstanding Hairstyling For A Series,False,2000
425,Outstanding Costumes For A Series,False,2000
425,Outstanding Sound Editing For A Series,False,2000
425,OUTSTANDING MUSIC COMPOSITION FOR A SERIES (DRAMATIC UNDERSCORE),False,2000
425,OUTSTANDING MAKEUP FOR A SERIES,False,2000
425,OUTSTANDING MUSIC COMPOSITION FOR A SERIES (DRAMATIC UNDERSCORE),True,2001
425,Outstanding Special Visual Effects For A Series,True,2001
425,Outstanding Costumes For A Series,False,2001
425,Outstanding Hairstyling For A Series,False,2001
425,Outstanding Sound Editing For A Series,False,2001
426,Outstanding Made For Television Movie,True,2008
426,Outstanding Single-Camera Picture Editing For A Miniseries Or A Movie,True,2008
426,"Outstanding Directing For A Miniseries, Movie Or A Dramatic Special",True,2008
426,"Outstanding Art Direction For A Miniseries, Or Movie",False,2008
426,"Outstanding Casting For A Miniseries, Movie Or A Special",False,2008
426,"Outstanding Writing for a Miniseries, Movie or a Dramatic Special",False,2008
426,Outstanding Supporting Actor In A Miniseries Or A Movie,False,2008
426,Outstanding Supporting Actress In A Miniseries Or A Movie,False,2008
426,Outstanding Lead Actor In A Miniseries Or A Movie,False,2008
427,Outstanding Special Visual Effects in a Supporting Role,True,2013
428,Outstanding Special Visual Effects For A Series,False,2007
429,Outstanding Comedy Series,True,2006
429,Outstanding Single-camera Picture Editing For A Comedy Series,False,2006
429,Outstanding Lead Actor In A Comedy Series,False,2006
429,Outstanding Writing for a Comedy Series,False,2006
429,Outstanding Single-camera Picture Editing For A Comedy Series,True,2007
429,Outstanding Writing for a Comedy Series,True,2007
429,Outstanding Sound Mixing For A  Comedy Or Drama Series (half-hour) And Animation,False,2007
429,Outstanding Lead Actor In A Comedy Series,False,2007
429,Outstanding Comedy Series,False,2007
429,Outstanding Directing For A Comedy Series,False,2007
429,Outstanding Supporting Actress In A Comedy Series,False,2007
429,Outstanding Supporting Actor In A Comedy Series,False,2007
429,Outstanding Picture Editing For A Comedy Series (Single Or Multi-Camera),False,2008
429,Outstanding Sound Mixing For A  Comedy Or Drama Series (half-hour) And Animation,False,2008
429,Outstanding Supporting Actor In A Comedy Series,False,2008
429,Outstanding Lead Actor In A Comedy Series,False,2008
429,Outstanding Comedy Series,False,2008
429,Outstanding Directing For A Comedy Series,False,2008
429,Outstanding Writing for a Comedy Series,False,2008
429,Outstanding Directing For A Comedy Series,True,2009
429,Outstanding Supporting Actor In A Comedy Series,False,2009
429,Outstanding Lead Actor In A Comedy Series,False,2009
429,Outstanding Comedy Series,False,2009
429,Outstanding Sound Mixing For A Comedy Or Drama Series (Half-Hour) And Animation,False,2009
429,Outstanding Picture Editing For A Comedy Series (Single Or Multi-Camera),False,2009
429,Outstanding Casting For A Comedy Series,False,2009
429,Outstanding Sound Mixing For A Comedy Or Drama Series (Half-Hour) And Animation,False,2010
429,Outstanding Comedy Series,False,2010
429,Outstanding Writing for a Comedy Series,False,2010
429,Outstanding Lead Actor In A Comedy Series,False,2010
429,Outstanding Sound Mixing For A Comedy Or Drama Series (Half-Hour) And Animation,False,2011
429,Outstanding Lead Actor In A Comedy Series,False,2011
429,Outstanding Writing for a Comedy Series,False,2011
429,Outstanding Comedy Series,False,2011
429,Outstanding Single-camera Picture Editing For A Comedy Series,True,2013
429,Outstanding Sound Mixing For A Comedy Or Drama Series (Half-Hour) And Animation,False,2013
429,Outstanding Writing for a Comedy Series,False,2013
430,Outstanding Writing for Nonfiction Programming,False,2003
430,Outstanding Nonfiction Program (Alternative),False,2003
430,Outstanding Directing For Nonfiction Programming,False,2003
430,"Outstanding Writing For A Variety, Music Or Comedy Program",False,2005
430,"Outstanding Variety, Music Or Comedy Series",False,2005
430,"Outstanding Directing For A Variety, Music Or Comedy Program",False,2005
431,Outstanding Sound Mixing For A Comedy Or Drama Series (One Hour),False,2012
432,Outstanding Art Direction For A Multi-Camera Series,True,2012
432,Outstanding Multi-Camera Picture Editing For A Comedy Series,False,2012
432,Outstanding Cinematography For A Multi-camera Series,False,2012
432,Outstanding Cinematography For A Multi-camera Series,False,2013
432,Outstanding Art Direction For A Multi-Camera Series,False,2013
432,Outstanding Cinematography For A Multi-camera Series,False,2014
432,Outstanding Cinematography For A Multi-Camera Series,False,2015
432,Outstanding Production Design For A Narrative Program (Half-Hour Or Less),False,2015
432,Outstanding Multi-Camera Picture Editing For A Comedy Series,False,2015
432,Outstanding Multi-Camera Picture Editing For A Comedy Series,False,2016
432,Outstanding Cinematography for a Multi-Camera Series,False,2017
432,Outstanding Multi-Camera Picture Editing for a Comedy Series,False,2017
433,Outstanding Original Main Title Theme Music,False,2008
434,OUTSTANDING INDIVIDUAL ACHIEVEMENT IN LIGHTING DIRECTION (electronic) for a comedy series,True,1992
434,Outstanding Comedy Series,False,1992
434,OUTSTANDING INDIVIDUAL ACHIEVEMENT IN EDITING FOR A SERIES - multi-camera production,False,1992
434,OUTSTANDING INDIVIDUAL ACHIEVEMENT IN LIGHTING DIRECTION (electronic) for a comedy series,True,1993
434,Outstanding Lead Actor In A Comedy Series,False,1993
434,OUTSTANDING TECHNICAL DIRECTION/CAMERA/VIDEO FOR A SERIES,False,1993
434,Outstanding Comedy Series,False,1993
434,OUTSTANDING INDIVIDUAL ACHIEVEMENT IN EDITING FOR A SERIES - multi-camera production,False,1993
434,OUTSTANDING INDIVIDUAL ACHIEVEMENT IN LIGHTING DIRECTION (electronic) for a comedy series,True,1994
434,OUTSTANDING TECHNICAL DIRECTION/CAMERA/VIDEO FOR A SERIES,False,1994
434,OUTSTANDING INDIVIDUAL ACHIEVEMENT IN EDITING FOR A SERIES - multi-camera production,False,1994
434,OUTSTANDING individual achievement in SOUND MIXING FOR A COMEDY SERIES OR A SPECIAL,False,1994
434,Outstanding Lead Actress In A Comedy Series,False,1994
434,Outstanding Comedy Series,False,1994
434,OUTSTANDING INDIVIDUAL ACHIEVEMENT IN LIGHTING DIRECTION (electronic) for a comedy series,True,1995
434,OUTSTANDING TECHNICAL DIRECTION/CAMERA/VIDEO FOR A SERIES,False,1995
434,OUTSTANDING INDIVIDUAL ACHIEVEMENT IN EDITING FOR A SERIES - multi-camera production,False,1995
434,OUTSTANDING individual achievement in SOUND MIXING FOR A COMEDY SERIES OR A SPECIAL,False,1995
434,OUTSTANDING LIGHTING DIRECTION (ELECTRONIC) FOR A COMEDY SERIES,True,1996
434,OUTSTANDING SOUND MIXING FOR A COMEDY SERIES OR A SPECIAL,False,1996
434,OUTSTANDING MULTI-CAMERA EDITING FOR A SERIES,False,1996
434,OUTSTANDING TECHNICAL DIRECTION/CAMERA/VIDEO FOR A SERIES,False,1996
434,OUTSTANDING LEAD ACTRESS FOR A COMEDY SERIES,False,1996
434,OUTSTANDING LIGHTING DIRECTION (ELECTRONIC) FOR A COMEDY SERIES,False,1997
434,Outstanding Lead Actress In A Comedy Series,False,1997
434,OUTSTANDING SOUND MIXING FOR A COMEDY SERIES OR A SPECIAL,False,1997
434,OUTSTANDING LIGHTING DIRECTION (ELECTRONIC) FOR A COMEDY SERIES,True,1998
434,Outstanding Lead Actress In A Comedy Series,False,1998
434,OUTSTANDING SOUND MIXING FOR A COMEDY SERIES OR A SPECIAL,False,1998
434,OUTSTANDING TECHNICAL DIRECTION/CAMERA/VIDEO FOR A SERIES,False,1998
434,OUTSTANDING LIGHTING DIRECTION (ELECTRONIC) FOR A COMEDY SERIES,True,1999
434,OUTSTANDING SOUND MIXING FOR A COMEDY SERIES OR A SPECIAL,False,1999
434,OUTSTANDING MUSIC AND LYRICS,False,1999
434,OUTSTANDING TECHNICAL DIRECTION/CAMERA/VIDEO FOR A SERIES,False,1999
435,OUTSTANDING COSTUME DESIGN FOR A SERIES,False,1997
435,Outstanding Art Direction For A Multi-Camera Series,False,2003
436,Outstanding Original Main Title Theme Music,True,2007
436,Outstanding Costumes For A Series,True,2007
436,Outstanding Art Direction For A Single-Camera Series,False,2007
436,Outstanding Casting For A Drama Series,False,2007
436,Outstanding Costumes For A Series,True,2008
436,Outstanding Casting For A Drama Series,False,2008
436,Outstanding Cinematography For A One Hour Series,True,2009
436,Outstanding Hairstyling For A Single-Camera Series,False,2009
436,Outstanding Art Direction For A Single-Camera Series,False,2009
436,Outstanding Casting For A Drama Series,False,2009
436,Outstanding Costumes For A Series,False,2009
436,Outstanding Art Direction For A Single-Camera Series,True,2010
436,Outstanding Costumes For A Series,True,2010
436,Outstanding Cinematography For A One Hour Series,False,2010
436,Outstanding Hairstyling For A Single-Camera Series,False,2010
437,Outstanding Main Title Design,True,2010
438,Outstanding Guest Actress In A Drama Series,False,2000
438,Outstanding Guest Actress In A Drama Series,False,2002
438,Outstanding Guest Actress In A Drama Series,False,2003
438,Outstanding Guest Actress In A Drama Series,False,2004
438,Outstanding Lead Actress In A Drama Series,False,2004
438,Outstanding Guest Actress In A Drama Series,True,2005
438,Outstanding Lead Actress In A Drama Series,False,2005
438,Outstanding Lead Actress In A Drama Series,True,2006
438,Outstanding Lead Actor In A Drama Series,False,2006
438,Outstanding Guest Actress In A Drama Series,True,2007
438,Outstanding Lead Actress In A Drama Series,False,2007
438,Outstanding Guest Actress In A Drama Series,True,2008
438,Television Academy Honors,True,2008
438,Outstanding Lead Actress In A Drama Series,False,2008
438,Outstanding Guest Actor In A Drama Series,False,2008
438,Outstanding Guest Actress In A Drama Series,True,2009
438,Outstanding Lead Actress In A Drama Series,False,2009
438,Outstanding Guest Actress In A Drama Series,True,2010
438,Outstanding Lead Actress In A Drama Series,False,2010
438,Outstanding Lead Actress In A Drama Series,False,2011
439,Outstanding Art Direction For A Multi-Camera Series,True,2011
439,Outstanding Supporting Actress In A Comedy Series,False,2011
439,Outstanding Makeup For A Multi-Camera Series Or Special (Non-Prosthetic),False,2012
439,Outstanding Multi-Camera Picture Editing For A Comedy Series,False,2012
439,Outstanding Multi-Camera Picture Editing For A Comedy Series,False,2013
439,Outstanding Production Design For A Narrative Program (Half-Hour Or Less),False,2015
439,Outstanding Multi-Camera Picture Editing For A Comedy Series,False,2015
440,Outstanding Special Visual Effects In A Supporting Role,False,2019
440,Outstanding Sound Editing For A Comedy Or Drama Series (One Hour),False,2019
441,OUTSTANDING MUSIC COMPOSITION FOR A SERIES (DRAMATIC UNDERSCORE),True,2004
441,Outstanding Special Visual Effects For A Series,True,2004
441,"Outstanding Prosthetic Makeup For A Series, Miniseries, Movie Or A Special",False,2004
441,Outstanding Stunt Coordination,False,2005
441,"Outstanding Prosthetic Makeup For A Series, Miniseries, Movie Or A Special",False,2005
441,Outstanding Hairstyling For A Series,False,2005
442,Outstanding Guest Actor In A Drama Series,True,2013
442,Outstanding Lead Actress In A Drama Series,False,2013
442,Outstanding Guest Actor In A Drama Series,True,2014
442,Outstanding Lead Actress In A Drama Series,False,2014
442,Outstanding Guest Actress In A Drama Series,False,2014
442,Outstanding Guest Actress In A Drama Series,False,2015
442,Outstanding Guest Actress In A Drama Series,False,2018
443,Outstanding Continued Performance by an Actor in a Series (Lead),True,1962
443,OUTSTANDING WRITING ACHIEVEMENT IN DRAMA,True,1962
443,OUTSTANDING PROGRAM ACHIEVEMENT IN THE FIELD OF DRAMA,True,1962
443,OUTSTANDING DIRECTORIAL ACHIEVEMENT IN DRAMA,True,1962
443,OUTSTANDING PROGRAM ACHIEVEMENT IN THE FIELD OF DRAMA,True,1963
443,OUTSTANDING DIRECTORIAL ACHIEVEMENT IN DRAMA,True,1963
443,Outstanding Continued Performance by an Actor in a Series (Lead),True,1963
443,OUTSTANDING ACHIEVEMENT IN FILM EDITING FOR TELEVISION,True,1963
443,OUTSTANDING WRITING ACHIEVEMENT IN DRAMA,True,1963
443,THE PROGRAM OF THE YEAR,False,1963
443,Outstanding Single Performance by an Actress in a Leading Role,False,1963
443,OUTSTANDING SINGLE PERFORMANCE BY AN ACTOR IN A LEADING ROLE,False,1963
443,OUTSTANDING ACHIEVEMENT IN ART DIRECTION AND SCENIC DESIGN,False,1963
443,OUTSTANDING WRITING ACHIEVEMENT IN DRAMA-ORIGINAL,True,1964
443,Outstanding Single Performance by an Actor in a Leading Role,True,1964
443,OUTSTANDING PROGRAM ACHIEVEMENT IN THE FIELD OF DRAMA,True,1964
443,THE PROGRAM OF THE YEAR,False,1964
443,OUTSTANDING DIRECTORIAL ACHIEVEMENT IN DRAMA,False,1964
443,Outstanding Individual Achievements in Entertainment - Writers,True,1965
443,Outstanding Individual Achievements in Entertainment - Directors,True,1965
443,Outstanding Program Achievements in Entertainment,False,1965
444,OUTSTANDING INDIVIDUAL ACHIEVEMENT IN GRAPHIC DESIGN AND title sequences,True,1994
444,OUTSTANDING INDIVIDUAL ACHIEVEMENT IN main title theme music,False,1994
444,Outstanding Drama Series,False,1995
444,Outstanding Guest Actress In A Drama Series,False,1995
444,OUTSTANDING INDIVIDUAL ACHIEVEMENT IN CINEMATOGRAPHY FOR A series,False,1995
444,OUTSTANDING INDIVIDUAL ACHIEVEMENT IN EDITING FOR A series - single-camera production,False,1995
444,OUTSTANDING individual achievement in WRITING IN A DRAMA SERIES,False,1995
444,OUTSTANDING individual achievement in SOUND EDITING FOR A SERIES,False,1995
444,OUTSTANDING CINEMATOGRAPHY FOR A SERIES,True,1996
444,Outstanding Writing for a Drama Series,True,1996
444,OUTSTANDING GUEST ACTOR FOR A DRAMA SERIES,True,1996
444,OUTSTANDING SOUND MIXING FOR A DRAMA SERIES,True,1996
444,Outstanding Sound Editing For A Series,True,1996
444,OUTSTANDING LEAD ACTRESS FOR A DRAMA SERIES,False,1996
444,OUTSTANDING ART DIRECTION FOR A SERIES,False,1996
444,Outstanding Drama Series,False,1996
444,Outstanding Sound Editing For A Series,True,1997
444,Outstanding Lead Actress In A Drama Series,True,1997
444,OUTSTANDING ART DIRECTION FOR A SERIES,True,1997
444,Outstanding Lead Actor In A Drama Series,False,1997
444,Outstanding Drama Series,False,1997
444,Outstanding Directing For A Drama Series,False,1997
444,Outstanding Writing for a Drama Series,False,1997
444,OUTSTANDING MAKEUP FOR A SERIES,False,1997
444,OUTSTANDING SOUND MIXING FOR A DRAMA SERIES,False,1997
444,OUTSTANDING SINGLE-CAMERA PICTURE EDITING FOR A SERIES,False,1997
444,OUTSTANDING MUSIC COMPOSITION FOR A SERIES (DRAMATIC UNDERSCORE),False,1997
444,OUTSTANDING SINGLE-CAMERA PICTURE EDITING FOR A SERIES,True,1998
444,OUTSTANDING ART DIRECTION FOR A SERIES,True,1998
444,Outstanding Directing For A Drama Series,False,1998
444,Outstanding Writing for a Drama Series,False,1998
444,Outstanding Guest Actress In A Drama Series,False,1998
444,Outstanding Lead Actor In A Drama Series,False,1998
444,Outstanding Lead Actress In A Drama Series,False,1998
444,OUTSTANDING MAKEUP FOR A SERIES,False,1998
444,OUTSTANDING CINEMATOGRAPHY FOR A SERIES,False,1998
444,Outstanding Sound Editing For A Series,False,1998
444,OUTSTANDING MUSIC COMPOSITION FOR A SERIES (DRAMATIC UNDERSCORE),False,1998
444,Outstanding Drama Series,False,1998
444,OUTSTANDING SOUND MIXING FOR A DRAMA SERIES,False,1998
444,OUTSTANDING MAKEUP FOR A SERIES,True,1999
444,Outstanding Sound Editing For A Series,False,1999
444,OUTSTANDING SINGLE-CAMERA PICTURE EDITING FOR A SERIES,False,1999
444,OUTSTANDING MUSIC COMPOSITION FOR A SERIES - DRAMATIC UNDERSCORE,False,1999
444,OUTSTANDING CINEMATOGRAPHY FOR A SERIES,False,1999
444,OUTSTANDING ART DIRECTION FOR A SERIES,False,1999
444,Outstanding Lead Actress In A Drama Series,False,1999
444,Outstanding Guest Actress In A Drama Series,False,1999
444,OUTSTANDING MAKEUP FOR A SERIES,True,2000
444,Outstanding Special Visual Effects For A Series,True,2000
444,OUTSTANDING SOUND MIXING FOR A DRAMA SERIES,True,2000
444,Outstanding Sound Editing For A Series,False,2000
444,OUTSTANDING MUSIC COMPOSITION FOR A SERIES (DRAMATIC UNDERSCORE),False,2000
444,Outstanding Cinematography For A Single-camera Series,False,2001
444,OUTSTANDING MUSIC COMPOSITION FOR A SERIES (DRAMATIC UNDERSCORE),False,2002
445,"Outstanding Directing For A Miniseries, Movie Or A Dramatic Special",False,2014
446,"Outstanding Stunt Coordination for a Drama Series, Limited Series, or Movie",False,2017
446,"Outstanding Stunt Coordination For A Drama Series, Limited Series Or Movie",False,2018
446,"Outstanding Stunt Coordination For A Drama Series, Limited Series Or Movie",False,2019
447,Outstanding Cinematography For A Half-Hour Series,False,2010
448,Outstanding Supporting Actress In A Miniseries Or A Movie,True,2012
448,Outstanding Hairstyling For A Miniseries Or A Movie,True,2012
448,"Outstanding Sound Editing For A Miniseries, Movie Or A Special",False,2012
448,Outstanding Single-Camera Picture Editing For A Miniseries Or A Movie,False,2012
448,Outstanding Stunt Coordination,False,2012
448,Outstanding Sound Mixing For A Miniseries Or A Movie,False,2012
448,"Outstanding Prosthetic Makeup For A Series, Miniseries, Movie Or A Special",False,2012
448,Outstanding Lead Actress In A Miniseries Or A Movie,False,2012
448,Outstanding Miniseries or Movie,False,2012
448,Outstanding Supporting Actor In A Miniseries Or A Movie,False,2012
448,Outstanding Makeup For A Miniseries Or A Movie (Non-Prosthetic),False,2012
448,Outstanding Main Title Design,False,2012
448,Outstanding Art Direction For A Miniseries Or Movie,False,2012
448,"Outstanding Costumes For A Miniseries, Movie Or A Special",False,2012
448,"Outstanding Casting For A Miniseries, Movie Or A Special",False,2012
449,Outstanding Lead Actor In A Drama Series,False,2009
450,Outstanding Variety Series,False,2014
450,Outstanding Directing For A Variety Series,False,2014
450,Outstanding Writing For A Variety Series,False,2014
450,Outstanding Lighting Design | Lighting Direction For A Variety Series,False,2014
450,Outstanding Creative Achievement In Interactive Media - Social TV Experience,True,2015
450,Outstanding Variety Talk Series,False,2015
450,Outstanding Interactive Program,False,2015
450,Outstanding Directing For A Variety Series,False,2015
450,Outstanding Variety Talk Series,False,2016
450,Outstanding Directing For A Variety Series,False,2016
450,Outstanding Interactive Program,False,2017
451,"Outstanding Sound Editing For A Miniseries, Movie Or A Special",False,2012
452,"Outstanding Casting For A Miniseries, Movie Or A Special",False,2008
453,Outstanding Informational Series or Special,True,2017
453,Outstanding Sound Editing for a Nonfiction Program (Single or Multi-Camera),False,2017
453,Outstanding Informational Series Or Special,False,2018
453,Outstanding Informational Series Or Special,False,2019
454,Outstanding Short Form Animated Program,True,2019
454,Outstanding Individual Achievement In Animation (Juried),True,2019
454,Outstanding Sound Editing For A Comedy Or Drama Series (Half-Hour) And Animation,False,2019
455,Outstanding Lead Actor In A Miniseries Or A Movie,False,2014
456,Outstanding Host For A Reality Or Competition Program,False,2019
456,Outstanding Structured Reality Program,False,2019
457,Outstanding Original Main Title Theme Music,False,2010
458,"Outstanding Writing For A Variety, Music Or Comedy Program",False,2006
458,Outstanding Individual Performance In A Variety Or Music Program,False,2006
458,"Outstanding Directing For A Variety, Music Or Comedy Program",False,2006
458,"Outstanding Variety, Music Or Comedy Series",False,2006
458,"Outstanding Writing For A Variety, Music Or Comedy Program",False,2007
458,"Outstanding Variety, Music Or Comedy Series",False,2007
458,"Outstanding Directing For A Variety, Music Or Comedy Program",False,2007
458,Outstanding Individual Performance In A Variety Or Music Program,False,2007
458,"Outstanding Writing For A Variety, Music Or Comedy Program",True,2008
458,Outstanding Individual Performance In A Variety Or Music Program,False,2008
458,"Outstanding Variety, Music Or Comedy Series",False,2008
458,"Outstanding Directing For A Variety, Music Or Comedy Program",False,2008
458,"Outstanding Writing For A Variety, Music Or Comedy Series",False,2009
458,"Outstanding Directing For A Variety, Music Or Comedy Series",False,2009
458,"Outstanding Variety, Music Or Comedy Series",False,2009
458,"Outstanding Writing For A Variety, Music Or Comedy Series",True,2010
458,"Outstanding Directing For A Variety, Music Or Comedy Series",False,2010
458,"Outstanding Variety, Music Or Comedy Series",False,2010
458,"Outstanding Writing For A Variety, Music Or Comedy Series",False,2011
458,"Outstanding Directing For A Variety, Music Or Comedy Series",False,2011
458,"Outstanding Variety, Music Or Comedy Series",False,2011
458,Outstanding Picture Editing For Short-Form Segments And Variety Specials,False,2012
458,Outstanding Writing For A Variety Series,False,2012
458,Outstanding Variety Series,False,2012
458,Outstanding Directing For A Variety Series,False,2012
458,Outstanding Variety Series,True,2013
458,Outstanding Writing For A Variety Series,True,2013
458,Outstanding Directing For A Variety Series,False,2013
458,Outstanding Sound Mixing For A Variety Series Or Special,False,2013
458,Outstanding Multi-Camera Picture Editing For A Comedy Series,False,2013
458,Outstanding Picture Editing For Short-Form Segments And Variety Specials,False,2013
458,Outstanding Writing For A Variety Series,True,2014
458,Outstanding Variety Series,True,2014
458,Outstanding Directing For A Variety Series,False,2014
458,Outstanding Picture Editing For Short-Form Segments And Variety Specials,False,2014
458,Outstanding Multi-Camera Picture Editing For A Comedy Series,False,2014
458,Outstanding Picture Editing For Variety Programming,True,2015
458,Outstanding Variety Talk Series,False,2015
458,Outstanding Writing For A Variety Series,False,2015
458,Outstanding Directing For A Variety Series,False,2015
459,Outstanding Supporting Actress In A Miniseries Or A Movie,True,2013
459,"Outstanding Casting For A Miniseries, Movie Or A Special",False,2013
459,Outstanding Hairstyling For A Miniseries Or A Movie,False,2013
459,Outstanding Miniseries or Movie,False,2013
459,Outstanding Lead Actress In A Miniseries Or A Movie,False,2013
460,Outstanding Supporting Actress In A Comedy Series,False,1995
460,Outstanding Supporting Actor In A Comedy Series,False,1995
460,OUTSTANDING INDIVIDUAL ACHIEVEMENT IN ART DIRECTION FOR A series,False,1995
460,Outstanding Comedy Series,False,1995
460,Outstanding Guest Actress In A Comedy Series,False,1995
460,OUTSTANDING INDIVIDUAL ACHIEVEMENT IN DIRECTING IN A comedy series,False,1995
460,OUTSTANDING INDIVIDUAL ACHIEVEMENT IN main title theme music,False,1995
460,OUTSTANDING INDIVIDUAL ACHIEVEMENT IN EDITING FOR A SERIES - multi-camera production,False,1995
460,OUTSTANDING individual achievement in WRITING IN A COMEDY SERIES,False,1995
460,Outstanding Directing For A Comedy Series,True,1996
460,OUTSTANDING GUEST ACTRESS FOR A COMEDY SERIES,False,1996
460,Outstanding Comedy Series,False,1996
460,Outstanding Supporting Actress In A Comedy Series,False,1997
460,Outstanding Supporting Actress In A Comedy Series,True,1998
460,OUTSTANDING SOUND MIXING FOR A COMEDY SERIES OR A SPECIAL,False,1999
460,Outstanding Comedy Series,False,1999
460,Outstanding Directing For A Comedy Series,False,1999
460,Outstanding Writing for a Comedy Series,False,1999
460,OUTSTANDING COSTUME DESIGN FOR A SERIES,False,1999
460,Outstanding Supporting Actress In A Comedy Series,False,1999
460,Outstanding Guest Actor In A Comedy Series,True,2000
460,Outstanding Supporting Actress In A Comedy Series,False,2000
460,Outstanding Comedy Series,False,2000
460,Outstanding Directing For A Comedy Series,False,2000
460,OUTSTANDING SOUND MIXING FOR A COMEDY SERIES OR A SPECIAL,False,2000
460,Outstanding Multi-camera Picture Editing For A Series,False,2000
460,Outstanding Guest Actor In A Comedy Series,False,2001
460,Outstanding Art Direction For A Multi-Camera Series,False,2001
460,Outstanding Supporting Actress In A Comedy Series,False,2001
460,Outstanding Guest Actress In A Comedy Series,False,2001
460,Outstanding Comedy Series,True,2002
460,Outstanding Lead Actress In A Comedy Series,True,2002
460,Outstanding Lead Actor In A Comedy Series,False,2002
460,Outstanding Multi-camera Picture Editing For A Series,False,2002
460,Outstanding Multi-Camera Sound Mixing For A Series Or Special,False,2002
460,Outstanding Guest Actor In A Comedy Series,False,2002
460,Outstanding Art Direction For A Multi-Camera Series,False,2002
460,Outstanding Casting For A Comedy Series,False,2002
460,Outstanding Cinematography For A Multi-camera Series,False,2002
460,Outstanding Guest Actress In A Comedy Series,True,2003
460,Outstanding Guest Actor In A Comedy Series,False,2003
460,Outstanding Art Direction For A Multi-Camera Series,False,2003
460,Outstanding Comedy Series,False,2003
460,Outstanding Lead Actress In A Comedy Series,False,2003
460,Outstanding Lead Actor In A Comedy Series,False,2003
460,Outstanding Multi-Camera Sound Mixing For A Series Or Special,False,2003
460,Outstanding Multi-camera Picture Editing For A Series,False,2003
460,Outstanding Casting For A Comedy Series,False,2003
460,Outstanding Cinematography For A Multi-camera Series,False,2003
460,Outstanding Lead Actor In A Comedy Series,False,2004
460,Outstanding Lead Actress In A Comedy Series,False,2004
460,Outstanding Guest Actor In A Comedy Series,False,2004
460,Outstanding Guest Actress In A Comedy Series,False,2004
460,Outstanding Multi-camera Picture Editing For A Series,False,2004
460,Outstanding Multi-Camera Sound Mixing For A Series Or Special,False,2004
460,Outstanding Cinematography For A Multi-camera Series,False,2004
461,Outstanding Cinematography For A Multi-Camera Series,False,2016
462,OUTSTANDING CINEMATOGRAPHY FOR A SERIES,False,1996
463,OUTSTANDING INDIVIDUAL ACHIEVEMENT IN EDITING FOR A series - single-camera production,False,1994
463,OUTSTANDING INDIVIDUAL ACHIEVEMENT IN MUSIC COMPOSITION for a series (dramatic underscore),False,1994
463,Outstanding Supporting Actress In A Drama Series,False,1995
463,OUTSTANDING SUPPORTING ACTRESS FOR A DRAMA SERIES,True,1996
464,Outstanding Main Title Design,False,2018
464,Outstanding Special Visual Effects,False,2018
465,Television Academy Honors,True,2011
465,Outstanding Guest Actor In A Drama Series,False,2012
465,Television Academy Honors,True,2013
466,Outstanding Special and Visual Effects,False,2014
467,Outstanding Main Title Design,False,2009
468,Outstanding Choreography,False,1997
468,OUTSTANDING COSTUME DESIGN FOR A SERIES,False,1997
468,OUTSTANDING ART DIRECTION FOR A SERIES,False,1997
468,Outstanding Guest Actor In A Comedy Series,False,1999
468,Outstanding Choreography,False,2000
468,Outstanding Multi-Camera Sound Mixing For A Series Or A Special,False,2001
468,Outstanding Multi-camera Picture Editing For A Series,False,2001
469,Outstanding Lead Actress In A Comedy Series,False,2009
470,Outstanding Art Direction For A Multi-Camera Series,False,2002
471,Outstanding Original Main Title Theme Music,False,2014
472,Outstanding Art Direction For A Single-Camera Series,False,2007
472,Outstanding Stunt Coordination,False,2007
472,Outstanding Sound Mixing For A Comedy Or Drama Series (one-hour),False,2007
472,Outstanding Special Visual Effects For A Series,False,2007
472,Outstanding Single-Camera Picture Editing For A Drama Series,False,2007
472,Outstanding Drama Series,False,2007
472,Outstanding Directing For A Drama Series,False,2007
472,Outstanding Supporting Actor In A Drama Series,False,2007
472,Outstanding Art Direction For A Single-Camera Series,False,2008
472,Outstanding Single-Camera Picture Editing For A Drama Series,False,2008
472,Outstanding Special Visual Effects For A Series,False,2008
472,Outstanding Special Visual Effects For A Series,True,2009
472,Outstanding Art Direction For A Single-Camera Series,False,2009
472,Outstanding Art Direction For A Single-Camera Series,False,2010
473,Outstanding Cinematography For A Half-Hour Series,True,2008
473,Outstanding Casting For A Comedy Series,False,2008
473,Outstanding Cinematography For A Half-Hour Series,True,2009
473,Outstanding Casting For A Comedy Series,False,2009
473,Outstanding Sound Mixing For A Comedy Or Drama Series (Half-Hour) And Animation,False,2011
473,Outstanding Sound Mixing For A Comedy Or Drama Series (Half-Hour) And Animation,False,2014
474,OUTSTANDING COSTUMES FOR A VARIETY OR MUSIC PROGRAM,True,2006
474,"Outstanding Technical Direction, Camerawork, Video For A Series",True,2006
474,Outstanding Reality-competition Program,False,2006
474,Outstanding Choreography,False,2006
474,"Outstanding Art Direction For A Variety, Music Program, Or Special",False,2006
474,"Outstanding Technical Direction, Camerawork, Video For A Series",False,2007
474,Outstanding Choreography,False,2007
474,Outstanding Reality-competition Program,False,2007
474,Outstanding Multi-camera Picture Editing For A Series,False,2007
474,Outstanding Hairstyling For A Series,False,2007
474,Outstanding Makeup For A Series (non-prosthetic),False,2007
474,"Outstanding Lighting Direction (electronic, Multi-camera) For Vmc Programming",False,2007
474,Outstanding Music Direction,False,2007
474,Outstanding Makeup For A Multi-camera Series Or A Special (non-prosthetic),True,2008
474,"Outstanding Technical Direction, Camerawork, Video For A Series",True,2008
474,"Outstanding Lighting Direction (electronic, Multi-camera) For Vmc Programming",False,2008
474,Outstanding Hairstyling For A Multi-camera Series Or A Special,False,2008
474,Outstanding Reality-competition Program,False,2008
474,"Outstanding Picture Editing Of Clip Packages For Talk, Performance, Award Or Reality Competition Programs",False,2008
474,Outstanding Host For A Reality Or Reality - Competition Program,False,2008
474,Outstanding Choreography,False,2008
474,Outstanding Hairstyling For A Multi-Camera Series Or Special,True,2009
474,Outstanding Choreography,False,2009
474,Outstanding Host For A Reality Or Reality-Competition Program,False,2009
474,Outstanding Makeup For A Multi-Camera Series Or Special (Non-Prosthetic),False,2009
474,"Outstanding Lighting Direction (Electronic, Multi-Camera) For Variety, Music Or Comedy Programming",False,2009
474,Outstanding Music Direction,False,2009
474,Outstanding Short Form Picture Editing,False,2009
474,Outstanding Reality - Competition Program,False,2009
474,"Outstanding Technical Direction, Camerawork, Video Control For A Series",False,2009
474,Outstanding Sound Mixing For A Variety Or Music Series Or Special,False,2009
474,"Outstanding Technical Direction, Camerawork, Video Control For A Series",True,2010
474,Outstanding Hairstyling For A Multi-Camera Series Or Special,True,2010
474,Outstanding Sound Mixing For A Variety Or Music Series Or Special,False,2010
474,Outstanding Makeup For A Multi-Camera Series Or Special (Non-Prosthetic),False,2010
474,"Outstanding Lighting Direction (Electronic, Multi-Camera) For Variety, Music Or Comedy Programming",False,2010
474,Outstanding Reality - Competition Program,False,2010
474,Outstanding Host For A Reality Or Reality-Competition Program,False,2010
474,Outstanding Choreography,False,2010
474,Outstanding Hairstyling For A Multi-Camera Series Or Special,True,2011
474,"Outstanding Technical Direction, Camerawork, Video Control For A Series",False,2011
474,"Outstanding Lighting Design | Lighting Direction For A Variety, Music, Or Comedy Series",False,2011
474,Outstanding Makeup For A Multi-Camera Series Or Special (Non-Prosthetic),False,2011
474,Outstanding Reality - Competition Program,False,2011
474,Outstanding Host For A Reality Or Reality-Competition Program,False,2011
474,Outstanding Choreography,False,2011
474,Outstanding Host For A Reality Or Reality-Competition Program,True,2012
474,Outstanding Makeup For A Multi-Camera Series Or Special (Non-Prosthetic),True,2012
474,"Outstanding Technical Direction, Camerawork, Video Control For A Series",False,2012
474,Outstanding Reality - Competition Program,False,2012
474,Outstanding Choreography,False,2012
474,Outstanding Lighting Design | Lighting Direction For A Variety Series,False,2012
474,Outstanding Hairstyling For A Multi-Camera Series Or Special,False,2012
474,Outstanding Choreography,True,2013
474,Outstanding Hairstyling For A Multi-Camera Series Or Special,False,2013
474,Outstanding Art Direction For Variety Or Nonfiction Programming,False,2013
474,Outstanding Host For A Reality Or Reality-Competition Program,False,2013
474,Outstanding Reality - Competition Program,False,2013
474,Outstanding Lighting Design | Lighting Direction For A Variety Series,False,2013
474,"Outstanding Technical Direction, Camerawork, Video Control For A Series",False,2013
474,Outstanding Makeup For A Multi-Camera Series Or Special (Non-Prosthetic),False,2013
474,"Outstanding Technical Direction, Camerawork, Video Control For A Series",True,2014
474,Outstanding Host For A Reality Or Reality-Competition Program,False,2014
474,Outstanding Choreography,False,2014
474,Outstanding Reality-competition Program,False,2014
474,Outstanding Makeup For A Multi-Camera Series Or Special (Non-Prosthetic),False,2014
474,Outstanding Hairstyling For A Multi-Camera Series Or Special,False,2014
474,Outstanding Choreography,True,2015
474,"Outstanding Technical Direction, Camerawork, Video Control For A Series",False,2015
474,Outstanding Reality-Competition Program,False,2015
474,Outstanding Hairstyling For A Multi-Camera Series Or Special,False,2015
474,Outstanding Host For A Reality Or Reality-Competition Program,False,2015
474,Outstanding Makeup For A Multi-Camera Series Or Special (Non-Prosthetic),False,2015
474,Outstanding Lighting Design | Lighting Direction For A Variety Series,False,2015
474,"Outstanding Technical Direction, Camerawork, Video Control For A Series",True,2016
474,Outstanding Reality-Competition Program,False,2016
474,Outstanding Lighting Design / Lighting Direction For A Variety Series,False,2016
474,Outstanding Makeup For A Multi-Camera Series Or Special (Non-Prosthetic),False,2016
474,Outstanding Host For A Reality Or Reality-Competition Program,False,2016
474,Outstanding Hairstyling For A Multi-Camera Series Or Special,False,2016
474,Outstanding Choreography,False,2016
474,"Outstanding Costumes For A Variety, Nonfiction Or Reality Program",False,2016
474,Outstanding Choreography,True,2017
474,Outstanding Lighting Design/Lighting Direction for a Variety Series,True,2017
474,"Outstanding Technical Direction, Camerawork, Video Control for a Series",False,2017
474,"Outstanding Costumes for Variety, Nonfiction or Reality Programming",False,2017
474,Outstanding Hairstyling for a Multi-Camera Series or Special,False,2017
474,Outstanding Makeup for a Multi-Camera Series or Special (Non-Prosthetic),False,2017
474,"Outstanding Costumes For Variety, Nonfiction Or Reality Programming",False,2018
474,"Outstanding Production Design For A Variety, Reality Or Reality-Competition Series",False,2018
474,Outstanding Hairstyling For A Multi-Camera Series Or Special,False,2018
474,Outstanding Lighting Design/Lighting Direction For A Variety Series,False,2018
474,Outstanding Makeup For A Multi-Camera Series Or Special (Non-Prosthetic),False,2018
474,"Outstanding Technical Direction, Camerawork, Video Control For A Series",False,2018
474,Outstanding Hairstyling For A Multi-Camera Series Or Special,False,2019
474,Outstanding Makeup For A Multi-Camera Series Or Special (Non-Prosthetic),False,2019
474,Outstanding Lighting Design/Lighting Direction For A Variety Series,False,2019
474,"Outstanding Costumes For Variety, Nonfiction Or Reality Programming",False,2019
475,Outstanding Directing For A Drama Series,False,2005
475,Outstanding Casting For A Drama Series,False,2005
475,Outstanding Supporting Actress In A Drama Series,False,2005
475,Outstanding Casting For A Drama Series,True,2006
475,Outstanding Supporting Actress In A Drama Series,False,2006
475,Outstanding Makeup For A Series (non-prosthetic),False,2006
475,"Outstanding Prosthetic Makeup For A Series, Miniseries, Movie Or A Special",False,2006
475,Outstanding Guest Actress In A Drama Series,False,2006
475,Outstanding Guest Actor In A Drama Series,False,2006
475,Outstanding Writing for a Drama Series,False,2006
475,Outstanding Drama Series,False,2006
475,Outstanding Supporting Actress In A Drama Series,True,2007
475,"Outstanding Prosthetic Makeup For A Series, Miniseries, Movie Or A Special",False,2007
475,Outstanding Casting For A Drama Series,False,2007
475,Outstanding Special Visual Effects For A Series,False,2007
475,Outstanding Drama Series,False,2007
475,Outstanding Guest Actress In A Drama Series,False,2007
475,Outstanding Supporting Actor In A Drama Series,False,2007
475,Outstanding Makeup For A Single-Camera Series (Non-Prosthetic),False,2008
475,"Outstanding Prosthetic Makeup For A Series, Miniseries, Movie Or A Special",False,2008
475,Outstanding Guest Actress In A Drama Series,False,2008
475,Outstanding Supporting Actress In A Drama Series,False,2008
475,Outstanding Supporting Actress In A Drama Series,False,2009
475,Outstanding Guest Actress In A Drama Series,False,2009
475,Outstanding Makeup For A Single-Camera Series (Non-Prosthetic),False,2009
475,"Outstanding Prosthetic Makeup For A Series, Miniseries, Movie Or A Special",False,2009
475,"Outstanding Prosthetic Makeup For A Series, Miniseries, Movie Or A Special",True,2010
475,Outstanding Makeup For A Single-Camera Series (Non-Prosthetic),True,2010
475,Outstanding Guest Actress In A Drama Series,True,2011
475,"Outstanding Prosthetic Makeup For A Series, Miniseries, Movie Or A Special",False,2011
475,Outstanding Guest Actress In A Drama Series,False,2012
476,Outstanding Lead Actress In A Comedy Series,False,2006
476,Outstanding Directing For A Comedy Series,False,2006
476,Outstanding Casting For A Comedy Series,False,2006
476,Outstanding Lead Actress In A Comedy Series,False,2015
477,OUTSTANDING ANIMATED PROGRAM (FOR PROGRAMMING ONE HOUR OR LESS),False,1998
477,OUTSTANDING ANIMATED PROGRAM (FOR PROGRAMMING ONE HOUR OR LESS),False,2000
477,Outstanding Animated Program (for programming less than one hour),False,2002
477,Outstanding Animated Program (for programming less than one hour),False,2004
477,Outstanding Animated Program (for programming less than one hour),True,2005
477,Outstanding Animated Program (for programming less than one hour),False,2006
477,Outstanding Animated Program (for programming less than one hour),True,2007
477,Outstanding Animated Program (for programming less than one hour),True,2009
477,Outstanding Animated Program,False,2010
477,Outstanding Animated Program,False,2011
477,Outstanding Animated Program,True,2013
477,Outstanding Animated Program,False,2014
477,Outstanding Animated Program,False,2015
477,Outstanding Character Voice-Over Performance,False,2016
477,Outstanding Animated Program,False,2016
477,Outstanding Animated Program,False,2017
477,Outstanding Animated Program,False,2018
478,Outstanding Lead Actress In A Comedy Series,True,2006
478,Outstanding Cinematography For A Multi-camera Series,False,2006
478,Outstanding Lead Actress In A Comedy Series,False,2007
478,Outstanding Art Direction For A Multi-Camera Series,False,2008
478,Outstanding Lead Actress In A Comedy Series,False,2008
478,Outstanding Lead Actress In A Comedy Series,False,2009
478,Outstanding Art Direction For A Multi-Camera Series,False,2009
478,Outstanding Art Direction For A Multi-Camera Series,False,2010
478,Outstanding Lead Actress In A Comedy Series,False,2010
479,Outstanding Original Main Title Theme Music,False,2012
480,Outstanding Television Movie,False,2017
481,Outstanding Special Visual Effects,False,2019
481,Outstanding Production Design For A Narrative Contemporary Program (One Hour Or More),False,2019
482,Outstanding Comedy Series,False,1999
482,Outstanding Lead Actress In A Comedy Series,False,1999
482,Outstanding Supporting Actress In A Comedy Series,False,2000
482,Outstanding Lead Actress In A Comedy Series,False,2000
482,Outstanding Comedy Series,False,2000
482,Outstanding Writing for a Comedy Series,False,2000
482,Outstanding Art Direction For A Single-Camera Series,False,2000
482,OUTSTANDING SOUND MIXING FOR A COMEDY SERIES OR A SPECIAL,False,2000
482,Outstanding Costumes For A Series,False,2000
482,Outstanding Casting For A Comedy Series,False,2000
482,Outstanding Comedy Series,True,2001
482,Outstanding Casting For A Comedy Series,False,2001
482,Outstanding Art Direction For A Single-Camera Series,False,2001
482,Outstanding Costumes For A Series,False,2001
482,Outstanding Writing for a Comedy Series,False,2001
482,Outstanding Hairstyling For A Series,False,2001
482,Outstanding Directing For A Comedy Series,False,2001
482,Outstanding Supporting Actress In A Comedy Series,False,2001
482,Outstanding Lead Actress In A Comedy Series,False,2001
482,OUTSTANDING MAKEUP FOR A SERIES,False,2001
482,Outstanding Costumes For A Series,True,2002
482,Outstanding Casting For A Comedy Series,True,2002
482,Outstanding Directing For A Comedy Series,True,2002
482,Outstanding Lead Actress In A Comedy Series,False,2002
482,Outstanding Supporting Actress In A Comedy Series,False,2002
482,Outstanding Guest Actress In A Comedy Series,False,2002
482,Outstanding Hairstyling For A Series,False,2002
482,Outstanding Writing for a Comedy Series,False,2002
482,Outstanding Comedy Series,False,2002
482,Outstanding Casting For A Comedy Series,True,2003
482,Outstanding Writing for a Comedy Series,False,2003
482,Outstanding Directing For A Comedy Series,False,2003
482,Outstanding Comedy Series,False,2003
482,Outstanding Lead Actress In A Comedy Series,False,2003
482,Outstanding Supporting Actress In A Comedy Series,False,2003
482,Outstanding Makeup For A Series (non-prosthetic),False,2003
482,Outstanding Hairstyling For A Series,False,2003
482,Outstanding Art Direction For A Single-Camera Series,False,2003
482,Outstanding Single-camera Picture Editing For A Comedy Series,False,2003
482,Outstanding Costumes For A Series,False,2003
482,Outstanding Supporting Actress In A Comedy Series,True,2004
482,Outstanding Lead Actress In A Comedy Series,True,2004
482,Outstanding Comedy Series,False,2004
482,Outstanding Directing For A Comedy Series,False,2004
482,Outstanding Writing for a Comedy Series,False,2004
482,Outstanding Casting For A Comedy Series,False,2004
482,Outstanding Costumes For A Series,False,2004
482,Outstanding Single-camera Picture Editing For A Comedy Series,False,2004
483,OUTSTANDING COSTUME DESIGN FOR A SERIES,True,1999
483,Outstanding Hairstyling For A Series,False,1999
483,Outstanding Hairstyling For A Series,False,2000
483,OUTSTANDING MAKEUP FOR A SERIES,False,2000
483,Outstanding Hairstyling For A Series,False,2001
483,Outstanding Art Direction For A Multi-Camera Series,False,2002
483,Outstanding Costumes For A Series,False,2002
483,Outstanding Art Direction For A Multi-Camera Series,False,2003
483,Outstanding Multi-Camera Sound Mixing For A Series Or Special,False,2003
483,Outstanding Costumes For A Series,False,2003
483,Outstanding Multi-camera Picture Editing For A Series,False,2004
483,Outstanding Costumes For A Series,False,2004
483,Outstanding Art Direction For A Multi-Camera Series,False,2005
483,Outstanding Multi-Camera Sound Mixing For A Series Or Special,False,2005
483,Outstanding Multi-camera Picture Editing For A Series,False,2005
483,Outstanding Multi-camera Picture Editing For A Series,False,2006
484,Outstanding Guest Actor In A Drama Series,False,2005
485,Outstanding Original Music And Lyrics,False,2016
486,Outstanding Miniseries,False,1994
486,OUTSTANDING individual achievement in WRITING IN A MINISERIES OR A SPECIAL,False,1994
487,Outstanding Children's Program,False,2015
487,Outstanding Children's Program,False,2016
487,Outstanding Children's Program,False,2017
488,"Outstanding Stunt Coordination For A Drama Series, Miniseries Or Movie",True,2013
488,Outstanding Special Visual Effects in a Supporting Role,False,2013
488,"Outstanding Stunt Coordination For A Drama Series, Miniseries Or Movie",False,2014
489,Outstanding Lead Actor In A Comedy Series,False,2014
490,Outstanding Art Direction For A Multi-Camera Series,True,2013
491,Outstanding Original Main Title Theme Music,False,2018
492,Outstanding Special Visual Effects For A Series,True,2003
493,Outstanding Hairstyling For A Miniseries Or A Movie,False,2014
493,"Outstanding Sound Editing For A Miniseries, Movie Or A Special",False,2014
493,Outstanding Special And Visual Effects In A Supporting Role,False,2014
494,Outstanding Main Title Design,False,2008
495,Outstanding Lead Actor In A Comedy Series,False,2012
495,Outstanding Lead Actor In A Comedy Series,False,2013
495,Outstanding Art Direction For A Contemporary Program (Half-Hour Or Less),True,2014
495,Outstanding Lead Actor In A Comedy Series,False,2014
495,Outstanding Lead Actor In A Comedy Series,False,2015
496,Outstanding Main Title Design,True,2004
496,Outstanding Hairstyling For A Series,True,2004
496,Outstanding Costumes For A Series,True,2004
496,Outstanding Cinematography For A Single-camera Series,True,2004
496,Outstanding Art Direction For A Single-Camera Series,True,2004
496,Outstanding Makeup For A Series (non-prosthetic),False,2004
496,Outstanding Casting For A Drama Series,False,2004
496,Outstanding Art Direction For A Single-Camera Series,False,2005
496,Outstanding Cinematography For A Single-camera Series,False,2005
496,"Outstanding Prosthetic Makeup For A Series, Miniseries, Movie Or A Special",False,2005
496,OUTSTANDING MUSIC COMPOSITION FOR A SERIES (DRAMATIC UNDERSCORE),False,2005
496,Outstanding Hairstyling For A Series,False,2005
496,Outstanding Costumes For A Series,False,2005
496,Outstanding Makeup For A Series (non-prosthetic),False,2005
497,Outstanding Original Main Title Theme Music,True,2013
497,Outstanding Main Title Design,True,2013
497,Outstanding Special Visual Effects in a Supporting Role,False,2013
497,Outstanding Special And Visual Effects In A Supporting Role,False,2014
498,"Outstanding Technical Direction, Camerawork, Video For A Series",False,2003
498,Outstanding Sound Mixing For Nonfiction Programming (single Or Multi-camera),False,2003
498,"Outstanding Lighting Direction (electronic, Multi-camera) For Vmc Programming",False,2003
498,Outstanding Reality | Competition Program,False,2003
498,Outstanding Directing For Nonfiction Programming,False,2003
498,"Outstanding Lighting Direction (Electronic, Multi-Camera) For A VMC Programming",False,2004
498,Outstanding Reality-competition Program,False,2004
498,"Outstanding Technical Direction, Camerawork, Video For A Series",False,2004
498,Outstanding Sound Mixing For Nonfiction Programming (single Or Multi-camera),False,2005
498,Outstanding Sound Mixing For A Variety Or Music Series Or Special Or Animation,False,2005
498,"Outstanding Art Direction For A Variety, Music Program, Or Special",False,2005
498,Outstanding Reality-competition Program,False,2005
498,Outstanding Directing For Nonfiction Programming,False,2005
498,"Outstanding Lighting Direction (electronic, Multi-camera) For Vmc Programming",False,2005
498,Outstanding Reality-competition Program,False,2006
498,Outstanding Sound Mixing For A Variety Or Music Series Or Special Or Animation,False,2006
498,"Outstanding Lighting Direction (electronic, Multi-camera) For Vmc Programming",False,2006
498,Outstanding Picture Editing For Nonfiction Programming (large Team Entries - Primarily Multi-camera Productions),False,2006
498,"Outstanding Technical Direction, Camerawork, Video For A Series",False,2006
498,"Outstanding Directing For A Variety, Music Or Comedy Program",False,2006
498,"Outstanding Art Direction For A Variety, Music Program, Or Special",False,2006
498,"Outstanding Technical Direction, Camerawork, Video For A Miniseries, Movie Or A Special",True,2007
498,"Outstanding Technical Direction, Camerawork, Video For A Series",False,2007
498,Outstanding Picture Editing For Reality Programming,False,2007
498,Outstanding Reality-competition Program,False,2007
498,"Outstanding Directing For A Variety, Music Or Comedy Program",False,2007
498,Outstanding Multi-camera Picture Editing For A Series,False,2007
498,"Outstanding Lighting Direction (electronic, Multi-camera) For Vmc Programming",False,2007
498,"Outstanding Picture Editing Of Clip Packages For Talk, Performance, Award Or Reality Competition Programs",True,2008
498,Outstanding Reality-competition Program,False,2008
498,Outstanding Host For A Reality Or Reality - Competition Program,False,2008
498,Outstanding Sound Mixing For A Variety Or Music Series Or Special,False,2008
498,"Outstanding Technical Direction, Camerawork, Video For A Miniseries, Movie Or A Special",False,2008
498,"Outstanding Technical Direction, Camerawork, Video Control For A Series",True,2009
498,"Outstanding Lighting Direction (Electronic, Multi-Camera) For Variety, Music Or Comedy Programming",True,2009
498,"Outstanding Art Direction For Variety, Music Or Nonfiction Programming",True,2009
498,"Outstanding Directing For A Variety, Music Or Comedy Series",True,2009
498,Outstanding Host For A Reality Or Reality-Competition Program,False,2009
498,Outstanding Reality - Competition Program,False,2009
498,Outstanding Sound Mixing For Nonfiction Programming,False,2009
498,Outstanding Sound Mixing For A Variety Or Music Series Or Special,False,2009
498,Outstanding Short Form Picture Editing,False,2010
498,Outstanding Sound Mixing For A Variety Or Music Series Or Special,False,2010
498,"Outstanding Art Direction For Variety, Music Or Nonfiction Programming",False,2010
498,Outstanding Reality - Competition Program,False,2010
498,Outstanding Host For A Reality Or Reality-Competition Program,False,2010
498,Outstanding Sound Mixing For A Variety Or Music Series Or Special,True,2011
498,"Outstanding Technical Direction, Camerawork, Video Control For A Series",True,2011
498,Outstanding Sound Editing For Nonfiction Programming (Single Or Multi-Camera),False,2011
498,Outstanding Short-Form Picture Editing,False,2011
498,Outstanding Sound Mixing For Nonfiction Programming,False,2011
498,"Outstanding Lighting Design | Lighting Direction For A Variety, Music, Or Comedy Series",False,2011
498,"Outstanding Directing For A Variety, Music Or Comedy Series",False,2011
498,Outstanding Reality - Competition Program,False,2011
498,Outstanding Host For A Reality Or Reality-Competition Program,False,2011
498,"Outstanding Art Direction For Variety, Music Or Nonfiction Programming",False,2011
498,Outstanding Sound Mixing For A Variety Series Or Special,False,2012
498,Outstanding Host For A Reality Or Reality-Competition Program,False,2012
498,Outstanding Lighting Design | Lighting Direction For A Variety Series,False,2012
498,Outstanding Lighting Design | Lighting Direction For A Variety Series,False,2013
498,Outstanding Host For A Reality Or Reality-Competition Program,False,2013
498,Outstanding Sound Mixing For A Variety Series Or Special,False,2013
498,Outstanding Lighting Design | Lighting Direction For A Variety Series,False,2015
498,Outstanding Lighting Design / Lighting Direction For A Variety Series,False,2016
498,Outstanding Host For A Reality Or Reality-Competition Program,False,2016
499,OUTSTANDING SINGLE CAMERA EDITING FOR A SERIES,True,1996
499,OUTSTANDING MAIN TITLE THEME MUSIC,False,1996
499,OUTSTANDING COSTUME DESIGN FOR A SERIES,False,1996
499,OUTSTANDING COSTUME DESIGN FOR A SERIES,True,1997
499,OUTSTANDING CINEMATOGRAPHY FOR A SERIES,False,1998
499,OUTSTANDING COSTUME DESIGN FOR A SERIES,True,1999
499,OUTSTANDING CINEMATOGRAPHY FOR A SERIES,False,1999
499,Outstanding Cinematography For A Single-camera Series,False,2000
499,Outstanding Cinematography For A Single-camera Series,False,2001
499,OUTSTANDING MUSIC COMPOSITION FOR A SERIES (DRAMATIC UNDERSCORE),False,2002
499,OUTSTANDING MUSIC COMPOSITION FOR A SERIES (DRAMATIC UNDERSCORE),False,2003
500,Outstanding Special Visual Effects in a Supporting Role,False,2012
500,Outstanding Original Main Title Theme Music,False,2012
501,Outstanding Documentary Or Nonfiction Series,False,2014
501,Outstanding Sound Editing For Nonfiction Programming (Single Or Multi-Camera),False,2014
501,Outstanding Writing for Nonfiction Programming,False,2014
502,Outstanding Lead Actress In A Comedy Series,True,2011
502,Outstanding Art Direction For A Multi-Camera Series,False,2011
502,Outstanding Lead Actress In A Comedy Series,False,2012
502,Outstanding Art Direction For A Multi-Camera Series,False,2012
502,Outstanding Cinematography For A Multi-camera Series,False,2012
502,Outstanding Cinematography For A Multi-camera Series,False,2013
502,Outstanding Lead Actress In A Comedy Series,False,2014
502,Outstanding Cinematography For A Multi-camera Series,False,2014
502,Outstanding Cinematography For A Multi-Camera Series,True,2015
502,Outstanding Multi-Camera Picture Editing For A Comedy Series,False,2015
502,Outstanding Multi-Camera Picture Editing For A Comedy Series,False,2016
503,OUTSTANDING ACHIEVEMENT IN FILM SOUND EDITING for a series,False,1978
503,OUTSTANDING COSTUME DESIGN FOR A REGULAR or limited series,False,1982
503,OUTSTANDING ACHIEVEMENT IN MAKEUP,False,1982
503,OUTSTANDING CINEMATOGRAPHY FOR A SERIES,False,1983
503,OUTSTANDING MUSIC COMPOSITION FOR A SERIES - DRAMATIC UNDERSCORE,False,1999
504,Outstanding Makeup For A Series (non-prosthetic),True,2006
505,Outstanding Individual Achievement In Animation,True,2010
505,Outstanding Animated Program,False,2010
506,Outstanding Choreography,False,2017
507,Outstanding Picture Editing For Reality Programming,False,2014
507,Outstanding Unstructured Reality Program,False,2015
507,Outstanding Unstructured Reality Program,False,2018
508,OUTSTANDING DIRECTING IN A COMEDY SERIES,False,1985
508,OUTSTANDING ACHIEVEMENT IN MUSIC AND LYRICS,False,1985
508,OUTSTANDING EDITING FOR A SERIES (single camera production),True,1986
508,OUTSTANDING WRITING IN A DRAMA SERIES,False,1986
508,Outstanding Drama Series,False,1986
508,Outstanding Supporting Actress In A Drama Series,False,1986
508,Outstanding Lead Actor In A Drama Series,False,1986
508,Outstanding Lead Actress In A Drama Series,False,1986
508,OUTSTANDING GUEST PERFORMER IN A DRAMA SERIES,False,1986
508,OUTSTANDING DIRECTING IN A DRAMA SERIES,False,1986
508,OUTSTANDING ACHIEVEMENT IN COSTUMING FOR A SERIES,False,1986
508,OUTSTANDING CINEMATOGRAPHY FOR A SERIES,False,1986
508,OUTSTANDING ART DIRECTION FOR A SERIES,False,1986
508,OUTSTANDING ACHIEVEMENT IN MUSIC COMPOSITION FOR A SERIES (dramatic underscore),False,1986
508,OUTSTANDING ACHIEVEMENT IN HAIRSTYLING FOR A SERIES,False,1986
508,Outstanding Lead Actor In A Drama Series,True,1987
508,OUTSTANDING ACHIEVEMENT IN COSTUMING FOR A SERIES,True,1987
508,OUTSTANDING EDITING FOR A SERIES (single camera production),True,1987
508,OUTSTANDING ACHIEVEMENT IN HAIRSTYLING FOR A SERIES,True,1987
508,Outstanding Supporting Actress In A Drama Series,False,1987
508,OUTSTANDING DIRECTING IN A DRAMA SERIES,False,1987
508,OUTSTANDING ART DIRECTION FOR A SERIES,False,1987
508,OUTSTANDING ACHIEVEMENT IN MUSIC COMPOSITION FOR A SERIES (dramatic underscore),False,1987
508,OUTSTANDING ACHIEVEMENT IN CHOREOGRAPHY,False,1987
508,Outstanding Drama Series,False,1987
508,OUTSTANDING WRITING IN A DRAMA SERIES,False,1987
508,OUTSTANDING SOUND MIXING FOR A DRAMA SERIES,False,1987
508,OUTSTANDING GUEST PERFORMER IN A DRAMA SERIES,False,1988
508,OUTSTANDING ACHIEVEMENT IN COSTUMING FOR A SERIES,False,1988
508,OUTSTANDING CINEMATOGRAPHY FOR A SERIES,False,1988
508,OUTSTANDING ART DIRECTION FOR A SERIES,False,1988
508,OUTSTANDING ACHIEVEMENT IN MUSIC DIRECTION,False,1988
508,OUTSTANDING ACHIEVEMENT IN MUSIC COMPOSITION FOR A SERIES (dramatic underscore),False,1988
508,OUTSTANDING ART DIRECTION FOR A SERIES,True,1989
508,OUTSTANDING ACHIEVEMENT IN MUSIC DIRECTION,False,1989
508,OUTSTANDING ACHIEVEMENT IN MUSIC COMPOSITION FOR A SERIES (dramatic underscore),False,1989
509,Outstanding Special and Visual Effects,False,2014
510,Outstanding Cinematography For A Miniseries Or Movie,False,2014
511,Outstanding Supporting Actress in a Miniseries or Movie,True,2009
511,Outstanding Hairstyling For A Miniseries Or A Movie,False,2009
511,"Outstanding Costumes For A Miniseries, Movie Or A Special",False,2009
511,"Outstanding Casting For A Miniseries, Movie Or A Special",False,2009
512,OUTSTANDING MAIN TITLE THEME MUSIC,False,2003
512,Outstanding Guest Actor In A Drama Series,False,2004
513,Outstanding Original Music And Lyrics,False,2018
514,OUTSTANDING DIRECTING IN A COMEDY SERIES,False,1987
514,OUTSTANDING ACHIEVEMENT IN COSTUMING FOR A SERIES,False,1987
514,OUTSTANDING ACHIEVEMENT IN HAIRSTYLING FOR A SERIES,True,1988
514,OUTSTANDING WRITING IN A COMEDY SERIES,False,1988
514,OUTSTANDING EDITING FOR A SERIES (multi-camera production),False,1988
514,Outstanding Supporting Actor In A Comedy Series,False,1989
514,OUTSTANDING ACHIEVEMENT IN COSTUMING FOR A SERIES,False,1989
514,Outstanding Comedy Series,False,1989
514,Outstanding Lead Actress In A Comedy Series,False,1991
514,Outstanding Comedy Series,False,1991
514,OUTSTANDING ACHIEVEMENT IN COSTUMING FOR A SERIES,False,1991
514,Outstanding Supporting Actress In A Comedy Series,False,1992
515,OUTSTANDING CINEMATOGRAPHY FOR A SERIES,True,1989
515,OUTSTANDING ACHIEVEMENT IN HAIRSTYLING FOR A SERIES,True,1989
515,Outstanding Supporting Actor In A Drama Series,False,1990
515,Outstanding Lead Actor In A Drama Series,False,1990
515,OUTSTANDING ACHIEVEMENT IN MAKEUP FOR A SERIES,True,1991
515,OUTSTANDING CINEMATOGRAPHY FOR A SERIES,True,1991
515,Outstanding Supporting Actor In A Drama Series,False,1991
515,Outstanding Lead Actor In A Drama Series,False,1991
515,Outstanding Drama Series,False,1991
515,OUTSTANDING ART DIRECTION FOR A SERIES,False,1991
515,Outstanding Sound Editing For A Series,False,1991
515,OUTSTANDING ACHIEVEMENT IN COSTUMING FOR A SERIES,False,1991
515,OUTSTANDING INDIVIDUAL ACHIEVEMENT IN COSTUME DESIGN FOR A series,False,1992
515,OUTSTANDING INDIVIDUAL ACHIEVEMENT IN CINEMATOGRAPHY FOR A series,False,1992
515,OUTSTANDING INDIVIDUAL ACHIEVEMENT IN ART DIRECTION FOR A series,False,1992
515,OUTSTANDING individual achievement in SOUND EDITING FOR A SERIES,False,1992
515,Outstanding Drama Series,False,1992
515,Outstanding Supporting Actor In A Drama Series,False,1992
515,Outstanding Lead Actor In A Drama Series,False,1992
515,OUTSTANDING INDIVIDUAL ACHIEVEMENT IN EDITING FOR A series - single-camera production,True,1993
515,Outstanding Lead Actor In A Drama Series,False,1993
515,Outstanding Supporting Actor In A Drama Series,False,1993
515,OUTSTANDING individual achievement in SOUND EDITING FOR A SERIES,False,1993
515,OUTSTANDING INDIVIDUAL ACHIEVEMENT IN COSTUME DESIGN FOR A series,False,1993
515,OUTSTANDING INDIVIDUAL ACHIEVEMENT IN CINEMATOGRAPHY FOR A series,False,1993
515,OUTSTANDING INDIVIDUAL ACHIEVEMENT IN ART DIRECTION FOR A series,False,1993
515,OUTSTANDING INDIVIDUAL ACHIEVEMENT IN MUSIC COMPOSITION for a series (dramatic underscore),False,1993
516,Outstanding Stunt Coordination,False,2006
517,Outstanding Writing for a Variety Series,False,2017
517,Outstanding Writing For A Variety Series,False,2018
517,Outstanding Writing For A Variety Series,False,2019
518,OUTSTANDING ACHIEVEMENT IN MUSIC AND LYRICS,False,1983
519,Outstanding Makeup For A Series (non-prosthetic),False,2006
519,Outstanding Stunt Coordination,False,2007
519,Outstanding Stunt Coordination,False,2008
519,Outstanding Guest Actor In A Drama Series,False,2009
519,Outstanding Sound Editing For A Series,False,2011
520,Outstanding Original Main Title Theme Music,False,2016
521,Outstanding Reality - Competition Program,False,2012
521,Outstanding Lighting Design | Lighting Direction For A Variety Series,False,2012
521,Outstanding Hairstyling For A Multi-Camera Series Or Special,False,2012
521,Outstanding Art Direction For Variety Or Nonfiction Programming,False,2012
521,Outstanding Lighting Design | Lighting Direction For A Variety Series,True,2013
521,Outstanding Reality - Competition Program,True,2013
521,Outstanding Hairstyling For A Multi-Camera Series Or Special,False,2013
521,Outstanding Art Direction For Variety Or Nonfiction Programming,False,2013
521,"Outstanding Technical Direction, Camerawork, Video Control For A Series",False,2013
521,Outstanding Reality-competition Program,False,2014
521,"Outstanding Technical Direction, Camerawork, Video Control For A Series",False,2014
521,Outstanding Sound Mixing For A Variety Series Or Special,False,2014
521,Outstanding Makeup For A Multi-Camera Series Or Special (Non-Prosthetic),False,2014
521,Outstanding Lighting Design | Lighting Direction For A Variety Series,False,2014
521,Outstanding Hairstyling For A Multi-Camera Series Or Special,False,2014
521,Outstanding Picture Editing For Reality Programming,False,2014
521,"Outstanding Art Direction For Variety, Nonfiction, Reality or Reality-Competition Programming",False,2014
521,Outstanding Reality-Competition Program,True,2015
521,Outstanding Lighting Design | Lighting Direction For A Variety Series,True,2015
521,"Outstanding Technical Direction, Camerawork, Video Control For A Series",False,2015
521,"Outstanding Production Design For Variety, Nonfiction, Reality or Reality-Competition Programming",False,2015
521,Outstanding Sound Mixing For A Variety Series Or Special,False,2015
521,Outstanding Hairstyling For A Multi-Camera Series Or Special,False,2015
521,Outstanding Reality-Competition Program,True,2016
521,Outstanding Lighting Design / Lighting Direction For A Variety Series,True,2016
521,"Outstanding Production Design For A Variety, Nonfiction, Reality or Reality-Competition Series",False,2016
521,Outstanding Picture Editing For A Structured Or Competition Reality Program,False,2016
521,Outstanding Sound Mixing For A Variety Series Or Special,False,2016
521,"Outstanding Technical Direction, Camerawork, Video Control For A Series",False,2016
521,Outstanding Reality-Competition Program,True,2017
521,Outstanding Sound Mixing for a Variety Series or Special,False,2017
521,"Outstanding Technical Direction, Camerawork, Video Control for a Series",False,2017
521,Outstanding Casting for a Reality Program,False,2017
521,"Outstanding Production Design for Variety, Nonfiction, Reality or Reality-Competition Programming",False,2017
521,Outstanding Hairstyling for a Multi-Camera Series or Special,False,2017
521,Outstanding Makeup for a Multi-Camera Series or Special (Non-Prosthetic),False,2017
521,Outstanding Lighting Design/Lighting Direction for a Variety Series,False,2017
521,"Outstanding Production Design For A Variety, Reality Or Reality-Competition Series",False,2018
521,Outstanding Directing For A Reality Program,False,2018
521,Outstanding Casting For A Reality Program,False,2018
521,Outstanding Hairstyling For A Multi-Camera Series Or Special,False,2018
521,Outstanding Picture Editing For A Structured Or Competition Reality Program,False,2018
521,Outstanding Makeup For A Multi-Camera Series Or Special (Non-Prosthetic),False,2018
521,Outstanding Lighting Design/Lighting Direction For A Variety Series,False,2018
521,Outstanding Sound Mixing For A Variety Series Or Special,False,2018
521,"Outstanding Technical Direction, Camerawork, Video Control For A Series",False,2018
521,Outstanding Reality-Competition Program,False,2018
521,"Outstanding Production Design For A Variety, Reality Or Competition Series",False,2019
521,"Outstanding Technical Direction, Camerawork, Video Control For A Series",False,2019
521,Outstanding Casting For A Reality Program,False,2019
521,Outstanding Makeup For A Multi-Camera Series Or Special (Non-Prosthetic),False,2019
521,Outstanding Lighting Design/Lighting Direction For A Variety Series,False,2019
521,Outstanding Hairstyling For A Multi-Camera Series Or Special,False,2019
521,Outstanding Competition Program,False,2019
522,OUTSTANDING ACHIEVEMENT IN MUSIC AND LYRICS,True,1991
522,OUTSTANDING EDITING FOR A SERIES (single camera production),True,1991
522,OUTSTANDING SOUND MIXING FOR A DRAMA SERIES,False,1991
522,OUTSTANDING DIRECTING IN A DRAMA SERIES,False,1991
523,Outstanding Lead Actor In A Drama Series,True,2013
523,Television Academy Honors,True,2013
523,Outstanding Main Title Design,False,2013
523,Outstanding Guest Actress In A Drama Series,False,2013
523,Outstanding Lead Actor In A Drama Series,False,2014
523,Outstanding Guest Actress In A Drama Series,False,2014
523,Outstanding Lead Actor In A Drama Series,False,2015
524,Outstanding Guest Actress In A Comedy Series,False,2009
524,Outstanding Lead Actor In A Comedy Series,False,2009
524,Outstanding Art Direction For A Multi-Camera Series,False,2009
524,Outstanding Lead Actor In A Comedy Series,True,2010
524,Outstanding Makeup For A Multi-Camera Series Or Special (Non-Prosthetic),False,2010
524,"Outstanding Technical Direction, Camerawork, Video Control For A Series",False,2010
524,Outstanding Guest Actress In A Comedy Series,False,2010
524,Outstanding Art Direction For A Multi-Camera Series,False,2010
524,Outstanding Lead Actor In A Comedy Series,True,2011
524,Outstanding Picture Editing For A Comedy Series (Single Or Multi-Camera),False,2011
524,Outstanding Art Direction For A Multi-Camera Series,False,2011
524,Outstanding Comedy Series,False,2011
524,"Outstanding Technical Direction, Camerawork, Video Control For A Series",False,2012
524,Outstanding Comedy Series,False,2012
524,Outstanding Lead Actor In A Comedy Series,False,2012
524,Outstanding Supporting Actress In A Comedy Series,False,2012
524,Outstanding Multi-Camera Picture Editing For A Comedy Series,False,2012
524,Outstanding Lead Actor In A Comedy Series,True,2013
524,Outstanding Guest Actor In A Comedy Series,True,2013
524,"Outstanding Technical Direction, Camerawork, Video Control For A Series",True,2013
524,Outstanding Hairstyling For A Multi-Camera Series Or Special,False,2013
524,Outstanding Art Direction For A Multi-Camera Series,False,2013
524,Outstanding Multi-Camera Picture Editing For A Comedy Series,False,2013
524,Outstanding Comedy Series,False,2013
524,Outstanding Supporting Actress In A Comedy Series,False,2013
524,Outstanding Multi-Camera Picture Editing For A Comedy Series,True,2014
524,Outstanding Lead Actor In A Comedy Series,True,2014
524,Outstanding Guest Actor In A Comedy Series,False,2014
524,Outstanding Supporting Actress In A Comedy Series,False,2014
524,Outstanding Comedy Series,False,2014
524,"Outstanding Technical Direction, Camerawork, Video Control For A Series",False,2014
524,Outstanding Art Direction For A Contemporary Program (Half-Hour Or Less),False,2014
524,Outstanding Multi-Camera Picture Editing For A Comedy Series,True,2015
524,"Outstanding Technical Direction, Camerawork, Video Control For A Series",False,2015
524,Outstanding Cinematography For A Multi-Camera Series,False,2015
524,Outstanding Production Design For A Narrative Program (Half-Hour Or Less),False,2015
524,Outstanding Supporting Actress In A Comedy Series,False,2015
524,Outstanding Guest Actress In A Comedy Series,False,2015
524,Outstanding Multi-Camera Picture Editing For A Comedy Series,True,2016
524,Outstanding Production Design For A Narrative Program (Half-Hour Or Less),False,2016
524,"Outstanding Technical Direction, Camerawork, Video Control For A Series",False,2016
524,Outstanding Guest Actor In A Comedy Series,False,2016
524,Outstanding Guest Actress In A Comedy Series,False,2016
524,Outstanding Cinematography For A Multi-Camera Series,False,2016
524,Outstanding Multi-Camera Picture Editing for a Comedy Series,True,2017
524,"Outstanding Technical Direction, Camerawork, Video Control for a Series",False,2017
524,Outstanding Production Design for a Narrative Program (Half Hour or Less),False,2017
524,Outstanding Multi-Camera Picture Editing For A Comedy Series,False,2018
524,Outstanding Directing For A Comedy Series,False,2018
524,"Outstanding Technical Direction, Camerawork, Video Control For A Series",False,2018
524,"Outstanding Technical Direction, Camerawork, Video Control For A Series",False,2019
524,Outstanding Multi-Camera Picture Editing For A Comedy Series,False,2019
524,Outstanding Directing For A Comedy Series,False,2019
525,Outstanding Special Visual Effects,False,2013
526,OUTSTANDING SOUND EDITING FOR A MINISERIES OR A SPECIAL,True,1997
526,OUTSTANDING MAKEUP FOR A MINISERIES OR A SPECIAL,True,1997
526,Outstanding Miniseries,False,1997
527,OUTSTANDING SOUND MIXING FOR A DRAMA MINISERIES or a special,True,1994
527,OUTSTANDING INDIVIDUAL ACHIEVEMENT IN MAKEUP for a miniseries or a special,True,1994
527,Outstanding Miniseries,False,1994
527,OUTSTANDING INDIVIDUAL ACHIEVEMENT IN MUSIC COMPOSITION for a miniseries or a special (dramatic unde,False,1994
527,OUTSTANDING INDIVIDUAL ACHIEVEMENT IN CINEMATOGRAPHY FOR A miniseries or a special,False,1994
527,OUTSTANDING INDIVIDUAL ACHIEVEMENT IN ART DIRECTION FOR A miniseries or a special,False,1994
528,OUTSTANDING ACHIEVEMENT IN COSTUMING FOR A MINISERIES or a special,False,1989
528,OUTSTANDING ART DIRECTION FOR A MINISERIES OR A SPECIAL,False,1989
528,OUTSTANDING ACHIEVEMENT IN HAIRSTYLING FOR A MINISERIES or a special,False,1989
529,Outstanding Nonfiction Series,False,2011
529,Outstanding Documentary Or Nonfiction Series,False,2014
530,Outstanding Reality Program,False,2010
530,Outstanding Reality Program,False,2011
530,Outstanding Reality Program,True,2012
530,Outstanding Reality Program,True,2013
530,Outstanding Structured Reality Program,False,2014
530,Outstanding Structured Reality Program,False,2015
530,Outstanding Structured Reality Program,False,2016
531,Outstanding Drama Series,True,1993
531,Outstanding Lead Actress In A Drama Series,True,1993
531,Outstanding Lead Actor In A Drama Series,True,1993
531,Outstanding Guest Actor In A Drama Series,False,1993
531,Outstanding Supporting Actor In A Drama Series,False,1993
531,OUTSTANDING INDIVIDUAL ACHIEVEMENT IN COSTUME DESIGN FOR A series,False,1993
531,OUTSTANDING INDIVIDUAL ACHIEVEMENT IN main title theme music,False,1993
531,Outstanding Supporting Actress In A Drama Series,True,1994
531,Outstanding Supporting Actor In A Drama Series,True,1994
531,OUTSTANDING INDIVIDUAL ACHIEVEMENT IN COSTUME DESIGN FOR A series,True,1994
531,Outstanding Guest Actor In A Drama Series,True,1994
531,Outstanding Drama Series,True,1994
531,Outstanding Guest Actress In A Drama Series,False,1994
531,Outstanding Lead Actor In A Drama Series,False,1994
531,Outstanding Lead Actress In A Drama Series,False,1994
531,OUTSTANDING INDIVIDUAL ACHIEVEMENT IN COSTUME DESIGN FOR A series,True,1995
531,Outstanding Lead Actress In A Drama Series,True,1995
531,Outstanding Supporting Actor In A Drama Series,True,1995
531,Outstanding Guest Actor In A Drama Series,True,1995
531,OUTSTANDING SUPPORTING ACTOR FOR A DRAMA SERIES,True,1996
531,OUTSTANDING LEAD ACTRESS FOR A DRAMA SERIES,True,1996
531,OUTSTANDING COSTUME DESIGN FOR A SERIES,False,1996
531,OUTSTANDING CASTING FOR A SERIES,False,1996
531,OUTSTANDING GUEST ACTRESS FOR A DRAMA SERIES,False,1996
532,OUTSTANDING ACHIEVEMENT IN MUSIC COMPOSITION for a limited series or a special (dramatic underscore),False,1983
532,OUTSTANDING ACHIEVEMENT IN MAKEUP,False,1983
532,OUTSTANDING ACHIEVEMENT IN MAKEUP,False,1985
532,Outstanding Special Visual Effects For A Series,False,2010
533,Outstanding Makeup For A Single-Camera Series (Non-Prosthetic),False,2009
533,"Outstanding Prosthetic Makeup For A Series, Miniseries, Movie Or A Special",False,2009
534,Outstanding Lead Actress In A Drama Series,True,2005
534,Outstanding Lead Actress In A Drama Series,False,2007
534,Outstanding Guest Actress In A Drama Series,False,2008
535,Outstanding Reality Program,False,2012
535,Outstanding Reality Program,False,2013
535,Outstanding Structured Reality Program,True,2014
535,Outstanding Structured Reality Program,True,2015
535,Outstanding Picture Editing For Reality Programming,False,2015
535,Outstanding Structured Reality Program,True,2016
535,Outstanding Picture Editing For A Structured Or Competition Reality Program,False,2016
535,Outstanding Structured Reality Program,True,2017
535,Outstanding Picture Editing for a Structured or Competition Reality Program,False,2017
535,Outstanding Structured Reality Program,False,2018
535,Outstanding Directing For A Reality Program,False,2018
535,Outstanding Directing For A Reality Program,False,2019
535,Outstanding Casting For A Reality Program,False,2019
535,Outstanding Structured Reality Program,False,2019
536,"Outstanding Costumes For A Miniseries, Movie Or A Special",False,2013
536,Outstanding Hairstyling For A Miniseries Or A Movie,False,2013
536,Outstanding Miniseries or Movie,False,2013
536,"Outstanding Directing For A Miniseries, Movie Or A Dramatic Special",False,2013
536,"Outstanding Writing for a Miniseries, Movie or a Dramatic Special",False,2013
536,Outstanding Lead Actor In A Miniseries Or A Movie,False,2013
536,Outstanding Lead Actress In A Miniseries Or A Movie,False,2013
536,Outstanding Art Direction For A Miniseries Or Movie,False,2013
536,Outstanding Sound Mixing For A Miniseries Or A Movie,False,2013
536,Outstanding Single-Camera Picture Editing For A Miniseries Or A Movie,False,2013
536,Outstanding Makeup For A Miniseries Or A Movie (Non-Prosthetic),False,2013
537,Outstanding Art Direction For A Single-Camera Series,False,2007
538,Outstanding Special Visual Effects In A Supporting Role,True,2018
538,Outstanding Period Costumes,False,2018
538,Outstanding Cinematography For A Limited Series Or Movie,False,2018
538,Outstanding Production Design For A Narrative Period Or Fantasy Program (One Hour Or More),False,2018
538,Outstanding Main Title Design,False,2018
538,Outstanding Limited Series,False,2018
539,Outstanding Creative Achievement In Interactive Media Within A Scripted Program,False,2018
540,Outstanding Sound Editing For A Series,False,2006
540,Outstanding Music Composition For A Series (Original Dramatic Score),False,2006
540,Outstanding Sound Editing For A Series,False,2008
541,Outstanding Animated Program,False,2012
541,Outstanding Animated Program,False,2013
541,Outstanding Animated Program,True,2014
541,Outstanding Animated Program,False,2015
541,Outstanding Character Voice-Over Performance,False,2015
541,Outstanding Animated Program,False,2016
541,Outstanding Animated Program,True,2017
541,Outstanding Character Voice-Over Performance,False,2017
541,Outstanding Animated Program,False,2018
541,Outstanding Animated Program,False,2019
542,Outstanding Music Composition For A Series (Original Dramatic Score),False,2010
543,Outstanding Supporting Actress In A Comedy Series,True,2008
543,Outstanding Lead Actress In A Comedy Series,False,2008
543,Outstanding Lead Actress In A Comedy Series,False,2009
544,Outstanding Sound Editing For A Series,True,2014
544,Outstanding Special And Visual Effects In A Supporting Role,True,2014
544,Outstanding Main Title Design,False,2014
544,Outstanding Original Main Title Theme Music,False,2014
544,Outstanding Sound Editing For A Series,False,2015
544,Outstanding Special Visual Effects,False,2015
544,Outstanding Sound Editing For A Series,True,2016
544,Outstanding Special Visual Effects,False,2016
544,Outstanding Special Visual Effects,False,2017
544,Outstanding Sound Editing for a Series,False,2017
545,OUTSTANDING INDIVIDUAL ACHIEVEMENT IN DIRECTING FOR A miniseries or a special,True,1994
546,Outstanding Art Direction For A Multi-Camera Series,False,2007
547,OUTSTANDING LIGHTING DIRECTION (ELECTRONIC) FOR A COMEDY SERIES,False,1996
548,Outstanding Original Main Title Theme Music,False,2006
549,Outstanding Stunt Coordination,False,2012
550,Outstanding Picture Editing For Variety Programming,False,2019
550,Outstanding Variety Sketch Series,False,2019
550,Outstanding Directing For A Variety Series,False,2019
551,Outstanding Lead Actress In A Comedy Series,False,2015
551,Outstanding Lead Actress In A Comedy Series,False,2016
551,"Outstanding Costumes For A Contemporary Series, Limited Series Or Movie",False,2016
551,"Outstanding Contemporary Costumes for a Series, Limited Series, or Movie",False,2017
551,Outstanding Production Design for a Narrative Program (Half Hour or Less),False,2017
551,Outstanding Lead Actress in a Comedy Series,False,2017
551,Outstanding Contemporary Costumes,False,2018
551,Outstanding Production Design For A Narrative Program (Half-Hour Or Less),False,2018
551,Outstanding Lead Actress In A Comedy Series,False,2018
551,Outstanding Contemporary Costumes,False,2019
552,Outstanding Stunt Coordination,False,2012
552,"Outstanding Stunt Coordination For A Drama Series, Miniseries Or Movie",False,2014
553,Outstanding Original Main Title Theme Music,False,2011
554,Outstanding Main Title Design,False,2007
554,Outstanding Sound Mixing For A Miniseries Or A Movie,False,2007
555,"Outstanding Costumes For A Miniseries, Movie Or A Special",False,2012
555,Outstanding Cinematography For A Miniseries Or Movie,False,2012
556,Outstanding Special Visual Effects For A Series,False,2010
556,Outstanding Special Visual Effects For A Series,False,2011
557,Outstanding Art Direction For A Single-Camera Series,False,2009
557,Outstanding Special Visual Effects in a Supporting Role,False,2012
558,Outstanding Sound Editing For A Series,False,1996
559,Outstanding Program Achievement in the Field of News,False,1963
560,Outstanding Voice-Over Performance,True,2000
560,OUTSTANDING ANIMATED PROGRAM (FOR PROGRAMMING ONE HOUR OR LESS),False,2000
560,OUTSTANDING MUSIC AND LYRICS,False,2000
560,OUTSTANDING MUSIC AND LYRICS,True,2002
560,Outstanding Animated Program (for programming less than one hour),False,2005
560,Outstanding Animated Program (for programming less than one hour),False,2006
560,Outstanding Original Music And Lyrics,False,2007
560,Outstanding Music Composition For A Series (Original Dramatic Score),False,2008
560,Outstanding Comedy Series,False,2009
560,Outstanding Voice-Over Performance,False,2009
560,Outstanding Individual Achievement In Animation,True,2010
560,Outstanding Original Music And Lyrics,False,2010
560,Outstanding Sound Mixing For A Comedy Or Drama Series (Half-Hour) And Animation,True,2011
560,Outstanding Original Music And Lyrics,False,2011
560,Outstanding Music Composition For A Series (Original Dramatic Score),False,2011
560,Outstanding Voice-Over Performance,False,2013
560,Outstanding Character Voice-Over Performance,False,2014
560,Outstanding Character Voice-Over Performance,False,2015
560,Outstanding Character Voice-Over Performance,True,2016
560,Outstanding Character Voice-Over Performance,True,2017
560,Outstanding Character Voice-Over Performance,True,2018
560,Outstanding Sound Mixing For A Comedy Or Drama Series (Half-Hour) And Animation,False,2018
560,Outstanding Character Voice-Over Performance,True,2019
561,Outstanding Reality Program,False,2012
561,Outstanding Structured Reality Program,False,2014
561,Outstanding Picture Editing For A Structured Or Competition Reality Program,True,2016
561,Outstanding Structured Reality Program,False,2017
561,Outstanding Structured Reality Program,False,2018
561,Outstanding Structured Reality Program,False,2019
562,Outstanding Costumes For A Variety Program Or A Special,True,2015
562,Outstanding Variety Sketch Series,False,2015
562,"Outstanding Production Design For A Variety, Nonfiction, Reality or Reality-Competition Series",False,2016
562,Outstanding Picture Editing For Variety Programming,False,2016
562,Outstanding Variety Sketch Series,False,2016
562,Outstanding Variety Sketch Series,False,2017
562,Outstanding Directing for a Variety Series,False,2017
562,"Outstanding Production Design for Variety, Nonfiction, Reality or Reality-Competition Programming",False,2017
562,Outstanding Picture Editing for Variety Programming,False,2017
562,Outstanding Picture Editing For Variety Programming,False,2018
562,Outstanding Variety Sketch Series,False,2018
562,Outstanding Variety Sketch Series,False,2019
562,Outstanding Directing For A Variety Series,False,2019
562,Outstanding Picture Editing For Variety Programming,False,2019
563,Outstanding Picture Editing For Nonfiction Programming (Single Or Multi-Camera),False,2004
563,Outstanding Cinematography For Nonfiction Programming (Single Or Multi-Camera),False,2004
563,Outstanding Reality-competition Program,False,2004
563,Outstanding Sound Editing For Nonfiction Programming (Single Or Multi-Camera),False,2004
563,Outstanding Picture Editing For Nonfiction Programming (Single Or Multi-Camera),False,2005
563,Outstanding Reality-competition Program,False,2005
563,Outstanding Directing For Nonfiction Programming,False,2005
563,Outstanding Cinematography For Nonfiction Programming - Multi-camera Productions,False,2006
564,Outstanding Stunt Coordination For A Comedy Series Or A Variety Program,False,2013
565,Outstanding Guest Actor In A Comedy Series,False,2000
566,Outstanding Lead Actress In A Comedy Series,False,1992
566,OUTSTANDING MAKEUP FOR A SERIES,False,1996
567,Outstanding Main Title Design,False,2012
567,Outstanding Original Main Title Theme Music,False,2014
568,Outstanding Lead Actress In A Limited Series Or Movie,False,2018
569,OUTSTANDING SPECIAL VISUAL EFFECTS FOR A MINISERIES OR A MOVIE,True,1998
569,"OUTSTANDING MAKEUP FOR A MINISERIES, MOVIE OR A SPECIAL",True,1998
569,OUTSTANDING COSTUME DESIGN FOR A MINISERIES OR A MOVIE,True,1998
569,OUTSTANDING ART DIRECTION FOR A MINISERIES OR A MOVIE,True,1998
569,OUTSTANDING LEAD ACTOR IN A MINISERIES OR SPECIAL,False,1998
569,OUTSTANDING DIRECTING FOR A MINISERIES OR A MOVIE,False,1998
569,OUTSTANDING CINEMATOGRAPHY FOR A MINISERIES OR A MOVIE,False,1998
569,Outstanding Miniseries,False,1998
569,"Outstanding Sound Editing For A Miniseries, Movie Or A Special",False,1998
569,Outstanding Single-Camera Picture Editing For A Miniseries Or A Movie,False,1998
569,OUTSTANDING MUSIC COMPOSITION FOR A MINISERIES OR A MOVIE (dramatic underscore),False,1998
569,OUTSTANDING CASTING FOR A MINISERIES OR A MOVIE,False,1998
569,Outstanding Supporting Actor In A Miniseries Or A Movie,False,1998
569,OUTSTANDING WRITING FOR A MINISERIES OR A MOVIE,False,1998
569,Outstanding Supporting Actress in a Miniseries or Movie,False,1998
570,Outstanding Original Music And Lyrics,False,2015
570,Outstanding Guest Actor In A Comedy Series,False,2015
571,Outstanding Music Composition For A Series (Original Dramatic Score),False,2018
571,"Outstanding Stunt Coordination For A Drama Series, Limited Series Or Movie",False,2019
572,Outstanding Original Main Title Theme Music,False,2018
572,Outstanding Hairstyling For A Limited Series Or Movie,False,2018
572,Outstanding Makeup For A Limited Series Or Movie (Non-Prosthetic),False,2018
573,Outstanding Lead Actor In A Comedy Series,False,2019
574,Outstanding Cinematography for a Multi-Camera Series,False,2017
574,Outstanding Cinematography For A Multi-Camera Series,False,2018
575,Outstanding Original Main Title Theme Music,False,2015
575,Outstanding Music Composition For A Series (Original Dramatic Score),False,2015
576,OUTSTANDING MUSIC COMPOSITION FOR A SERIES (DRAMATIC UNDERSCORE),False,2000
576,OUTSTANDING MAIN TITLE THEME MUSIC,False,2000
577,Outstanding Cinematography for a Multi-Camera Series,True,2017
577,Outstanding Cinematography For A Multi-Camera Series,False,2018
577,Outstanding Cinematography For A Multi-Camera Series,True,2019
578,Outstanding Sound Editing For A Comedy Or Drama Series (Half-Hour) And Animation,False,2018
579,Outstanding Interactive Program,False,2013
579,"Outstanding Costumes For A Miniseries, Movie Or A Special",False,2013
579,Outstanding Single-Camera Picture Editing For A Miniseries Or A Movie,False,2013
580,Outstanding Music Composition For A Series (Original Dramatic Score),False,2009
580,"Outstanding Prosthetic Makeup For A Series, Miniseries, Movie Or A Special",False,2010
580,Outstanding Makeup For A Single-Camera Series (Non-Prosthetic),False,2010
580,Outstanding Hairstyling For A Single-Camera Series,False,2010
581,Outstanding Lead Actress In A Drama Series,False,2006
582,Outstanding Sound Editing For A Series,False,1988
582,Outstanding Drama Series,False,1989
582,Outstanding Supporting Actor In A Drama Series,False,1989
582,Outstanding Lead Actor In A Drama Series,False,1989
582,Outstanding Sound Editing For A Series,False,1989
582,OUTSTANDING EDITING FOR A SERIES (single camera production),False,1989
583,Outstanding Guest Actor In A Drama Series,False,1990
583,OUTSTANDING INDIVIDUAL ACHIEVEMENT IN MAKEUP FOR A SERIES,False,1992
583,Outstanding Lead Actor In A Drama Series,False,1992
583,OUTSTANDING INDIVIDUAL ACHIEVEMENT IN COSTUME DESIGN FOR A series,False,1994
583,OUTSTANDING INDIVIDUAL ACHIEVEMENT IN MAKEUP FOR A SERIES,False,1994
583,Outstanding Guest Actor In A Drama Series,False,1994
583,OUTSTANDING INDIVIDUAL ACHIEVEMENT IN COSTUME DESIGN FOR A series,False,1995
584,Outstanding Special Visual Effects For A Series,False,2009
585,Outstanding Supporting Actor In A Limited Series Or Movie,False,2018
585,Outstanding Sound Mixing For A Limited Series Or Movie,False,2018
585,"Outstanding Sound Editing For A Limited Series, Movie Or Special",False,2018
586,Outstanding Special Visual Effects For A Series,False,2008
587,OUTSTANDING INDIVIDUAL ACHIEVEMENT IN special visual effects,True,1993
587,OUTSTANDING INDIVIDUAL ACHIEVEMENT IN MAKEUP FOR A SERIES,True,1994
587,OUTSTANDING INDIVIDUAL ACHIEVEMENT IN CINEMATOGRAPHY FOR A series,False,1995
587,OUTSTANDING INDIVIDUAL ACHIEVEMENT IN HAIRSTYLING FOR A series,False,1995
587,OUTSTANDING INDIVIDUAL ACHIEVEMENT IN MAKEUP FOR A SERIES,False,1995
587,OUTSTANDING CINEMATOGRAPHY FOR A SERIES,False,1996
587,OUTSTANDING MAKEUP FOR A SERIES,False,1997
587,OUTSTANDING MAKEUP FOR A SERIES,False,1998
588,"Outstanding Stunt Coordination For A Drama Series, Limited Series Or Movie",False,2018
589,Outstanding Cinematography For A Miniseries Or Movie,False,2014
589,Outstanding Sound Mixing For A Miniseries Or A Movie,False,2014
590,"Outstanding Directorial Achievement in Comedy, Variety or Music",False,1973
590,OUTSTANDING SINGLE PROGRAM-VARIETY AND POPULAR MUSIC,False,1973
590,Outstanding Original Music And Lyrics,False,2006
590,"Outstanding Costumes For A Miniseries, Movie Or A Special",False,2006
591,Outstanding Animated Program,False,2011
592,Outstanding Lead Actor In A Comedy Series,False,2006
593,"Outstanding Technical Direction, Camerawork, Video Control For A Limited Series, Movie Or A Special",False,2015
593,"Outstanding Production Design For Variety, Nonfiction, Reality or Reality-Competition Programming",False,2015
593,Outstanding Music Direction,False,2015
594,Outstanding Sound Editing For A Series,False,2000
595,Outstanding Cinematography For A Limited Series Or Movie,False,2015
595,Outstanding Hairstyling For A Limited Series Or A Movie,False,2015
595,Outstanding Makeup For A Limited Series Or A Movie (Non-Prosthetic),False,2015
596,Outstanding Guest Actress In A Drama Series,False,2003
597,OUTSTANDING MUSIC COMPOSITION FOR A SERIES (DRAMATIC UNDERSCORE),True,1997
597,OUTSTANDING MAIN TITLE THEME MUSIC,False,1997
597,Outstanding Sound Editing For A Series,False,1997
597,"Outstanding Prosthetic Makeup For A Series, Miniseries, Movie Or A Special",False,2011
598,"Outstanding Sound Editing For A Miniseries, Movie Or A Special",True,2012
598,"Outstanding Music Composition For A Miniseries, Movie Or A Special (Original Dramatic Score)",True,2012
598,Outstanding Single-Camera Picture Editing For A Miniseries Or A Movie,False,2012
598,Outstanding Special Visual Effects in a Supporting Role,False,2012
598,Outstanding Sound Mixing For A Miniseries Or A Movie,False,2012
598,Outstanding Lead Actor In A Miniseries Or A Movie,False,2012
598,Outstanding Lead Actress In A Miniseries Or A Movie,False,2012
598,Outstanding Miniseries or Movie,False,2012
598,"Outstanding Directing For A Miniseries, Movie Or A Dramatic Special",False,2012
598,Outstanding Supporting Actor In A Miniseries Or A Movie,False,2012
598,Outstanding Makeup For A Miniseries Or A Movie (Non-Prosthetic),False,2012
598,Outstanding Hairstyling For A Miniseries Or A Movie,False,2012
598,"Outstanding Costumes For A Miniseries, Movie Or A Special",False,2012
598,Outstanding Art Direction For A Miniseries Or Movie,False,2012
598,Outstanding Cinematography For A Miniseries Or Movie,False,2012
599,Outstanding Guest Actress In A Drama Series,False,2001
600,Outstanding Lead Actress In A Miniseries Or A Movie,False,2009
600,Outstanding Made For Television Movie,False,2009
601,OUTSTANDING INDIVIDUAL ACHIEVEMENT IN CINEMATOGRAPHY FOR A miniseries or a special,False,1992
602,"Outstanding Music Composition For A Miniseries, Movie Or A Special (Original Dramatic Score)",False,2006
602,Outstanding Supporting Actor In A Miniseries Or A Movie,False,2006
602,Outstanding Lead Actor In A Miniseries Or A Movie,False,2006
603,Outstanding Art Direction For A Miniseries Or Movie,False,2013
603,"Outstanding Sound Editing For A Miniseries, Movie Or A Special",False,2013
604,Outstanding Hairstyling For A Multi-Camera Series Or Special,False,2011
604,Outstanding Makeup For A Multi-Camera Series Or Special (Non-Prosthetic),False,2011
604,"Outstanding Variety, Music Or Comedy Special",False,2011
605,Outstanding Hairstyling For A Miniseries Or A Movie,False,2014
605,"Outstanding Sound Editing For A Miniseries, Movie Or A Special",False,2014
605,Outstanding Makeup For A Miniseries Or A Movie (Non-Prosthetic),False,2014
605,Outstanding Miniseries,False,2014
606,Outstanding Original Main Title Theme Music,False,2018
607,Outstanding Makeup For A Miniseries Or A Movie (Non-Prosthetic),True,2008
607,Outstanding Miniseries,False,2008
607,Outstanding Hairstyling For A Miniseries Or A Movie,False,2008
607,"Outstanding Art Direction For A Miniseries, Or Movie",False,2008
607,"Outstanding Costumes For A Miniseries, Movie Or A Special",False,2008
607,Outstanding Single-Camera Picture Editing For A Miniseries Or A Movie,False,2008
607,"Outstanding Special Visual Effects For A Miniseries, Movie Or A Special",False,2008
607,Outstanding Sound Mixing For A Miniseries Or A Movie,False,2008
607,"Outstanding Sound Editing For A Miniseries, Movie Or A Special",False,2008
608,Outstanding Original Main Title Theme Music,False,2008
609,OUTSTANDING COSTUME DESIGN FOR A SERIES,False,1983
610,OUTSTANDING LEAD ACTOR FOR A COMEDY SERIES,True,1996
610,Outstanding Hairstyling For A Series,False,1996
610,Outstanding Directing For A Comedy Series,False,1996
610,OUTSTANDING SOUND MIXING FOR A COMEDY SERIES OR A SPECIAL,True,1997
610,OUTSTANDING COSTUME DESIGN FOR A SERIES,True,1997
610,Outstanding Lead Actor In A Comedy Series,True,1997
610,Outstanding Supporting Actress In A Comedy Series,True,1997
610,Outstanding Choreography,True,1997
610,Outstanding Comedy Series,False,1997
610,Outstanding Hairstyling For A Series,False,1997
610,Outstanding Special Visual Effects,False,1997
610,OUTSTANDING COSTUME DESIGN FOR A SERIES,False,1998
610,Outstanding Guest Actress In A Comedy Series,False,1998
610,Outstanding Supporting Actress In A Comedy Series,False,1998
610,Outstanding Lead Actor In A Comedy Series,False,1998
610,Outstanding Guest Actor In A Comedy Series,False,1998
610,Outstanding Comedy Series,False,1998
610,Outstanding Directing For A Comedy Series,False,1998
610,OUTSTANDING SOUND MIXING FOR A COMEDY SERIES OR A SPECIAL,False,1998
610,Outstanding Lead Actor In A Comedy Series,True,1999
610,Outstanding Supporting Actress In A Comedy Series,True,1999
610,OUTSTANDING SOUND MIXING FOR A COMEDY SERIES OR A SPECIAL,False,1999
610,Outstanding Multi-camera Picture Editing For A Series,False,1999
610,Outstanding Guest Actor In A Comedy Series,False,1999
610,Outstanding Guest Actress In A Comedy Series,False,1999
610,Outstanding Lead Actor In A Comedy Series,False,2000
610,Outstanding Art Direction For A Multi-Camera Series,False,2000
610,Outstanding Cinematography For A Multi-camera Series,False,2000
610,OUTSTANDING SOUND MIXING FOR A COMEDY SERIES OR A SPECIAL,False,2000
610,Outstanding Lead Actor In A Comedy Series,False,2001
611,Outstanding Cinematography For A Multi-camera Series,True,2004
611,Outstanding Lead Actor In A Comedy Series,False,2004
612,Outstanding Guest Actor In A Drama Series,False,1995
613,Outstanding Supporting Actress In A Miniseries Or A Movie,False,2001
613,"Outstanding Music Composition For A Miniseries, Movie Or A Special (Dramatic Underscore)",False,2001
613,"Outstanding Special Visual Effects For A Miniseries, Movie Or A Special",False,2001
614,Outstanding Music Composition For A Series (Original Dramatic Score),True,2009
614,Outstanding Original Main Title Theme Music,False,2010
615,Outstanding Television Movie,False,2015
616,BEST KINESCOPE SHOW,False,1950
617,Outstanding Stunt Coordination,False,2006
618,Outstanding Lead Actress In A Comedy Series,False,2006
619,"Outstanding Technical Direction, Camerawork, Video Control For A Miniseries, Movie Or A Special",True,2014
619,Outstanding Directing For A Variety Special,False,2014
619,Outstanding Special Class Program,False,2014
619,Outstanding Music Direction,False,2014
620,Outstanding Hairstyling For A Single-Camera Series,False,2014
621,Outstanding Single-Camera Picture Editing For A Miniseries Or A Movie,True,2007
621,"Outstanding Music Composition For A Miniseries, Movie Or A Special (Original Dramatic Score)",False,2007
621,Outstanding Main Title Design,False,2007
621,"Outstanding Casting For A Miniseries, Movie Or A Special",False,2007
621,Outstanding Cinematography For A Miniseries Or Movie,False,2007
621,"Outstanding Special Visual Effects For A Miniseries, Movie Or A Special",False,2007
621,"Outstanding Sound Editing For A Miniseries, Movie Or A Special",False,2007
622,BEST TELEPLAY WRITING-HALF HOUR OR LESS,False,1957
623,"Outstanding Special Visual Effects For A Miniseries, Movie Or A Special",False,2007
624,Outstanding Main Title Design,False,2019
625,"Outstanding Sound Editing For A Limited Series, Movie Or A Special",False,2015
625,Outstanding Sound Mixing For A Limited Series Or A Movie,False,2015
625,Outstanding Original Main Title Theme Music,False,2015
626,"Outstanding Art Direction For A Variety, Music Or Nonfiction Programming",False,2007
626,"Outstanding Art Direction For A Variety, Music Or Nonfiction Programming",False,2008
626,Outstanding Art Direction For A Multi-Camera Series,False,2009
626,Outstanding Art Direction For A Multi-Camera Series,False,2010
626,Outstanding Art Direction For A Multi-Camera Series,False,2012
627,Outstanding Lead Actress In A Drama Series,True,2007
627,Outstanding Casting For A Drama Series,False,2007
627,Outstanding Supporting Actress In A Drama Series,False,2007
627,Outstanding Casting For A Drama Series,False,2008
627,Outstanding Lead Actress In A Drama Series,False,2008
627,Outstanding Supporting Actress In A Drama Series,False,2008
627,Television Academy Honors,True,2009
627,Outstanding Lead Actress In A Drama Series,False,2009
627,Outstanding Guest Actor In A Drama Series,False,2011
628,Television Academy Honors,True,2019
629,Outstanding Commercial,True,2009
630,"Outstanding Hairstyling For A Miniseries, Movie Or A Special",True,1999
630,"Outstanding Sound Editing For A Miniseries, Movie Or A Special",False,1999
630,"OUTSTANDING MAKEUP FOR A MINISERIES, MOVIE OR A SPECIAL",False,1999
630,"Outstanding Sound Editing For A Limited Series, Movie Or A Special",True,2015
630,"Outstanding Directing For A Limited Series, Movie Or A Dramatic Special",False,2015
630,Outstanding Cinematography For A Limited Series Or Movie,False,2015
630,Outstanding Single-Camera Picture Editing For A Limited Series Or A Movie,False,2015
630,Outstanding Sound Mixing For A Limited Series Or A Movie,False,2015
630,Outstanding Makeup For A Limited Series Or A Movie (Non-Prosthetic),False,2015
630,Outstanding Lead Actor In A Limited Series Or A Movie,False,2015
631,OUTSTANDING SOUND MIXING FOR A DRAMA MINISERIES or a special,True,1997
631,OUTSTANDING COSTUME DESIGN FOR A MINISERIES OR A SPECIAL,False,1997
632,OUTSTANDING INDIVIDUAL ACHIEVEMENT IN main title theme music,True,1994
632,OUTSTANDING INDIVIDUAL ACHIEVEMENT IN MUSIC COMPOSITION for a series (dramatic underscore),False,1994
632,OUTSTANDING INDIVIDUAL ACHIEVEMENT IN CINEMATOGRAPHY FOR A series,False,1994
632,OUTSTANDING INDIVIDUAL ACHIEVEMENT IN MUSIC COMPOSITION for a series (dramatic underscore),True,1995
633,Outstanding Guest Actor In A Drama Series,False,2005
633,Outstanding Stunt Coordination,False,2008
633,"Outstanding Stunt Coordination For A Drama Series, Miniseries Or Movie",False,2013
634,Outstanding Special Visual Effects,False,1996
635,Outstanding Sound Editing For A Series,True,1988
635,OUTSTANDING ACHIEVEMENT IN MAKEUP FOR A SERIES,True,1988
635,OUTSTANDING ACHIEVEMENT IN COSTUMING FOR A SERIES,True,1988
635,OUTSTANDING SOUND MIXING FOR A DRAMA SERIES,False,1988
635,OUTSTANDING CINEMATOGRAPHY FOR A SERIES,False,1988
635,OUTSTANDING ACHIEVEMENT IN HAIRSTYLING FOR A SERIES,False,1988
635,Outstanding Sound Editing For A Series,True,1989
635,OUTSTANDING SOUND MIXING FOR A DRAMA SERIES,True,1989
635,OUTSTANDING ART DIRECTION FOR A SERIES,False,1989
635,outstanding achievement in SPECIAL VISUAL EFFECTS,False,1989
635,OUTSTANDING ACHIEVEMENT IN MUSIC COMPOSITION FOR A SERIES (dramatic underscore),False,1989
635,OUTSTANDING ACHIEVEMENT IN MAKEUP FOR A SERIES,False,1989
635,OUTSTANDING ACHIEVEMENT IN HAIRSTYLING FOR A SERIES,False,1989
635,OUTSTANDING ACHIEVEMENT IN COSTUMING FOR A SERIES,False,1989
635,OUTSTANDING SOUND MIXING FOR A DRAMA SERIES,True,1991
635,Outstanding Sound Editing For A Series,True,1991
635,outstanding achievement in SPECIAL VISUAL EFFECTS,False,1991
635,OUTSTANDING ACHIEVEMENT IN MUSIC COMPOSITION FOR A SERIES (dramatic underscore),False,1991
635,OUTSTANDING ACHIEVEMENT IN MAKEUP FOR A SERIES,False,1991
635,OUTSTANDING ART DIRECTION FOR A SERIES,False,1991
635,OUTSTANDING ACHIEVEMENT IN COSTUMING FOR A SERIES,False,1991
635,OUTSTANDING CINEMATOGRAPHY FOR A SERIES,False,1991
635,OUTSTANDING INDIVIDUAL ACHIEVEMENT IN special visual effects,True,1992
635,OUTSTANDING INDIVIDUAL ACHIEVEMENT IN MAKEUP FOR A SERIES,True,1992
635,OUTSTANDING INDIVIDUAL ACHIEVEMENT IN COSTUME DESIGN FOR A series,True,1992
635,OUTSTANDING INDIVIDUAL ACHIEVEMENT IN ART DIRECTION FOR A series,False,1992
635,OUTSTANDING Individual achievement in SOUND MIXING FOR A DRAMA SERIES,False,1992
635,OUTSTANDING individual achievement in SOUND EDITING FOR A SERIES,False,1992
635,OUTSTANDING INDIVIDUAL ACHIEVEMENT IN MUSIC COMPOSITION for a series (dramatic underscore),False,1992
635,OUTSTANDING INDIVIDUAL ACHIEVEMENT IN HAIRSTYLING FOR A series,False,1992
635,OUTSTANDING INDIVIDUAL ACHIEVEMENT IN HAIRSTYLING FOR A series,True,1993
635,OUTSTANDING Individual achievement in SOUND MIXING FOR A DRAMA SERIES,True,1993
635,OUTSTANDING individual achievement in SOUND EDITING FOR A SERIES,False,1993
635,OUTSTANDING INDIVIDUAL ACHIEVEMENT IN COSTUME DESIGN FOR A series,False,1993
635,OUTSTANDING INDIVIDUAL ACHIEVEMENT IN MAKEUP FOR A SERIES,False,1993
635,OUTSTANDING Individual achievement in SOUND MIXING FOR A DRAMA SERIES,True,1994
635,OUTSTANDING INDIVIDUAL ACHIEVEMENT IN special visual effects,True,1994
635,OUTSTANDING INDIVIDUAL ACHIEVEMENT IN EDITING FOR A series - single-camera production,False,1994
635,OUTSTANDING INDIVIDUAL ACHIEVEMENT IN COSTUME DESIGN FOR A series,False,1994
635,OUTSTANDING INDIVIDUAL ACHIEVEMENT IN HAIRSTYLING FOR A series,False,1994
635,OUTSTANDING individual achievement in SOUND EDITING FOR A SERIES,False,1994
635,OUTSTANDING INDIVIDUAL ACHIEVEMENT IN MUSIC COMPOSITION for a series (dramatic underscore),False,1994
635,OUTSTANDING INDIVIDUAL ACHIEVEMENT IN MAKEUP FOR A SERIES,False,1994
635,OUTSTANDING INDIVIDUAL ACHIEVEMENT IN ART DIRECTION FOR A series,False,1994
635,Outstanding Drama Series,False,1994
636,Outstanding Television Movie,False,2017
637,Outstanding Main Title Design,False,2002
637,OUTSTANDING MAIN TITLE THEME MUSIC,False,2002
638,Outstanding Sound Mixing For A Miniseries Or A Movie,True,2011
638,Outstanding Hairstyling For A Miniseries Or A Movie,True,2011
638,Outstanding Makeup For A Miniseries Or A Movie (Non-Prosthetic),True,2011
638,Outstanding Lead Actor In A Miniseries Or A Movie,True,2011
638,Outstanding Original Main Title Theme Music,False,2011
638,Outstanding Art Direction For A Miniseries Or Movie,False,2011
638,Outstanding Cinematography For A Miniseries Or Movie,False,2011
638,Outstanding Miniseries or Movie,False,2011
638,Outstanding Supporting Actor In A Miniseries Or A Movie,False,2011
639,OUTSTANDING individual achievement in SOUND EDITING FOR A SERIES,False,1994
640,Outstanding Cinematography For A Multi-Camera Series,False,2015
641,Outstanding Cinematography For A Multi-camera Series,False,2013
641,Outstanding Cinematography For A Multi-camera Series,False,2014
642,OUTSTANDING MUSIC COMPOSITION FOR A SERIES (DRAMATIC UNDERSCORE),False,1998
642,Outstanding Special Visual Effects For A Series,False,1998
642,Outstanding Special Visual Effects For A Series,False,2000
642,Outstanding Special Visual Effects For A Series,False,2001
642,Outstanding Special Visual Effects For A Series,False,2002
642,Outstanding Special Visual Effects For A Series,False,2004
643,OUTSTANDING TECHNICAL DIRECTION/CAMERA/VIDEO FOR A SERIES,False,1992
643,OUTSTANDING TECHNICAL DIRECTION/CAMERA/VIDEO FOR A SERIES,False,1993
643,Outstanding Individual Performance In A Variety Or Music Program,False,1993
643,"Outstanding Variety, Music Or Comedy Series",False,1993
643,OUTSTANDING TECHNICAL DIRECTION/CAMERA/VIDEO FOR A SERIES,False,1994
643,OUTSTANDING INDIVIDUAL ACHIEVEMENT IN DIRECTING IN A variety or music program,False,1994
643,"Outstanding Variety, Music Or Comedy Series",False,1994
643,"Outstanding Variety, Music Or Comedy Series",True,1995
643,OUTSTANDING INDIVIDUAL ACHIEVEMENT IN DIRECTING IN A variety or music program,False,1995
643,OUTSTANDING TECHNICAL DIRECTION/CAMERA/VIDEO FOR A SERIES,False,1995
643,OUTSTANDING TECHNICAL DIRECTION/CAMERA/VIDEO FOR A SERIES,True,1996
643,OUTSTANDING DIRECTING in A VARIETY OR MUSIC PROGRAM,False,1996
643,OUTSTANDING ART DIRECTION FOR A VARIETY OR MUSIC PROGRAM,False,1996
643,"Outstanding Variety, Music Or Comedy Series",False,1996
643,OUTSTANDING TECHNICAL DIRECTION/CAMERA/VIDEO FOR A SERIES,True,1997
643,"OUTSTANDING LIGHTING DIRECTION (ELECTRONIC) FOR A DRAMA SERIES, VARIETY SERIES, MINISERIES OR A SPEC",False,1997
643,OUTSTANDING DIRECTING FOR A VARIETY OR MUSIC PROGRAM,False,1997
643,"Outstanding Variety, Music Or Comedy Series",False,1997
643,OUTSTANDING PERFORMANCE IN A VARIETY OR MUSIC PROGRAM,False,1998
643,"Outstanding Variety, Music Or Comedy Series",False,1998
643,OUTSTANDING TECHNICAL DIRECTION/CAMERA/VIDEO FOR A SERIES,False,1998
643,OUTSTANDING TECHNICAL DIRECTION/CAMERA/VIDEO FOR A SERIES,True,1999
643,"Outstanding Variety, Music Or Comedy Series",False,1999
643,OUTSTANDING DIRECTING FOR A VARIETY OR MUSIC PROGRAM,False,1999
643,"Outstanding Variety, Music Or Comedy Series",False,2000
643,"Outstanding Technical Direction, Camerawork, Video For A Series",False,2000
643,OUTSTANDING DIRECTING FOR A VARIETY OR MUSIC PROGRAM,False,2000
643,OUTSTANDING LIGHTING DIRECTION (ELECTRONIC),False,2000
643,"Outstanding Lighting Direction (Electronic, Multicamera)  For VMC Programming",False,2001
643,"Outstanding Sound Mixing For A Variety Or Music Series Or Special (Area: Possibility of one, more th",False,2001
643,"Outstanding Technical Direction, Camerawork, Video For A Series",False,2001
643,Outstanding Sound Mixing For A Variety Or Music Series Or Special,False,2002
643,"Outstanding Technical Direction, Camerawork, Video For A Series",False,2002
643,"Outstanding Variety, Music Or Comedy Series",False,2002
643,"Outstanding Technical Direction, Camerawork, Video For A Series",False,2003
643,Outstanding Sound Mixing For A Variety Or Music Series Or Special,False,2003
643,"Outstanding Variety, Music Or Comedy Series",False,2003
643,"Outstanding Technical Direction, Camerawork, Video For A Series",False,2004
643,Outstanding Sound Mixing For A Variety Or Music Series Or Special,False,2004
643,Outstanding Individual Performance In A Variety Or Music Program,False,2005
644,Outstanding Host For A Reality Or Reality - Competition Program,False,2008
645,Outstanding Short Form Picture Editing,True,2010
645,Outstanding Creative Achievement in Interactive Media,False,2011
645,"Outstanding Writing For A Variety, Music Or Comedy Series",False,2011
645,"Outstanding Variety, Music Or Comedy Series",False,2011
645,Outstanding Variety Series,False,2012
645,Outstanding Variety Series,False,2013
646,OUTSTANDING COSTUME DESIGN FOR A SERIES,True,1998
646,OUTSTANDING COSTUME DESIGN FOR A SERIES,False,1999
647,Outstanding Guest Actor In A Drama Series,True,2011
647,Outstanding Lead Actress In A Drama Series,False,2011
647,Television Academy Honors,True,2012
647,Outstanding Lead Actress In A Drama Series,False,2012
647,Outstanding Guest Actress In A Drama Series,False,2012
648,Outstanding Cinematography For A Multi-camera Series,False,2011
649,Outstanding Unstructured Reality Program,False,2014
649,Outstanding Unstructured Reality Program,False,2015
650,Outstanding Cinematography For A Half-Hour Series,False,2010
651,Outstanding Cinematography For A Limited Series Or Movie,False,2018
651,Outstanding Fantasy/Sci-Fi Costumes,False,2018
651,Outstanding Sound Mixing For A Limited Series Or Movie,False,2018
651,Outstanding Television Movie,False,2018
651,"Outstanding Sound Editing For A Limited Series, Movie Or Special",False,2018
652,Outstanding Stunt Coordination,False,2008
652,Outstanding Stunt Coordination,False,2009
652,Outstanding Stunt Coordination,False,2012
653,"Outstanding Sound Editing For A Miniseries, Movie Or A Special",False,2006
653,"Outstanding Art Direction For A Miniseries, Or Movie",False,2006
654,Outstanding Original Main Title Theme Music,False,2015
655,OUTSTANDING individual achievement in SOUND EDITING FOR A SERIES,False,1994
656,Outstanding Cinematography For A Miniseries Or Movie,False,2010
656,Outstanding Lead Actor In A Miniseries Or A Movie,False,2010
657,Outstanding Cinematography For A Multi-camera Series,False,2004
657,Outstanding Art Direction For A Multi-Camera Series,True,2005
658,Outstanding Miniseries or Movie,False,2013
658,Outstanding Sound Mixing For A Miniseries Or A Movie,False,2013
658,"Outstanding Sound Editing For A Miniseries, Movie Or A Special",False,2013
659,"Outstanding Prosthetic Makeup For A Series, Miniseries, Movie Or A Special",False,2014
659,Outstanding Makeup For A Miniseries Or A Movie (Non-Prosthetic),False,2014
660,Outstanding Special Visual Effects,False,2013
660,Outstanding Original Main Title Theme Music,False,2013
661,OUTSTANDING LEAD ACTOR FOR A SINGLE APPEARANCE IN A drama or comedy series,False,1978
661,OUTSTANDING FILM EDITING IN A COMEDY SERIES,False,1978
661,OUTSTANDING CINEMATOGRAPHY IN ENTERTAINMENT PROGRAMMING for a series,False,1978
661,OUTSTANDING ART DIRECTION FOR A COMEDY SERIES,False,1978
661,OUTSTANDING DIRECTING IN A COMEDY SERIES,False,1983
662,OUTSTANDING INDIVIDUAL ACHIEVEMENT IN GRAPHIC DESIGN AND title sequences,False,1994
663,Outstanding Animated Program (for programming less than one hour),False,2009
663,Outstanding Animated Program,False,2012
663,Outstanding Character Voice-Over Performance,False,2017
663,Outstanding Character Voice-Over Performance,False,2018
664,Outstanding Original Music And Lyrics,False,2013
665,Outstanding Guest Actress In A Drama Series,False,2010
666,Outstanding Miniseries,False,2008
666,Outstanding Makeup For A Miniseries Or A Movie (Non-Prosthetic),False,2008
666,"Outstanding Art Direction For A Miniseries, Or Movie",False,2008
666,Outstanding Cinematography For A Miniseries Or Movie,False,2008
666,Outstanding Single-Camera Picture Editing For A Miniseries Or A Movie,False,2008
666,Outstanding Sound Mixing For A Miniseries Or A Movie,False,2008
666,"Outstanding Sound Editing For A Miniseries, Movie Or A Special",False,2008
667,Outstanding Cinematography For A Multi-camera Series,False,2003
668,Outstanding Stunt Coordination,True,2006
669,Outstanding Special Visual Effects For A Series,False,2006
670,Outstanding Original Music And Lyrics,False,2013
670,Outstanding Lead Actress In A Drama Series,False,2013
671,Outstanding Single-Camera Picture Editing For A Miniseries Or A Movie,False,2006
671,Outstanding Single-Camera Sound Mixing For A Miniseries Or A Movie,False,2006
671,"Outstanding Makeup For A Miniseries, Movie Or A Special (non-prosthetic)",False,2006
672,Outstanding Main Title Design,False,2007
673,Outstanding Special Visual Effects,False,2019
674,"Outstanding Costumes For Variety, Nonfiction Or Reality Programming",False,2019
675,Outstanding Children's Program,False,2018
676,"Outstanding Special Visual Effects For A Miniseries, Movie Or A Special",True,2002
676,Outstanding Miniseries,False,2002
676,"Outstanding Makeup For  A Miniseries, Movie Or A Special (Non-Prosthetic)",False,2002
676,"OUTSTANDING ART DIRECTION FOR A MINISERIES, MOVIE OR A SPECIAL",False,2002
676,"Outstanding Costumes For A Miniseries, Movie Or A Special",False,2002
676,"Outstanding Hairstyling For A Miniseries, Movie Or A Special",False,2002
677,Outstanding Supporting Actress In A Comedy Series,False,1996
678,Outstanding Choreography,True,2007
678,Outstanding Choreography,True,2008
678,Outstanding Makeup For A Multi-camera Series Or A Special (non-prosthetic),False,2008
678,Outstanding Choreography,True,2009
678,"Outstanding Costumes For A Variety, Music Program Or A Special",True,2009
678,Outstanding Makeup For A Multi-Camera Series Or Special (Non-Prosthetic),False,2009
678,Outstanding Choreography,True,2010
678,"Outstanding Costumes For A Variety, Music Program Or A Special",True,2010
678,Outstanding Makeup For A Multi-Camera Series Or Special (Non-Prosthetic),False,2010
678,"Outstanding Lighting Design | Lighting Direction For A Variety, Music, Or Comedy Series",True,2011
678,Outstanding Choreography,True,2011
678,Outstanding Reality - Competition Program,False,2011
678,Outstanding Host For A Reality Or Reality-Competition Program,False,2011
678,Outstanding Lighting Design | Lighting Direction For A Variety Series,True,2012
678,Outstanding Reality - Competition Program,False,2012
678,Outstanding Host For A Reality Or Reality-Competition Program,False,2012
678,Outstanding Choreography,False,2012
678,Outstanding Choreography,False,2013
678,Outstanding Reality - Competition Program,False,2013
678,Outstanding Host For A Reality Or Reality-Competition Program,False,2013
678,Outstanding Lighting Design | Lighting Direction For A Variety Series,False,2013
678,Outstanding Choreography,True,2014
678,Outstanding Host For A Reality Or Reality-Competition Program,False,2014
678,Outstanding Reality-competition Program,False,2014
678,Outstanding Makeup For A Multi-Camera Series Or Special (Non-Prosthetic),False,2014
678,Outstanding Choreography,True,2015
678,Outstanding Reality-Competition Program,False,2015
678,Outstanding Hairstyling For A Multi-Camera Series Or Special,False,2015
678,Outstanding Host For A Reality Or Reality-Competition Program,False,2015
678,Outstanding Makeup For A Multi-Camera Series Or Special (Non-Prosthetic),False,2015
678,Outstanding Lighting Design | Lighting Direction For A Variety Series,False,2015
678,Outstanding Lighting Design / Lighting Direction For A Variety Series,False,2016
678,Outstanding Choreography,False,2016
678,Outstanding Choreography,True,2017
678,Outstanding Lighting Design/Lighting Direction for a Variety Series,False,2017
678,Outstanding Choreography,True,2018
678,Outstanding Lighting Design/Lighting Direction For A Variety Series,False,2018
678,Outstanding Makeup For A Multi-Camera Series Or Special (Non-Prosthetic),False,2019
678,Outstanding Lighting Design/Lighting Direction For A Variety Series,False,2019
678,Outstanding Choreography For Variety Or Reality Programming,False,2019
679,OUTSTANDING CONTINUING PERFORMANCE BY A SUPPORTING ACTOR in a drama series,False,1977
679,OUTSTANDING ACHIEVEMENT IN FILM SOUND EDITING for a series,False,1977
679,Outstanding Lead Actress In A Drama Series,False,1977
680,Outstanding Main Title Design,False,2006
680,Outstanding Music Composition For A Series (Original Dramatic Score),False,2007
680,Outstanding Music Composition For A Series (Original Dramatic Score),False,2009
680,Outstanding Special Visual Effects For A Series,False,2009
681,Outstanding Cinematography For A Multi-camera Series,False,2007
681,Outstanding Art Direction For A Multi-Camera Series,False,2010
681,Outstanding Art Direction For A Multi-Camera Series,False,2011
681,Outstanding Cinematography For A Multi-camera Series,False,2011
682,Outstanding Hairstyling For A Miniseries Or A Movie,False,2013
682,Outstanding Makeup For A Miniseries Or A Movie (Non-Prosthetic),False,2013
683,OUTSTANDING FILM SOUND EDITING FOR A SERIES,False,1983
684,"Outstanding Sound Editing For A Miniseries, Movie Or A Special",False,2006
685,"Outstanding Directing For A Miniseries, Movie Or A Dramatic Special",False,2007
685,Outstanding Supporting Actress In A Miniseries Or A Movie,False,2007
685,"Outstanding Sound Editing For A Miniseries, Movie Or A Special",False,2007
686,OUTSTANDING WRITING IN A COMEDY-VARIETY OR MUSIC SERIES,False,1977
686,OUTSTANDING CONTINUING OR SINGLE PERFORMANCE BY A supporting actor in variety or music,False,1977
686,OUTSTANDING CONTINUING OR SINGLE PERFORMANCE BY A supporting actress in variety or music,True,1978
686,OUTSTANDING DIRECTING IN A COMEDY-VARIETY OR MUSIC SERIES,False,1978
686,OUTSTANDING CONTINUING OR SINGLE PERFORMANCE BY A supporting actor in variety or music,False,1978
686,OUTSTANDING COMEDY-VARIETY OR MUSIC SERIES,False,1978
686,OUTSTANDING ART DIRECTION FOR A COMEDY-VARIETY or music series,False,1978
686,OUTSTANDING WRITING IN A COMEDY-VARIETY OR MUSIC SERIES,False,1978
686,OUTSTANDING ACHIEVEMENT IN TECHNICAL DIRECTION AND electronic camerawork,False,1979
686,OUTSTANDING COMEDY-VARIETY OR MUSIC PROGRAM,False,1979
686,OUTSTANDING WRITING IN A COMEDY OR COMEDY-VARIETY or music series,False,1979
686,OUTSTANDING TECHNICAL DIRECTION AND ELECTRONIC camerawork for a series,True,1983
686,"OUTSTANDING SUPPORTING ACTOR IN A COMEDY, variety or music series",False,1983
686,OUTSTANDING WRITING IN A VARIETY OR MUSIC PROGRAM,False,1984
686,Outstanding Individual Performance In A Variety Or Music Program,False,1984
686,OUTSTANDING GRAPHIC AND TITLE DESIGN,True,1985
686,Outstanding Individual Performance In A Variety Or Music Program,False,1985
686,Outstanding Individual Performance In A Variety Or Music Program,False,1986
686,OUTSTANDING WRITING IN A VARIETY OR MUSIC PROGRAM,False,1987
686,Outstanding Individual Performance In A Variety Or Music Program,False,1987
686,OUTSTANDING WRITING IN A VARIETY OR MUSIC PROGRAM,True,1989
686,"OUTSTANDING VARIETY, MUSIC OR COMEDY PROGRAM",False,1989
686,Outstanding Individual Performance In A Variety Or Music Program,False,1989
686,Outstanding Individual Performance In A Variety Or Music Program,False,1991
686,OUTSTANDING WRITING IN A VARIETY OR MUSIC PROGRAM,False,1991
686,Outstanding Individual Performance In A Variety Or Music Program,False,1992
686,OUTSTANDING individual achievement in WRITING IN A VARIETY OR MUSIC PROGRAM,False,1992
686,"Outstanding Variety, Music Or Comedy Series",True,1993
686,Outstanding Individual Performance In A Variety Or Music Program,True,1993
686,OUTSTANDING individual achievement in WRITING IN A VARIETY OR MUSIC PROGRAM,False,1993
686,OUTSTANDING Individual Achievement in SOUND MIXING FOR A VARIETY OR MUSIC SERIES OR a special,False,1993
686,OUTSTANDING INDIVIDUAL ACHIEVEMENT IN MAKEUP FOR A SERIES,False,1993
686,OUTSTANDING TECHNICAL DIRECTION/CAMERA/VIDEO FOR A SERIES,True,1994
686,Outstanding Individual Performance In A Variety Or Music Program,False,1994
686,OUTSTANDING INDIVIDUAL ACHIEVEMENT IN DIRECTING IN A variety or music program,False,1994
686,OUTSTANDING INDIVIDUAL ACHIEVEMENT IN MAKEUP FOR A SERIES,False,1994
686,"Outstanding Variety, Music Or Comedy Series",False,1994
686,OUTSTANDING TECHNICAL DIRECTION/CAMERA/VIDEO FOR A SERIES,True,1995
686,OUTSTANDING TECHNICAL DIRECTION/CAMERA/VIDEO FOR A SERIES,False,1996
686,Outstanding Hairstyling For A Series,False,1996
686,OUTSTANDING TECHNICAL DIRECTION/CAMERA/VIDEO FOR A SERIES,False,1997
686,OUTSTANDING TECHNICAL DIRECTION/CAMERA/VIDEO FOR A SERIES,False,1998
686,OUTSTANDING TECHNICAL DIRECTION/CAMERA/VIDEO FOR A SERIES,False,1999
686,OUTSTANDING MAKEUP FOR A SERIES,False,1999
686,Outstanding Hairstyling For A Series,False,1999
686,OUTSTANDING DIRECTING FOR A VARIETY OR MUSIC PROGRAM,False,1999
686,OUTSTANDING COSTUME DESIGN FOR A VARIETY OR MUSIC PROGRAM,False,1999
686,"Outstanding Technical Direction, Camerawork, Video For A Series",True,2000
686,Outstanding Hairstyling For A Series,True,2000
686,Outstanding Individual Performance In A Variety Or Music Program,False,2000
686,OUTSTANDING COSTUMES FOR A VARIETY OR MUSIC PROGRAM,False,2000
686,OUTSTANDING COSTUMES FOR A VARIETY OR MUSIC PROGRAM,False,2001
686,"Outstanding Variety, Music Or Comedy Series",False,2001
686,Outstanding Individual Performance In A Variety Or Music Program,False,2001
686,"Outstanding Writing For A Variety, Music Or Comedy Program",False,2001
686,"Outstanding Technical Direction, Camerawork, Video For A Series",False,2001
686,"Outstanding Writing For A Variety, Music Or Comedy Program",True,2002
686,"Outstanding Technical Direction, Camerawork, Video For A Series",True,2002
686,"Outstanding Variety, Music Or Comedy Series",False,2002
686,OUTSTANDING COSTUMES FOR A VARIETY OR MUSIC PROGRAM,False,2002
686,"Outstanding Technical Direction, Camerawork, Video For A Series",True,2003
686,"Outstanding Writing For A Variety, Music Or Comedy Program",False,2003
686,"Outstanding Variety, Music Or Comedy Series",False,2003
686,"Outstanding Directing For A Variety, Music Or Comedy Program",False,2003
686,OUTSTANDING COSTUMES FOR A VARIETY OR MUSIC PROGRAM,False,2003
686,"Outstanding Technical Direction, Camerawork, Video For A Series",True,2004
686,"Outstanding Variety, Music Or Comedy Series",False,2004
686,Outstanding Art Direction For A Variety Music Program Or Special,False,2004
686,Outstanding Hairstyling For A Series,False,2004
686,"Outstanding Technical Direction, Camerawork, Video For A Series",False,2005
686,"Outstanding Technical Direction, Camerawork, Video For A Series",False,2006
686,"Outstanding Directing For A Variety, Music Or Comedy Program",False,2006
686,Outstanding Original Music And Lyrics,True,2007
686,"Outstanding Technical Direction, Camerawork, Video For A Series",True,2007
686,"Outstanding Directing For A Variety, Music Or Comedy Program",False,2007
686,Outstanding Hairstyling For A Multi-camera Series Or A Special,True,2008
686,Outstanding Individual Performance In A Variety Or Music Program,False,2008
686,"Outstanding Variety, Music Or Comedy Series",False,2008
686,"Outstanding Directing For A Variety, Music Or Comedy Program",False,2008
686,"Outstanding Writing For A Variety, Music Or Comedy Program",False,2008
686,Outstanding Supporting Actress In A Comedy Series,False,2008
686,Outstanding Guest Actor In A Comedy Series,True,2009
686,Outstanding Guest Actress In A Comedy Series,True,2009
686,Outstanding Supporting Actress In A Comedy Series,False,2009
686,Outstanding Makeup For A Multi-Camera Series Or Special (Non-Prosthetic),False,2009
686,"Outstanding Lighting Direction (Electronic, Multi-Camera) For Variety, Music Or Comedy Programming",False,2009
686,Outstanding Hairstyling For A Multi-Camera Series Or Special,False,2009
686,Outstanding Original Music And Lyrics,False,2009
686,Outstanding Art Direction For A Multi-Camera Series,False,2009
686,"Outstanding Writing For A Variety, Music Or Comedy Series",False,2009
686,"Outstanding Directing For A Variety, Music Or Comedy Series",False,2009
686,"Outstanding Variety, Music Or Comedy Series",False,2009
686,"Outstanding Technical Direction, Camerawork, Video Control For A Series",False,2009
686,Outstanding Guest Actress In A Comedy Series,True,2010
686,"Outstanding Directing For A Variety, Music Or Comedy Series",True,2010
686,Outstanding Makeup For A Multi-Camera Series Or Special (Non-Prosthetic),True,2010
686,Outstanding Original Music And Lyrics,False,2010
686,"Outstanding Art Direction For Variety, Music Or Nonfiction Programming",False,2010
686,"Outstanding Lighting Direction (Electronic, Multi-Camera) For Variety, Music Or Comedy Programming",False,2010
686,Outstanding Hairstyling For A Multi-Camera Series Or Special,False,2010
686,"Outstanding Technical Direction, Camerawork, Video Control For A Series",False,2010
686,"Outstanding Writing For A Variety, Music Or Comedy Series",False,2010
686,"Outstanding Variety, Music Or Comedy Series",False,2010
686,Outstanding Supporting Actress In A Comedy Series,False,2010
686,Outstanding Original Music And Lyrics,True,2011
686,Outstanding Makeup For A Multi-Camera Series Or Special (Non-Prosthetic),True,2011
686,Outstanding Guest Actor In A Comedy Series,True,2011
686,"Outstanding Directing For A Variety, Music Or Comedy Series",True,2011
686,"Outstanding Technical Direction, Camerawork, Video Control For A Series",False,2011
686,"Outstanding Lighting Design | Lighting Direction For A Variety, Music, Or Comedy Series",False,2011
686,Outstanding Hairstyling For A Multi-Camera Series Or Special,False,2011
686,"Outstanding Writing For A Variety, Music Or Comedy Series",False,2011
686,"Outstanding Variety, Music Or Comedy Series",False,2011
686,"Outstanding Art Direction For Variety, Music Or Nonfiction Programming",False,2011
686,Outstanding Supporting Actress In A Comedy Series,False,2011
686,Outstanding Guest Actress In A Comedy Series,False,2011
686,Outstanding Directing For A Variety Series,True,2012
686,Outstanding Hairstyling For A Multi-Camera Series Or Special,True,2012
686,Outstanding Guest Actor In A Comedy Series,True,2012
686,"Outstanding Technical Direction, Camerawork, Video Control For A Series",True,2012
686,Outstanding Guest Actress In A Comedy Series,False,2012
686,Outstanding Supporting Actor In A Comedy Series,False,2012
686,Outstanding Supporting Actress In A Comedy Series,False,2012
686,Outstanding Writing For A Variety Series,False,2012
686,Outstanding Makeup For A Multi-Camera Series Or Special (Non-Prosthetic),False,2012
686,Outstanding Lighting Design | Lighting Direction For A Variety Series,False,2012
686,Outstanding Original Music And Lyrics,False,2012
686,Outstanding Art Direction For Variety Or Nonfiction Programming,False,2012
686,Outstanding Variety Series,False,2012
686,Outstanding Makeup For A Multi-Camera Series Or Special (Non-Prosthetic),True,2013
686,Outstanding Art Direction For Variety Or Nonfiction Programming,True,2013
686,Outstanding Directing For A Variety Series,True,2013
686,Outstanding Hairstyling For A Multi-Camera Series Or Special,True,2013
686,Outstanding Lighting Design | Lighting Direction For A Variety Series,False,2013
686,Outstanding Variety Series,False,2013
686,Outstanding Writing For A Variety Series,False,2013
686,"Outstanding Technical Direction, Camerawork, Video Control For A Series",False,2013
686,Outstanding Picture Editing For Short-Form Segments And Variety Specials,False,2013
686,"Outstanding Prosthetic Makeup For A Series, Miniseries, Movie Or A Special",False,2013
686,Outstanding Guest Actor In A Comedy Series,False,2013
686,Outstanding Guest Actress In A Comedy Series,False,2013
686,Outstanding Supporting Actor In A Comedy Series,False,2013
686,Outstanding Hairstyling For A Multi-Camera Series Or Special,True,2014
686,Outstanding Makeup For A Multi-Camera Series Or Special (Non-Prosthetic),True,2014
686,Outstanding Guest Actor In A Comedy Series,True,2014
686,Outstanding Directing For A Variety Series,True,2014
686,Outstanding Variety Series,False,2014
686,Outstanding Guest Actress In A Comedy Series,False,2014
686,Outstanding Supporting Actress In A Comedy Series,False,2014
686,"Outstanding Technical Direction, Camerawork, Video Control For A Series",False,2014
686,Outstanding Original Music And Lyrics,False,2014
686,Outstanding Music Direction,False,2014
686,"Outstanding Art Direction For Variety, Nonfiction, Reality or Reality-Competition Programming",False,2014
686,"Outstanding Technical Direction, Camerawork, Video Control For A Series",True,2015
686,Outstanding Hairstyling For A Multi-Camera Series Or Special,True,2015
686,Outstanding Variety Sketch Series,False,2015
686,Outstanding Supporting Actress In A Comedy Series,False,2015
686,Outstanding Stunt Coordination For A Comedy Series Or A Variety Program,False,2015
686,Outstanding Guest Actor In A Comedy Series,False,2015
686,Outstanding Lighting Design | Lighting Direction For A Variety Series,False,2015
686,Outstanding Supporting Actress In A Comedy Series,True,2016
686,Outstanding Hairstyling For A Multi-Camera Series Or Special,True,2016
686,Outstanding Guest Actress In A Comedy Series,True,2016
686,"Outstanding Production Design For A Variety, Nonfiction, Reality or Reality-Competition Series",False,2016
686,Outstanding Lighting Design / Lighting Direction For A Variety Series,False,2016
686,Outstanding Makeup For A Multi-Camera Series Or Special (Non-Prosthetic),False,2016
686,Outstanding Writing For A Variety Series,False,2016
686,Outstanding Variety Sketch Series,False,2016
686,Outstanding Stunt Coordination For A Comedy Series Or Variety Program,False,2016
686,"Outstanding Technical Direction, Camerawork, Video Control For A Series",False,2016
686,Outstanding Guest Actor In A Comedy Series,False,2016
686,Outstanding Directing For A Variety Series,False,2016
686,"Outstanding Costumes For A Variety, Nonfiction Or Reality Program",False,2016
686,Outstanding Variety Sketch Series,True,2017
686,"Outstanding Technical Direction, Camerawork, Video Control for a Series",True,2017
686,Outstanding Supporting Actress In A Comedy Series,True,2017
686,Outstanding Guest Actress in a Comedy Series,True,2017
686,Outstanding Guest Actor in a Comedy Series,True,2017
686,Outstanding Supporting Actor in a Comedy Series,True,2017
686,Hall of Fame,True,2017
686,Outstanding Makeup for a Multi-Camera Series or Special (Non-Prosthetic),True,2017
686,Outstanding Directing for a Variety Series,True,2017
686,"Outstanding Production Design for Variety, Nonfiction, Reality or Reality-Competition Programming",True,2017
686,Outstanding Stunt Coordination for a Comedy Series or a Variety Program,False,2017
686,Outstanding Writing for a Variety Series,False,2017
686,"Outstanding Costumes for Variety, Nonfiction or Reality Programming",False,2017
686,Outstanding Original Music and Lyrics,False,2017
686,Outstanding Hairstyling for a Multi-Camera Series or Special,False,2017
686,Outstanding Picture Editing for Variety Programming,False,2017
686,"Outstanding Prosthetic Makeup for a Series, Limited Series, Movie, or Special",False,2017
686,Outstanding Lighting Design/Lighting Direction for a Variety Series,False,2017
686,Outstanding Lighting Design/Lighting Direction For A Variety Series,True,2018
686,Outstanding Makeup For A Multi-Camera Series Or Special (Non-Prosthetic),True,2018
686,Outstanding Original Music And Lyrics,True,2018
686,Outstanding Guest Actress In A Comedy Series,True,2018
686,Outstanding Variety Sketch Series,True,2018
686,Outstanding Directing For A Variety Series,True,2018
686,"Outstanding Production Design For A Variety, Reality Or Reality-Competition Series",True,2018
686,"Outstanding Technical Direction, Camerawork, Video Control For A Series",True,2018
686,"Outstanding Costumes For Variety, Nonfiction Or Reality Programming",False,2018
686,Outstanding Hairstyling For A Multi-Camera Series Or Special,False,2018
686,Outstanding Supporting Actor In A Comedy Series,False,2018
686,Outstanding Supporting Actress In A Comedy Series,False,2018
686,Outstanding Guest Actor In A Comedy Series,False,2018
686,Outstanding Interactive Program,False,2018
686,Outstanding Stunt Coordination For A Comedy Series Or Variety Program,False,2018
686,Outstanding Writing For A Variety Series,False,2018
686,Outstanding Directing For A Variety Series,True,2019
686,Outstanding Variety Sketch Series,True,2019
686,Outstanding Makeup For A Multi-Camera Series Or Special (Non-Prosthetic),True,2019
686,"Outstanding Production Design For A Variety, Reality Or Competition Series",True,2019
686,Outstanding Lighting Design/Lighting Direction For A Variety Series,True,2019
686,Outstanding Writing For A Variety Series,False,2019
686,"Outstanding Technical Direction, Camerawork, Video Control For A Series",False,2019
686,Outstanding Hairstyling For A Multi-Camera Series Or Special,False,2019
686,"Outstanding Costumes For Variety, Nonfiction Or Reality Programming",False,2019
686,Outstanding Guest Actor In A Comedy Series,False,2019
686,Outstanding Guest Actress In A Comedy Series,False,2019
686,Outstanding Original Music And Lyrics,False,2019
686,Outstanding Music Direction,False,2019
686,Outstanding Supporting Actress In A Comedy Series,False,2019
687,OUTSTANDING DIRECTING IN A DRAMA SERIES,True,1981
687,OUTSTANDING CINEMATOGRAPHY FOR A SERIES,True,1981
687,OUTSTANDING ACHIEVEMENT IN FILM SOUND EDITING,True,1981
687,OUTSTANDING WRITING IN A DRAMA SERIES,True,1981
687,Outstanding Drama Series,True,1981
687,Outstanding Supporting Actor In A Drama Series,True,1981
687,Outstanding Lead Actor In A Drama Series,True,1981
687,Outstanding Lead Actress In A Drama Series,True,1981
687,Outstanding Supporting Actress In A Drama Series,False,1981
687,OUTSTANDING ART DIRECTION FOR A SERIES,False,1981
687,OUTSTANDING ACHIEVEMENT IN MUSIC COMPOSITION FOR A SERIES (dramatic underscore),False,1981
687,OUTSTANDING ACHIEVEMENT IN FILM EDITING FOR A SERIES,False,1981
687,Outstanding Lead Actor In A Drama Series,True,1982
687,Outstanding Drama Series,True,1982
687,Outstanding Supporting Actor In A Drama Series,True,1982
687,OUTSTANDING FILM EDITING FOR A SERIES,True,1982
687,OUTSTANDING ACHIEVEMENT IN FILM SOUND MIXING,True,1982
687,OUTSTANDING WRITING IN A DRAMA SERIES,True,1982
687,OUTSTANDING DIRECTING IN A DRAMA SERIES,False,1982
687,OUTSTANDING ART DIRECTION FOR A SERIES,False,1982
687,Outstanding Supporting Actress In A Drama Series,False,1982
687,Outstanding Lead Actress In A Drama Series,False,1982
687,OUTSTANDING WRITING IN A DRAMA SERIES,True,1983
687,Outstanding Drama Series,True,1983
687,OUTSTANDING FILM SOUND MIXING FOR A SERIES,True,1983
687,OUTSTANDING FILM SOUND EDITING FOR A SERIES,True,1983
687,OUTSTANDING FILM EDITING FOR A SERIES,True,1983
687,OUTSTANDING DIRECTING IN A DRAMA SERIES,True,1983
687,Outstanding Supporting Actor In A Drama Series,False,1983
687,Outstanding Supporting Actress In A Drama Series,False,1983
687,Outstanding Lead Actor In A Drama Series,False,1983
687,Outstanding Lead Actress In A Drama Series,False,1983
687,Outstanding Drama Series,True,1984
687,Outstanding Supporting Actor In A Drama Series,True,1984
687,OUTSTANDING DIRECTING IN A DRAMA SERIES,True,1984
687,OUTSTANDING FILM SOUND MIXING FOR A SERIES,True,1984
687,Outstanding Supporting Actress In A Drama Series,True,1984
687,OUTSTANDING WRITING IN A DRAMA SERIES,False,1984
687,OUTSTANDING FILM SOUND EDITING FOR A SERIES,False,1984
687,OUTSTANDING FILM EDITING FOR A SERIES,False,1984
687,Outstanding Lead Actor In A Drama Series,False,1984
687,Outstanding Lead Actress In A Drama Series,False,1984
687,Outstanding Supporting Actress In A Drama Series,True,1985
687,OUTSTANDING FILM SOUND MIXING FOR A SERIES,False,1985
687,OUTSTANDING DIRECTING IN A DRAMA SERIES,False,1985
687,Outstanding Drama Series,False,1985
687,Outstanding Supporting Actor In A Drama Series,False,1985
687,Outstanding Lead Actor In A Drama Series,False,1985
687,OUTSTANDING WRITING IN A DRAMA SERIES,False,1985
687,Outstanding Lead Actress In A Drama Series,False,1985
687,OUTSTANDING WRITING IN A DRAMA SERIES,False,1986
687,Outstanding Drama Series,False,1986
687,Outstanding Supporting Actor In A Drama Series,False,1986
687,Outstanding Supporting Actress In A Drama Series,False,1986
687,OUTSTANDING SOUND MIXING FOR A DRAMA SERIES,False,1986
687,Outstanding Sound Editing For A Series,False,1986
687,OUTSTANDING DIRECTING IN A DRAMA SERIES,False,1986
687,Outstanding Supporting Actress In A Drama Series,False,1987
687,OUTSTANDING WRITING IN A DRAMA SERIES,False,1987
687,OUTSTANDING SOUND MIXING FOR A DRAMA SERIES,False,1987
